fasta_id	rep_fasta_id
6KN7_EMD-0728_A	9MOD_EMD-48456_A
6KN7_EMD-0728_V	9MOD_EMD-48456_H
6KN8_EMD-0729_V	9MOD_EMD-48456_H
6KN8_EMD-0729_A	9MOD_EMD-48456_A
6L62_EMD-0838_A	6L62_EMD-0838_A
6L6Z_EMD-0840_A	6L6Z_EMD-0840_A
6LGN_EMD-0881_B	6LGN_EMD-0881_B
6LGN_EMD-0881_A	6LGN_EMD-0881_A
6LK8_EMD-0909_I	7TDZ_EMD-25817_A
6LK8_EMD-0909_H	6LK8_EMD-0909_H
6LK8_EMD-0909_F	6LK8_EMD-0909_F
6LK8_EMD-0909_E	6LK8_EMD-0909_E
6LK8_EMD-0909_D	7WB4_EMD-32394_E
6LK8_EMD-0909_C	6LK8_EMD-0909_C
6LK8_EMD-0909_B	6LK8_EMD-0909_B
6LK8_EMD-0909_J	6LK8_EMD-0909_J
6LK8_EMD-0909_A	6LK8_EMD-0909_A
6LM3_EMD-0916_A	6LM3_EMD-0916_A
6LQI_EMD-0946_A	7WLU_EMD-32593_A
6LSY_EMD-0965_A	6LSY_EMD-0965_A
6LT4_EMD-0967_A	6LSY_EMD-0965_A
6M1D_EMD-30041_B	6M1D_EMD-30041_B
6M1D_EMD-30041_A	6M1D_EMD-30041_A
6M5V_EMD-30094_A	6M5V_EMD-30094_A
6M5V_EMD-30094_B	6M5V_EMD-30094_B
6M68_EMD-30116_A	6M68_EMD-30116_A
6M6G_EMD-30123_S	6M6G_EMD-30123_S
6M6G_EMD-30123_F	6M6G_EMD-30123_F
6M6H_EMD-30124_T	6M6H_EMD-30124_T
6M6H_EMD-30124_R	6M6H_EMD-30124_R
6M6H_EMD-30124_H	6M6G_EMD-30123_S
6M6H_EMD-30124_G	6M6H_EMD-30124_G
6M6H_EMD-30124_A	6M6H_EMD-30124_A
6PSN_EMD-20459_A	6PSN_EMD-20459_A
6PV6_EMD-20486_A	6PV6_EMD-20486_A
6PV6_EMD-20486_E	6X36_EMD-22019_A
6Q7L_EMD-4469_V	6Q7L_EMD-4469_U
6Q7L_EMD-4469_U	6Q7L_EMD-4469_U
6Q7L_EMD-4469_A	6Q7L_EMD-4469_A
6Q7M_EMD-4470_A	6Q7L_EMD-4469_A
6Q7M_EMD-4470_U	6Q7L_EMD-4469_U
6ROW_EMD-4975_G	6ROW_EMD-4975_G
6ROW_EMD-4975_E	6ROW_EMD-4975_E
6ROW_EMD-4975_A	6ROW_EMD-4975_A
6RRT_EMD-4990_A	6RRT_EMD-4990_A
6S2F_EMD-10089_D	6S2F_EMD-10089_D
6S2F_EMD-10089_B	6S2F_EMD-10089_B
6S2F_EMD-10089_A	6S2F_EMD-10089_A
6SB5_EMD-10135_A	6SB5_EMD-10135_A
6SH5_EMD-10194_A	6SH5_EMD-10194_A
6SIH_EMD-10210_A	6SIH_EMD-10210_A
6SKM_EMD-10228_A	6SKM_EMD-10228_A
6SKN_EMD-10229_A	6SKM_EMD-10228_A
6SLU_EMD-10240_A	6SKM_EMD-10228_A
6SMU_EMD-10246_A	6SKM_EMD-10228_A
6SMX_EMD-10247_A	7NBX_EMD-12262_A
6SMX_EMD-10247_B	7NBX_EMD-12262_B
6SMX_EMD-10247_E	7NBX_EMD-12262_E
6SO3_EMD-7029_A	6SO3_EMD-7029_A
6SO3_EMD-7029_B	6SO3_EMD-7029_B
6SO3_EMD-7029_C	6SO3_EMD-7029_C
6SZA_EMD-10351_A	6Q7L_EMD-4469_U
6SZB_EMD-10352_A	6Q7L_EMD-4469_U
6T6V_EMD-10387_A	6T6V_EMD-10387_A
6TA4_EMD-10422_B	8VRJ_EMD-43482_A
6TA4_EMD-10422_A	8VRJ_EMD-43482_B
6TGB_EMD-10497_B	8ZJM_EMD-60150_A
6TML_EMD-10525_AC	6TML_EMD-10525_AC
6TML_EMD-10525_AI	6TML_EMD-10525_AI
6TML_EMD-10525_AB	6TML_EMD-10525_AB
6TMW_EMD-10529_A	6TMW_EMD-10529_A
6TMX_EMD-10530_A	6TMW_EMD-10529_A
6TY3_EMD-10615_A	6TY3_EMD-10615_A
6TY4_EMD-10616_A	6TY3_EMD-10615_A
6U68_EMD-20662_A	6U68_EMD-20662_A
6U6E_EMD-20664_A	6U68_EMD-20662_A
6U6H_EMD-20665_A	6U68_EMD-20662_A
6UBY_EMD-20721_A	9MOD_EMD-48456_A
6UBY_EMD-20721_I	6UBY_EMD-20721_I
6UC0_EMD-20724_A	9MOD_EMD-48456_A
6UVT_EMD-20916_A	6UVT_EMD-20916_A
6UX7_EMD-20930_A	6U68_EMD-20662_A
6UXA_EMD-20931_A	6U68_EMD-20662_A
6UXB_EMD-20932_A	6U68_EMD-20662_A
6UXV_EMD-20933_H	6UXV_EMD-20933_H
6UXV_EMD-20933_D	6UXV_EMD-20933_D
6UXV_EMD-20933_C	6UXV_EMD-20933_C
6UXV_EMD-20933_B	6UXV_EMD-20933_B
6UZC_EMD-20956_A	6UZC_EMD-20956_A
6V86_EMD-21096_A	6V86_EMD-21096_A
6VAB_EMD-21135_A	6VAB_EMD-21135_A
6VAC_EMD-21136_C	6VAB_EMD-21135_A
6VAC_EMD-21136_B	7U6F_EMD-24964_B
6VE4_EMD-21154_A	6VE4_EMD-21154_A
6VEJ_EMD-21363_A	6VEJ_EMD-21363_A
6VFJ_EMD-21174_A	6VFJ_EMD-21174_A
6VM1_EMD-21235_D	6VM1_EMD-21235_D
6VM1_EMD-21235_A	6VM1_EMD-21235_A
6VM4_EMD-21238_D	6VM1_EMD-21235_D
6VM4_EMD-21238_A	6VM1_EMD-21235_A
6VMB_EMD-21239_A	6VM1_EMD-21235_A
6VMB_EMD-21239_D	6VM1_EMD-21235_D
6VMD_EMD-21240_A	6VM1_EMD-21235_A
6VMD_EMD-21240_D	6VM1_EMD-21235_D
6VMG_EMD-21241_F	6VMG_EMD-21241_F
6VMG_EMD-21241_E	6VMG_EMD-21241_E
6VMG_EMD-21241_D	6VMG_EMD-21241_D
6VMG_EMD-21241_C	6VMG_EMD-21241_C
6VMG_EMD-21241_B	6VMG_EMD-21241_B
6VMG_EMD-21241_A	6VMG_EMD-21241_A
6VOF_EMD-21262_D	6VM1_EMD-21235_D
6VOF_EMD-21262_A	6VM1_EMD-21235_A
6VWS_EMD-21423_A	6SKM_EMD-10228_A
6VY0_EMD-21454_A	6VY0_EMD-21454_A
6VY1_EMD-21455_A	6VY1_EMD-21455_A
6VYV_EMD-21473_J	6VYV_EMD-21473_J
6VYV_EMD-21473_I	6VYV_EMD-21473_I
6VYV_EMD-21473_E	6VYV_EMD-21473_E
6VYV_EMD-21473_A	6VYV_EMD-21473_A
6W09_EMD-21496_Q	6W09_EMD-21496_Q
6W09_EMD-21496_J	6VYV_EMD-21473_J
6W09_EMD-21496_I	6VYV_EMD-21473_I
6W09_EMD-21496_E	6W09_EMD-21496_E
6W09_EMD-21496_A	6W09_EMD-21496_A
6W19_EMD-21504_A	6W19_EMD-21504_A
6W1C_EMD-21509_J	6VYV_EMD-21473_J
6W1C_EMD-21509_I	6VYV_EMD-21473_I
6W1C_EMD-21509_E	6W2U_EMD-21532_E
6W1C_EMD-21509_A	6W1C_EMD-21509_A
6W2U_EMD-21532_E	6W2U_EMD-21532_E
6W2U_EMD-21532_A	6W1C_EMD-21509_A
6W4O_EMD-21535_M	6W4O_EMD-21535_M
6W4O_EMD-21535_A	6W4O_EMD-21535_M
6W4P_EMD-21536_M	6W4O_EMD-21535_M
6W4P_EMD-21536_A	6W4O_EMD-21535_M
6WBK_EMD-21591_A	6M68_EMD-30116_A
6WBL_EMD-21592_A	6M68_EMD-30116_A
6WC7_EMD-21602_A	6WC7_EMD-21602_A
6WJD_EMD-21691_I	6WJD_EMD-21691_I
6WJD_EMD-21691_H	7QY7_EMD-14209_B
6WJD_EMD-21691_G	7QYA_EMD-14210_A
6WJD_EMD-21691_F	7QY7_EMD-14209_L
6WJD_EMD-21691_E	7QY7_EMD-14209_K
6WJD_EMD-21691_D	7QY7_EMD-14209_J
6WJD_EMD-21691_C	7QYA_EMD-14210_I
6WJD_EMD-21691_Z	7E55_EMD-30990_A
6WJD_EMD-21691_Y	6WJD_EMD-21691_Y
6WJD_EMD-21691_X	7QYA_EMD-14210_W
6WJD_EMD-21691_W	7QYA_EMD-14210_V
6WJD_EMD-21691_V	7QYA_EMD-14210_U
6WJD_EMD-21691_U	7QY7_EMD-14209_T
6WJD_EMD-21691_T	7QY7_EMD-14209_S
6WJD_EMD-21691_B	6WJD_EMD-21691_B
6WJD_EMD-21691_S	7QO4_EMD-14083_I
6WJD_EMD-21691_R	7QY7_EMD-14209_R
6WJD_EMD-21691_Q	7QY7_EMD-14209_Q
6WJD_EMD-21691_P	7QY7_EMD-14209_P
6WJD_EMD-21691_O	7QYA_EMD-14210_O
6WJD_EMD-21691_N	7QY7_EMD-14209_N
6WJD_EMD-21691_M	7QY7_EMD-14209_M
6WJD_EMD-21691_L	6WJD_EMD-21691_L
6WJD_EMD-21691_K	6WJD_EMD-21691_K
6WJD_EMD-21691_J	6WJD_EMD-21691_J
6WJD_EMD-21691_A	6WJD_EMD-21691_A
6WJF_EMD-21692_C	6WJF_EMD-21692_C
6WJF_EMD-21692_A	6WJF_EMD-21692_A
6WJG_EMD-21693_C	6WJF_EMD-21692_C
6WJG_EMD-21693_A	6WJF_EMD-21692_A
6WJN_EMD-21696_I	6WJD_EMD-21691_I
6WJN_EMD-21696_H	7QY7_EMD-14209_B
6WJN_EMD-21696_G	7QYA_EMD-14210_A
6WJN_EMD-21696_F	7QY7_EMD-14209_L
6WJN_EMD-21696_E	7QY7_EMD-14209_K
6WJN_EMD-21696_D	7QY7_EMD-14209_J
6WJN_EMD-21696_C	7QYA_EMD-14210_I
6WJN_EMD-21696_Y	6WJN_EMD-21696_Y
6WJN_EMD-21696_X	6WJN_EMD-21696_X
6WJN_EMD-21696_W	6WJN_EMD-21696_W
6WJN_EMD-21696_V	6WJN_EMD-21696_V
6WJN_EMD-21696_U	6WJN_EMD-21696_U
6WJN_EMD-21696_T	6WJN_EMD-21696_T
6WJN_EMD-21696_B	6WJD_EMD-21691_B
6WJN_EMD-21696_S	7QYA_EMD-14210_Z
6WJN_EMD-21696_R	7E55_EMD-30990_A
6WJN_EMD-21696_Q	6WJD_EMD-21691_Y
6WJN_EMD-21696_P	7QYA_EMD-14210_W
6WJN_EMD-21696_O	7QYA_EMD-14210_V
6WJN_EMD-21696_N	7QYA_EMD-14210_U
6WJN_EMD-21696_M	7QY7_EMD-14209_T
6WJN_EMD-21696_L	7QY7_EMD-14209_S
6WJN_EMD-21696_K	6WJD_EMD-21691_K
6WJN_EMD-21696_J	6WJD_EMD-21691_J
6WJN_EMD-21696_A	6WJD_EMD-21691_A
6WKK_EMD-21695_G	6WKK_EMD-21695_G
6WKK_EMD-21695_A	6WKK_EMD-21695_A
6WOV_EMD-21862_A	6WOV_EMD-21862_A
6WOV_EMD-21862_E	6X36_EMD-22019_A
6X34_EMD-22017_B	6X34_EMD-22017_B
6X34_EMD-22017_A	6X36_EMD-22019_A
6X36_EMD-22019_B	6X36_EMD-22019_B
6X36_EMD-22019_A	6X36_EMD-22019_A
6XE6_EMD-22144_A	6XE6_EMD-22144_A
6XF8_EMD-22166_I	6XF8_EMD-22166_I
6XF8_EMD-22166_G	6XF8_EMD-22166_G
6XF8_EMD-22166_F	6XF8_EMD-22166_F
6XF8_EMD-22166_B	6XF8_EMD-22166_B
6XF8_EMD-22166_A	6ZTZ_EMD-22166_D
6XJX_EMD-22216_B	6XJX_EMD-22216_B
6XKW_EMD-22227_E	6XKW_EMD-22227_E
6XKW_EMD-22227_D	6XKW_EMD-22227_D
6XOW_EMD-22282_A	6XOW_EMD-22282_A
6XPF_EMD-22287_A	6XPF_EMD-22287_A
6XRE_EMD-22294_I	6XRE_EMD-22294_I
6XRE_EMD-22294_H	6XRE_EMD-22294_H
6XRE_EMD-22294_G	6XRE_EMD-22294_G
6XRE_EMD-22294_F	6XRE_EMD-22294_F
6XRE_EMD-22294_E	6XRE_EMD-22294_E
6XRE_EMD-22294_D	6XRE_EMD-22294_D
6XRE_EMD-22294_C	6XRE_EMD-22294_C
6XRE_EMD-22294_B	6XRE_EMD-22294_B
6XRE_EMD-22294_M	6XRE_EMD-22294_M
6XRE_EMD-22294_L	6XRE_EMD-22294_L
6XRE_EMD-22294_K	6XRE_EMD-22294_K
6XRE_EMD-22294_A	6XRE_EMD-22294_A
6XTY_EMD-10621_H	6XTY_EMD-10621_H
6XTY_EMD-10621_G	6XTY_EMD-10621_G
6XTY_EMD-10621_F	6XTY_EMD-10621_F
6XTY_EMD-10621_E	6XTY_EMD-10621_E
6XTY_EMD-10621_D	6XTY_EMD-10621_D
6XTY_EMD-10621_C	6XTY_EMD-10621_C
6XTY_EMD-10621_B	6XTY_EMD-10621_B
6XTY_EMD-10621_A	6XTY_EMD-10621_A
6Y92_EMD-10732_C	6Y92_EMD-10732_C
6Y92_EMD-10732_B	6Y92_EMD-10732_B
6Y92_EMD-10732_A	6Y92_EMD-10732_A
6Y9V_EMD-10738_G	6Y9V_EMD-10738_G
6Y9V_EMD-10738_A	6SKM_EMD-10228_A
6Y9Y_EMD-10741_G	6Y9V_EMD-10738_G
6Y9Y_EMD-10741_A	6SKM_EMD-10228_A
6Y9Z_EMD-10742_G	6Y9V_EMD-10738_G
6Y9Z_EMD-10742_A	6SKM_EMD-10228_A
6YRG_EMD-10889_A	6YRG_EMD-10889_A
6YVD_EMD-10944_D	6YVD_EMD-10944_D
6YVD_EMD-10944_C	6YVU_EMD-10951_A
6YVD_EMD-10944_B	6YVD_EMD-10944_B
6YVD_EMD-10944_A	6YVD_EMD-10944_A
6YVU_EMD-10951_C	6YVD_EMD-10944_A
6YVU_EMD-10951_B	6YVD_EMD-10944_D
6YVU_EMD-10951_A	6YVU_EMD-10951_A
6YVV_EMD-10952_C	6YVD_EMD-10944_A
6YVV_EMD-10952_B	6YVD_EMD-10944_D
6YVV_EMD-10952_A	6YVU_EMD-10951_A
6Z05_EMD-11003_A	6Z05_EMD-11003_A
6Z12_EMD-4460_A	6Z12_EMD-4460_A
6Z2K_EMD-11042_I	6Z2K_EMD-11042_I
6Z2K_EMD-11042_E	6Z2K_EMD-11042_E
6Z3W_EMD-11058_I	6Z3W_EMD-11058_I
6Z3W_EMD-11058_H	6Z3W_EMD-11058_H
6Z3W_EMD-11058_G	6Z3W_EMD-11058_G
6Z47_EMD-11069_E	6Z47_EMD-11069_E
6Z47_EMD-11069_C	6Z47_EMD-11069_C
6Z47_EMD-11069_A	6Z47_EMD-11069_A
6ZD0_EMD-11172_B	6ZD0_EMD-11172_B
6ZD0_EMD-11172_A	6ZD0_EMD-11172_A
6ZDG_EMD-11173_C	7V6O_EMD-31744_D
6ZDG_EMD-11173_B	7U0D_EMD-26256_B
6ZDG_EMD-11173_A	7XXL_EMD-33506_C
6ZDJ_EMD-11176_G	6Y9V_EMD-10738_G
6ZDJ_EMD-11176_A	6SKM_EMD-10228_A
6ZGA_EMD-11199_G	6ZGA_EMD-11199_C
6ZGA_EMD-11199_C	6ZGA_EMD-11199_C
6ZGA_EMD-11199_B	6ZGA_EMD-11199_B
6ZGA_EMD-11199_A	6ZGA_EMD-11199_A
6ZGH_EMD-11206_A	8WTJ_EMD-37835_A
6ZIU_EMD-11230_C	6ZIU_EMD-11230_C
6ZJN_EMD-11237_H	6ZJN_EMD-11237_H
6ZJN_EMD-11237_N	6ZJN_EMD-11237_N
6ZJN_EMD-11237_M	6ZJN_EMD-11237_M
6ZJN_EMD-11237_L	6ZJN_EMD-11237_L
6ZJN_EMD-11237_K	6ZJN_EMD-11237_K
6ZJN_EMD-11237_J	6ZJN_EMD-11237_J
6ZJY_EMD-11238_H	6ZJN_EMD-11237_H
6ZJY_EMD-11238_N	6ZJN_EMD-11237_N
6ZJY_EMD-11238_M	6ZJN_EMD-11237_M
6ZJY_EMD-11238_L	6ZJN_EMD-11237_L
6ZJY_EMD-11238_J	6ZJN_EMD-11237_J
6ZM1_EMD-11277_B	6ZM1_EMD-11277_B
6ZM1_EMD-11277_A	6ZM1_EMD-11277_A
6ZNN_EMD-11318_I	6ZNN_EMD-11318_I
6ZNN_EMD-11318_H	6ZNN_EMD-11318_H
6ZNO_EMD-11319_G	6ZNN_EMD-11318_I
6ZNO_EMD-11319_H	6ZNO_EMD-11319_H
6ZPH_EMD-11339_B	6ZPH_EMD-11339_B
6ZPI_EMD-11340_C	8VRJ_EMD-43482_B
6ZPI_EMD-11340_B	8VRJ_EMD-43482_A
6ZPI_EMD-11340_A	6ZPH_EMD-11339_B
6ZQW_EMD-11372_B	6ZQW_EMD-11372_B
6ZQW_EMD-11372_A	6ZQW_EMD-11372_A
6ZTS_EMD-22165_A	6XF8_EMD-22166_G
6ZTZ_EMD-22166_B	6XF8_EMD-22166_G
6ZTZ_EMD-22166_D	6ZTZ_EMD-22166_D
6ZTZ_EMD-22166_C	6XF8_EMD-22166_F
7A93_EMD-11683_A	8WTJ_EMD-37835_A
7A96_EMD-11686_D	6M1D_EMD-30041_B
7A96_EMD-11686_A	8WTJ_EMD-37835_A
7A98_EMD-11688_B	6M1D_EMD-30041_B
7A98_EMD-11688_A	8WTJ_EMD-37835_A
7AL3_EMD-11815_B	7AL3_EMD-11815_B
7AL3_EMD-11815_C	7AL3_EMD-11815_C
7AL3_EMD-11815_A	7AL3_EMD-11815_A
7AO8_EMD-11837_D	7AO8_EMD-11837_D
7AO8_EMD-11837_B	7AO8_EMD-11837_B
7AO8_EMD-11837_A	7AO8_EMD-11837_A
7AO9_EMD-11838_C	7AO8_EMD-11837_D
7AO9_EMD-11838_B	7AO8_EMD-11837_B
7AO9_EMD-11838_A	7AO8_EMD-11837_A
7AOD_EMD-11841_I	7AOD_EMD-11841_I
7AOD_EMD-11841_H	7AOD_EMD-11841_H
7AOD_EMD-11841_G	7AOD_EMD-11841_G
7AOD_EMD-11841_F	7AOD_EMD-11841_F
7AOD_EMD-11841_E	7AOD_EMD-11841_E
7AOD_EMD-11841_C	7AOD_EMD-11841_C
7AOD_EMD-11841_B	7AOD_EMD-11841_B
7AOD_EMD-11841_L	7AOD_EMD-11841_L
7AOD_EMD-11841_K	7AOD_EMD-11841_K
7AOD_EMD-11841_J	7AOD_EMD-11841_J
7AOD_EMD-11841_A	7AOD_EMD-11841_A
7AQO_EMD-11871_J	7AQO_EMD-11871_J
7AQO_EMD-11871_C	7AQO_EMD-11871_C
7AQO_EMD-11871_A	7AQO_EMD-11871_A
7ATA_EMD-11911_A	8A6J_EMD-15209_A
7B6H_EMD-12054_A	7B6H_EMD-12054_A
7B6R_EMD-12056_J	7B6R_EMD-12056_J
7B6R_EMD-12056_H	7B6R_EMD-12056_H
7B6R_EMD-12056_G	7B6R_EMD-12056_G
7B6R_EMD-12056_F	7B6R_EMD-12056_F
7B6R_EMD-12056_E	7B6R_EMD-12056_E
7B6R_EMD-12056_D	7B6R_EMD-12056_D
7B6R_EMD-12056_C	7B6R_EMD-12056_C
7B6R_EMD-12056_B	7B6H_EMD-12054_A
7B6Z_EMD-12060_A	7B6H_EMD-12054_A
7BGJ_EMD-12181_A	7BGJ_EMD-12181_A
7BQT_EMD-30155_A	7BQT_EMD-30155_A
7BTR_EMD-30183_D	7BTR_EMD-30183_D
7BTR_EMD-30183_C	7BTR_EMD-30183_C
7BTR_EMD-30183_B	7BTR_EMD-30183_B
7BTR_EMD-30183_A	7BTR_EMD-30183_A
7BUA_EMD-30193_H	7BUA_EMD-30193_H
7BUA_EMD-30193_G	7BUA_EMD-30193_G
7BUA_EMD-30193_C	7BUA_EMD-30193_C
7BUA_EMD-30193_A	7BUA_EMD-30193_A
7BWA_EMD-30231_C	7BWA_EMD-30231_C
7BWA_EMD-30231_A	7PG0_EMD-13385_A
7BZW_EMD-30261_A	7BZW_EMD-30261_A
7CA3_EMD-30323_B	7CA3_EMD-30323_B
7CA3_EMD-30323_A	7CA3_EMD-30323_A
7CA5_EMD-30324_B	7CA3_EMD-30323_B
7CA5_EMD-30324_A	7CA3_EMD-30323_A
7CCS_EMD-30341_B	7CCS_EMD-30341_B
7CCS_EMD-30341_A	7CCS_EMD-30341_A
7CF9_EMD-30343_B	6X36_EMD-22019_A
7CG3_EMD-30349_A	7CG3_EMD-30349_A
7CTF_EMD-30463_E	7CTF_EMD-30463_E
7CTF_EMD-30463_D	7CTF_EMD-30463_D
7CTF_EMD-30463_C	7CTF_EMD-30463_C
7CTF_EMD-30463_B	7CTF_EMD-30463_B
7CTF_EMD-30463_A	7CTF_EMD-30463_A
7CTG_EMD-30464_E	7CTF_EMD-30463_E
7CTG_EMD-30464_D	7CTF_EMD-30463_D
7CTG_EMD-30464_C	7CTF_EMD-30463_C
7CTG_EMD-30464_B	7CTF_EMD-30463_B
7CTG_EMD-30464_A	7CTF_EMD-30463_A
7D7N_EMD-30609_A	7D7N_EMD-30609_A
7DCX_EMD-30641_E	7DCX_EMD-30641_E
7DCX_EMD-30641_C	8WTJ_EMD-37835_A
7DCX_EMD-30641_A	7DCX_EMD-30641_A
7DD2_EMD-30642_D	7DCX_EMD-30641_E
7DD2_EMD-30642_C	7DCX_EMD-30641_A
7DD2_EMD-30642_A	8WTJ_EMD-37835_A
7DD8_EMD-30649_C	8WTJ_EMD-37835_A
7DD8_EMD-30649_B	7DCX_EMD-30641_E
7DD8_EMD-30649_A	7DCX_EMD-30641_A
7DDN_EMD-30654_A	8WTJ_EMD-37835_A
7DGQ_EMD-30673_I	8IC2_EMD-35352_F
7DGQ_EMD-30673_JB	8UGR_EMD-42233_GB
7DGQ_EMD-30673_IB	7DGQ_EMD-30673_IB
7DGQ_EMD-30673_IA	7DGQ_EMD-30673_IA
7DGQ_EMD-30673_AA	7DGQ_EMD-30673_AA
7DGQ_EMD-30673_X	7DGQ_EMD-30673_X
7DGQ_EMD-30673_W	8IC2_EMD-35352_G
7DGQ_EMD-30673_O	7DGQ_EMD-30673_O
7DGQ_EMD-30673_K	7DGQ_EMD-30673_K
7DGQ_EMD-30673_J	7DGQ_EMD-30673_J
7DGR_EMD-30674_I	8IC2_EMD-35352_F
7DGR_EMD-30674_UB	7DGQ_EMD-30673_O
7DGR_EMD-30674_TB	7DGR_EMD-30674_TB
7DGR_EMD-30674_SB	7DGR_EMD-30674_SB
7DGR_EMD-30674_RB	7DGR_EMD-30674_RB
7DGR_EMD-30674_IB	8UGR_EMD-42233_AE
7DGR_EMD-30674_AA	7DGR_EMD-30674_AA
7DGR_EMD-30674_T	8UGR_EMD-42233_S
7DGR_EMD-30674_J	8IC2_EMD-35352_G
7DGR_EMD-30674_A	8UGR_EMD-42233_E
7DGS_EMD-30675_UB	7DGQ_EMD-30673_O
7DGS_EMD-30675_TB	7DGR_EMD-30674_TB
7DGS_EMD-30675_SB	7DGR_EMD-30674_SB
7DGS_EMD-30675_IB	8UGR_EMD-42233_AE
7DGS_EMD-30675_HB	8UGR_EMD-42233_GB
7DGS_EMD-30675_AA	7DGR_EMD-30674_AA
7DGS_EMD-30675_U	7DGS_EMD-30675_U
7DGS_EMD-30675_T	8UGR_EMD-42233_S
7DGS_EMD-30675_J	8IC2_EMD-35352_G
7DGS_EMD-30675_A	8UGR_EMD-42233_E
7DK3_EMD-30701_A	8WTJ_EMD-37835_A
7DNK_EMD-30786_C	7DNK_EMD-30786_C
7DNK_EMD-30786_B	7DNK_EMD-30786_B
7DNK_EMD-30786_A	7DNK_EMD-30786_A
7E55_EMD-30990_A	7E55_EMD-30990_A
7E6U_EMD-30997_B	7E6U_EMD-30997_B
7E6U_EMD-30997_A	7SIN_EMD-25145_A
7E81_EMD-31007_A	7E81_EMD-31007_A
7E8H_EMD-31019_E	7E8H_EMD-31019_E
7E8H_EMD-31019_D	7E8H_EMD-31019_D
7E8H_EMD-31019_C	7E8H_EMD-31019_E
7E8H_EMD-31019_B	7E8H_EMD-31019_B
7E8H_EMD-31019_A	7E8H_EMD-31019_B
7E93_EMD-31027_A	7E93_EMD-31027_A
7E93_EMD-31027_B	7E93_EMD-31027_B
7E93_EMD-31027_C	7E93_EMD-31027_C
7E93_EMD-31027_E	7E93_EMD-31027_E
7E93_EMD-31027_G	7E93_EMD-31027_G
7E93_EMD-31027_H	7E93_EMD-31027_H
7E93_EMD-31027_I	7E93_EMD-31027_I
7E93_EMD-31027_J	7E93_EMD-31027_J
7E93_EMD-31027_K	7E93_EMD-31027_K
7E93_EMD-31027_D	7E93_EMD-31027_D
7E94_EMD-31028_J	7E93_EMD-31027_J
7E94_EMD-31028_I	7E93_EMD-31027_I
7E94_EMD-31028_H	7E93_EMD-31027_H
7E94_EMD-31028_G	7E93_EMD-31027_G
7E94_EMD-31028_E	7E93_EMD-31027_E
7E94_EMD-31028_D	7E93_EMD-31027_D
7E94_EMD-31028_C	7E93_EMD-31027_C
7E94_EMD-31028_B	7E93_EMD-31027_B
7E94_EMD-31028_K	7E93_EMD-31027_K
7E94_EMD-31028_A	7E93_EMD-31027_A
7ETM_EMD-31299_A	7ETM_EMD-31299_A
7EWR_EMD-31363_B	7EWR_EMD-31363_B
7EWR_EMD-31363_C	7EWR_EMD-31363_C
7EWR_EMD-31363_A	7EWR_EMD-31363_A
7EYE_EMD-31382_A	7EYQ_EMD-31384_A
7EYQ_EMD-31384_A	7EYQ_EMD-31384_A
7F46_EMD-31444_C	7F46_EMD-31444_C
7F9O_EMD-31498_F	7F9O_EMD-31498_F
7F9O_EMD-31498_E	7F9O_EMD-31498_E
7F9O_EMD-31498_D	7F9O_EMD-31498_D
7F9O_EMD-31498_C	7F9O_EMD-31498_C
7F9O_EMD-31498_Y	7F9O_EMD-31498_Y
7F9O_EMD-31498_X	7F9O_EMD-31498_X
7F9O_EMD-31498_V	7F9O_EMD-31498_V
7F9O_EMD-31498_U	7F9O_EMD-31498_U
7F9O_EMD-31498_T	7F9O_EMD-31498_T
7F9O_EMD-31498_B	7F9O_EMD-31498_B
7F9O_EMD-31498_S	7F9O_EMD-31498_S
7F9O_EMD-31498_Q	7F9O_EMD-31498_Q
7F9O_EMD-31498_P	7F9O_EMD-31498_P
7F9O_EMD-31498_O	7F9O_EMD-31498_O
7F9O_EMD-31498_M	7F9O_EMD-31498_M
7F9O_EMD-31498_L	7F9O_EMD-31498_L
7F9O_EMD-31498_K	7F9O_EMD-31498_K
7F9O_EMD-31498_J	7F9O_EMD-31498_J
7F9O_EMD-31498_A	7F9O_EMD-31498_A
7FDB_EMD-31539_Q	7FDB_EMD-31539_Q
7FDB_EMD-31539_O	7FDC_EMD-31540_O
7FDB_EMD-31539_N	7FDC_EMD-31540_N
7FDB_EMD-31539_M	7FDC_EMD-31540_M
7FDB_EMD-31539_G	7FDC_EMD-31540_G
7FDB_EMD-31539_B	7FDC_EMD-31540_B
7FDB_EMD-31539_A	7FDC_EMD-31540_A
7FDC_EMD-31540_Q	7FDB_EMD-31539_Q
7FDC_EMD-31540_O	7FDC_EMD-31540_O
7FDC_EMD-31540_N	7FDC_EMD-31540_N
7FDC_EMD-31540_M	7FDC_EMD-31540_M
7FDC_EMD-31540_G	7FDC_EMD-31540_G
7FDC_EMD-31540_B	7FDC_EMD-31540_B
7FDC_EMD-31540_A	7FDC_EMD-31540_A
7FG7_EMD-31578_A	8WTJ_EMD-37835_A
7FIF_EMD-31595_A	7FIF_EMD-31595_A
7FJ3_EMD-31612_F	7FJ3_EMD-31612_F
7FJ3_EMD-31612_A	7FJ3_EMD-31612_A
7JGF_EMD-22325_A	7JGF_EMD-22325_A
7JGJ_EMD-22328_A	7JGJ_EMD-22328_A
7JLX_EMD-22383_A	7JLX_EMD-22383_A
7JMF_EMD-22392_B	6PV6_EMD-20486_A
7JMF_EMD-22392_A	6X36_EMD-22019_A
7JMG_EMD-22393_A	6PV6_EMD-20486_A
7JMG_EMD-22393_E	6X36_EMD-22019_A
7JMH_EMD-22394_B	6PV6_EMD-20486_A
7JMH_EMD-22394_A	6X36_EMD-22019_A
7JMI_EMD-22395_B	6PV6_EMD-20486_A
7JMI_EMD-22395_A	6X36_EMD-22019_A
7JMJ_EMD-22396_B	6PV6_EMD-20486_A
7JMJ_EMD-22396_A	6X36_EMD-22019_A
7JPU_EMD-22423_A	7JPU_EMD-22423_A
7JTI_EMD-22474_D	7JTI_EMD-22474_D
7JTI_EMD-22474_C	7JTI_EMD-22474_C
7JTI_EMD-22474_B	7JTI_EMD-22474_B
7JTI_EMD-22474_A	6VYV_EMD-21473_J
7K08_EMD-22589_A	7K08_EMD-22589_A
7K1V_EMD-22630_A	7K1V_EMD-22630_A
7K2V_EMD-22647_A	7K2V_EMD-22647_A
7K5B_EMD-22679_I	7MOQ_EMD-23926_I
7K5B_EMD-22679_H	7MOQ_EMD-23926_H
7K5B_EMD-22679_G	7MOQ_EMD-23926_G
7K5B_EMD-22679_F	7MOQ_EMD-23926_F
7K5B_EMD-22679_E	7KEK_EMD-22840_K
7K5B_EMD-22679_D	7MOQ_EMD-23926_D
7K5B_EMD-22679_C	7MOQ_EMD-23926_A
7K5B_EMD-22679_B	7KEK_EMD-22840_D
7K5B_EMD-22679_R	7K5B_EMD-22679_R
7K5B_EMD-22679_Q	7KEK_EMD-22840_C
7K5B_EMD-22679_P	7KEK_EMD-22840_M
7K5B_EMD-22679_O	7KEK_EMD-22840_J
7K5B_EMD-22679_N	7KEK_EMD-22840_I
7K5B_EMD-22679_M	7K5B_EMD-22679_M
7K5B_EMD-22679_L	7K5B_EMD-22679_L
7K5B_EMD-22679_K	7MOQ_EMD-23926_J
7K5B_EMD-22679_J	7MOQ_EMD-23926_K
7K5B_EMD-22679_A	7KEK_EMD-22840_A
7K9L_EMD-22754_A	7K9L_EMD-22754_A
7KEK_EMD-22840_I	7KEK_EMD-22840_I
7KEK_EMD-22840_H	7MOQ_EMD-23926_F
7KEK_EMD-22840_G	7MOQ_EMD-23926_G
7KEK_EMD-22840_F	7MOQ_EMD-23926_H
7KEK_EMD-22840_E	7MOQ_EMD-23926_I
7KEK_EMD-22840_D	7KEK_EMD-22840_D
7KEK_EMD-22840_C	7KEK_EMD-22840_C
7KEK_EMD-22840_B	7MOQ_EMD-23926_A
7KEK_EMD-22840_Q	7K5B_EMD-22679_M
7KEK_EMD-22840_P	7MOQ_EMD-23926_K
7KEK_EMD-22840_O	7MOQ_EMD-23926_J
7KEK_EMD-22840_N	7K5B_EMD-22679_L
7KEK_EMD-22840_M	7KEK_EMD-22840_M
7KEK_EMD-22840_L	7MOQ_EMD-23926_D
7KEK_EMD-22840_K	7KEK_EMD-22840_K
7KEK_EMD-22840_J	7KEK_EMD-22840_J
7KEK_EMD-22840_A	7KEK_EMD-22840_A
7KO4_EMD-22964_V	9MOD_EMD-48456_H
7KO4_EMD-22964_A	9MOD_EMD-48456_A
7KO5_EMD-22965_V	9MOD_EMD-48456_H
7KO5_EMD-22965_A	9MOD_EMD-48456_A
7KOR_EMD-22981_V	9MOD_EMD-48456_H
7KOR_EMD-22981_A	9MOD_EMD-48456_A
7KS0_EMD-23014_B	7KS0_EMD-23014_B
7KS0_EMD-23014_A	7KS0_EMD-23014_A
7KS3_EMD-23015_B	7KS0_EMD-23014_B
7KS3_EMD-23015_A	7KS0_EMD-23014_A
7KTP_EMD-23025_D	7KTP_EMD-23025_D
7KTP_EMD-23025_C	7KTP_EMD-23025_C
7KTP_EMD-23025_B	7KTP_EMD-23025_B
7KTP_EMD-23025_A	7KTP_EMD-23025_A
7KTV_EMD-23031_A	7KTV_EMD-23031_A
7KVC_EMD-23046_A	7KVC_EMD-23046_A
7KVD_EMD-23047_A	7KVC_EMD-23046_A
7KZM_EMD-23082_S	7KZM_EMD-23082_S
7KZM_EMD-23082_Y	7KZM_EMD-23082_Y
7KZM_EMD-23082_R	7KZM_EMD-23082_R
7KZM_EMD-23082_DA	7KZM_EMD-23082_DA
7KZM_EMD-23082_A	7MOQ_EMD-23926_Q
7L0S_EMD-23102_C	8P13_EMD-17344_B
7L0S_EMD-23102_B	7L0S_EMD-23102_B
7L0S_EMD-23102_A	7L0S_EMD-23102_A
7L5X_EMD-23192_A	8B5R_EMD-15861_A
7L6N_EMD-23206_A	7L6N_EMD-23206_A
7LGE_EMD-23321_A	7LGG_EMD-23323_A
7LGF_EMD-23322_A	7LGG_EMD-23323_A
7LGG_EMD-23323_A	7LGG_EMD-23323_A
7LHH_EMD-23340_D	7LHH_EMD-23340_D
7LHH_EMD-23340_C	7LHH_EMD-23340_C
7LHI_EMD-23341_D	7LHI_EMD-23341_D
7LHI_EMD-23341_C	7LHI_EMD-23341_C
7LRG_EMD-23497_G	7LRG_EMD-23497_G
7LRG_EMD-23497_A	9MOD_EMD-48456_A
7LUM_EMD-23522_A	7LUM_EMD-23522_A
7LUM_EMD-23522_E	7LUM_EMD-23522_E
7LUM_EMD-23522_G	7LUM_EMD-23522_G
7LUM_EMD-23522_I	7LUM_EMD-23522_I
7LUM_EMD-23522_K	7LUM_EMD-23522_K
7LUM_EMD-23522_M	7LUM_EMD-23522_M
7LUM_EMD-23522_O	7LUM_EMD-23522_O
7LUM_EMD-23522_C	7LUM_EMD-23522_C
7LUP_EMD-23526_Q	6XF8_EMD-22166_B
7LUP_EMD-23526_O	7LUM_EMD-23522_O
7LUP_EMD-23526_M	7LUM_EMD-23522_M
7LUP_EMD-23526_K	7LUM_EMD-23522_K
7LUP_EMD-23526_I	7LUM_EMD-23522_I
7LUP_EMD-23526_G	7LUM_EMD-23522_G
7LUP_EMD-23526_E	7LUM_EMD-23522_E
7LUP_EMD-23526_C	7LUM_EMD-23522_C
7LUP_EMD-23526_A	7LUM_EMD-23522_A
7LVT_EMD-23542_A	7YSJ_EMD-34076_A
7LZ6_EMD-23603_D	7LZ6_EMD-23603_D
7LZ6_EMD-23603_C	7LZ6_EMD-23603_C
7LZ6_EMD-23603_A	7LZ6_EMD-23603_A
7MBZ_EMD-23751_D	7MBZ_EMD-23751_D
7MD4_EMD-23766_A	7PG0_EMD-13385_A
7MDM_EMD-23775_A	8B5R_EMD-15861_A
7MH0_EMD-23832_A	7MH0_EMD-23832_A
7MKQ_EMD-23903_D	9M7Z_EMD-63698_B
7MKQ_EMD-23903_C	9M7Z_EMD-63698_A
7MKQ_EMD-23903_A	9M7Z_EMD-63698_C
7MOB_EMD-23923_C	7MOB_EMD-23923_C
7MOB_EMD-23923_A	7MOB_EMD-23923_A
7MOC_EMD-23924_A	7MOC_EMD-23924_A
7MOQ_EMD-23926_A	7MOQ_EMD-23926_A
7MOQ_EMD-23926_B	7KEK_EMD-22840_D
7MOQ_EMD-23926_C	7KEK_EMD-22840_A
7MOQ_EMD-23926_E	7KEK_EMD-22840_K
7MOQ_EMD-23926_F	7MOQ_EMD-23926_F
7MOQ_EMD-23926_H	7MOQ_EMD-23926_H
7MOQ_EMD-23926_I	7MOQ_EMD-23926_I
7MOQ_EMD-23926_J	7MOQ_EMD-23926_J
7MOQ_EMD-23926_M	7K5B_EMD-22679_M
7MOQ_EMD-23926_N	7KEK_EMD-22840_J
7MOQ_EMD-23926_P	7MOQ_EMD-23926_P
7MOQ_EMD-23926_Q	7MOQ_EMD-23926_Q
7MOQ_EMD-23926_G	7MOQ_EMD-23926_G
7MOQ_EMD-23926_D	7MOQ_EMD-23926_D
7MOQ_EMD-23926_R	7MOQ_EMD-23926_R
7MOQ_EMD-23926_O	7KEK_EMD-22840_I
7MOQ_EMD-23926_L	7K5B_EMD-22679_L
7MOQ_EMD-23926_K	7MOQ_EMD-23926_K
7MP5_EMD-23929_A	7MOC_EMD-23924_A
7MP6_EMD-23930_A	7MOC_EMD-23924_A
7N85_EMD-24232_U	7N85_EMD-24232_U
7N85_EMD-24232_R	7N85_EMD-24232_R
7N85_EMD-24232_Q	7N85_EMD-24232_Q
7N85_EMD-24232_E	8TJ5_EMD-41300_U
7N85_EMD-24232_B	8TJ5_EMD-41300_T
7N85_EMD-24232_Z	7N85_EMD-24232_Z
7N85_EMD-24232_Y	7N85_EMD-24232_Y
7NBX_EMD-12262_E	7NBX_EMD-12262_E
7NBX_EMD-12262_B	7NBX_EMD-12262_B
7NBX_EMD-12262_A	7NBX_EMD-12262_A
7NCS_EMD-12271_E	7NBX_EMD-12262_E
7NCS_EMD-12271_C	7NCS_EMD-12271_C
7NCS_EMD-12271_B	7NBX_EMD-12262_B
7NCS_EMD-12271_A	7NBX_EMD-12262_A
7ND0_EMD-12272_E	7NBX_EMD-12262_E
7ND0_EMD-12272_B	7NBX_EMD-12262_B
7ND0_EMD-12272_A	7NBX_EMD-12262_A
7NDG_EMD-12286_D	7NDG_EMD-12286_D
7NDG_EMD-12286_C	7NDG_EMD-12286_C
7NDG_EMD-12286_B	7NDG_EMD-12286_B
7NDG_EMD-12286_A	7NDG_EMD-12286_A
7NGC_EMD-12312_A	8OVF_EMD-17213_A
7NGF_EMD-12313_A	8OVF_EMD-17213_A
7NH1_EMD-12318_A	7NH1_EMD-12318_A
7NH3_EMD-12319_A	7NH1_EMD-12318_A
7NPV_EMD-12522_G	7NPV_EMD-12522_G
7NSU_EMD-12577_F	7NSU_EMD-12577_F
7NSU_EMD-12577_E	7NSU_EMD-12577_E
7NSU_EMD-12577_D	7NSU_EMD-12577_D
7NSU_EMD-12577_A	7NSU_EMD-12577_A
7NTF_EMD-12588_A	7NTF_EMD-12588_A
7NTX_EMD-10889_A	6YRG_EMD-10889_A
7NYY_EMD-12658_A	7NYY_EMD-12658_A
7NYY_EMD-12658_C	7NYY_EMD-12658_C
7NYY_EMD-12658_E	7NYY_EMD-12658_E
7NYY_EMD-12658_G	7NYY_EMD-12658_G
7O17_EMD-12692_A	7O17_EMD-12692_A
7O17_EMD-12692_B	7O17_EMD-12692_B
7O41_EMD-12715_D	7O41_EMD-12715_D
7O41_EMD-12715_B	7O41_EMD-12715_B
7O41_EMD-12715_A	7O41_EMD-12715_A
7OA6_EMD-12766_A	7OA6_EMD-12766_A
7OGT_EMD-12887_B	7OGT_EMD-12887_B
7OGT_EMD-12887_A	7OGT_EMD-12887_A
7OH1_EMD-12891_A	7OH1_EMD-12891_A
7OTG_EMD-13059_A	7ZKB_EMD-14761_A
7OU2_EMD-13073_A	7OU2_EMD-13073_A
7OVQ_EMD-13087_A	7OVQ_EMD-13087_A
7OVR_EMD-13088_A	7OVQ_EMD-13087_A
7OWG_EMD-13097_B	7OWG_EMD-13097_B
7P3N_EMD-13181_D	7P3N_EMD-13181_D
7P3N_EMD-13181_A	7P3N_EMD-13181_A
7PD4_EMD-13330_A	7PD4_EMD-13330_A
7PDE_EMD-13335_A	7PD4_EMD-13330_A
7PDE_EMD-13335_B	7PDE_EMD-13335_B
7PE3_EMD-13346_A	7PE3_EMD-13346_A
7PG0_EMD-13385_A	7PG0_EMD-13385_A
7PG2_EMD-13386_A	7PG0_EMD-13385_A
7PG3_EMD-13387_A	7PG0_EMD-13385_A
7PIM_EMD-13442_B	7PIM_EMD-13442_B
7PIM_EMD-13442_A	7PIM_EMD-13442_A
7PTT_EMD-13637_A	7PTT_EMD-13637_A
7PTY_EMD-13643_A	7PTY_EMD-13643_A
7Q4V_EMD-13818_C	7Q4V_EMD-13818_C
7Q4V_EMD-13818_B	7Q4V_EMD-13818_B
7Q4V_EMD-13818_A	7Q4V_EMD-13818_A
7Q55_EMD-13826_B	7Q55_EMD-13826_B
7Q55_EMD-13826_A	7Q55_EMD-13826_A
7Q56_EMD-13827_B	7Q55_EMD-13826_B
7Q56_EMD-13827_A	7Q55_EMD-13826_A
7QCD_EMD-13895_F	7QCD_EMD-13895_F
7QCD_EMD-13895_E	7QCD_EMD-13895_E
7QCD_EMD-13895_D	7QCD_EMD-13895_D
7QCD_EMD-13895_C	7QCD_EMD-13895_C
7QCD_EMD-13895_B	7QCD_EMD-13895_B
7QCD_EMD-13895_A	7QCD_EMD-13895_A
7QE5_EMD-13930_B	7QE5_EMD-13930_B
7QID_EMD-10311_B	7PG0_EMD-13385_A
7QID_EMD-10311_A	7PG0_EMD-13385_A
7QIM_EMD-13990_A	9MOD_EMD-48456_A
7QIN_EMD-13991_L	7QIN_EMD-13991_L
7QIN_EMD-13991_A	9MOD_EMD-48456_A
7QJ0_EMD-14005_K	8VRD_EMD-43481_G
7QJ0_EMD-14005_J	7QJ0_EMD-14005_J
7QJ0_EMD-14005_G	7QJ0_EMD-14005_G
7QJ1_EMD-14006_K	8VRD_EMD-43481_G
7QJ1_EMD-14006_J	7QJ0_EMD-14005_J
7QJ1_EMD-14006_G	7QJ0_EMD-14005_G
7QJ3_EMD-14008_N	7QJ0_EMD-14005_J
7QJ3_EMD-14008_K	7QJ0_EMD-14005_G
7QJ3_EMD-14008_I	8VRD_EMD-43481_F
7QJ3_EMD-14008_G	9G3Y_EMD-51018_J
7QJ6_EMD-14011_Q	8VRD_EMD-43481_G
7QJ6_EMD-14011_K	9G3Y_EMD-51018_J
7QJ6_EMD-14011_J	7QJ0_EMD-14005_G
7QJ6_EMD-14011_D	8VRD_EMD-43481_F
7QJ6_EMD-14011_C	9G3Y_EMD-51018_B
7QJD_EMD-14018_N	7QJ0_EMD-14005_J
7QJD_EMD-14018_L	9G3Y_EMD-51018_J
7QJD_EMD-14018_K	7QJ0_EMD-14005_G
7QJD_EMD-14018_G	8VRD_EMD-43481_C
7QJD_EMD-14018_D	9G3Y_EMD-51018_B
7QJD_EMD-14018_C	8VRD_EMD-43481_F
7QJD_EMD-14018_A	8VRD_EMD-43481_G
7QO3_EMD-14082_G	7QO3_EMD-14082_G
7QO3_EMD-14082_F	7QO3_EMD-14082_F
7QO3_EMD-14082_E	7QO3_EMD-14082_E
7QO3_EMD-14082_D	7QO3_EMD-14082_D
7QO3_EMD-14082_C	7QO6_EMD-14085_C
7QO3_EMD-14082_B	7QO6_EMD-14085_B
7QO3_EMD-14082_N	7QO6_EMD-14085_N
7QO3_EMD-14082_A	7QO6_EMD-14085_A
7QO4_EMD-14083_I	7QO4_EMD-14083_I
7QO4_EMD-14083_H	7QO4_EMD-14083_H
7QO5_EMD-14084_I	7QO5_EMD-14084_I
7QO5_EMD-14084_H	7QO5_EMD-14084_H
7QO5_EMD-14084_G	7QO3_EMD-14082_G
7QO5_EMD-14084_F	7QO3_EMD-14082_F
7QO5_EMD-14084_E	7QO3_EMD-14082_E
7QO5_EMD-14084_D	7QO3_EMD-14082_D
7QO5_EMD-14084_C	7QO6_EMD-14085_C
7QO5_EMD-14084_B	7QO6_EMD-14085_B
7QO5_EMD-14084_N	7QO6_EMD-14085_N
7QO5_EMD-14084_M	7QO6_EMD-14085_M
7QO5_EMD-14084_L	7QO6_EMD-14085_L
7QO5_EMD-14084_K	7QO6_EMD-14085_K
7QO5_EMD-14084_J	7QO6_EMD-14085_J
7QO5_EMD-14084_A	7QO6_EMD-14085_A
7QO6_EMD-14085_I	7QO5_EMD-14084_I
7QO6_EMD-14085_H	7QO5_EMD-14084_H
7QO6_EMD-14085_G	7QO3_EMD-14082_G
7QO6_EMD-14085_F	7QO3_EMD-14082_F
7QO6_EMD-14085_E	7QO3_EMD-14082_E
7QO6_EMD-14085_D	7QO3_EMD-14082_D
7QO6_EMD-14085_C	7QO6_EMD-14085_C
7QO6_EMD-14085_B	7QO6_EMD-14085_B
7QO6_EMD-14085_N	7QO6_EMD-14085_N
7QO6_EMD-14085_M	7QO6_EMD-14085_M
7QO6_EMD-14085_L	7QO6_EMD-14085_L
7QO6_EMD-14085_K	7QO6_EMD-14085_K
7QO6_EMD-14085_J	7QO6_EMD-14085_J
7QO6_EMD-14085_A	7QO6_EMD-14085_A
7QOO_EMD-14098_I	7QOO_EMD-14098_I
7QOO_EMD-14098_C	7QOO_EMD-14098_C
7QOO_EMD-14098_N	7QOO_EMD-14098_N
7QOO_EMD-14098_M	7QOO_EMD-14098_M
7QOO_EMD-14098_L	7QOO_EMD-14098_L
7QOO_EMD-14098_K	7QOO_EMD-14098_K
7QY7_EMD-14209_A	7QYA_EMD-14210_A
7QY7_EMD-14209_C	6WJD_EMD-21691_I
7QY7_EMD-14209_M	7QY7_EMD-14209_M
7QY7_EMD-14209_N	7QY7_EMD-14209_N
7QY7_EMD-14209_R	7QY7_EMD-14209_R
7QY7_EMD-14209_T	7QY7_EMD-14209_T
7QY7_EMD-14209_W	7QYA_EMD-14210_W
7QY7_EMD-14209_Y	7E55_EMD-30990_A
7QY7_EMD-14209_Z	7QYA_EMD-14210_Z
7QY7_EMD-14209_I	7QYA_EMD-14210_I
7QY7_EMD-14209_H	6WJD_EMD-21691_B
7QY7_EMD-14209_G	6WJD_EMD-21691_A
7QY7_EMD-14209_F	6WJD_EMD-21691_L
7QY7_EMD-14209_E	6WJD_EMD-21691_K
7QY7_EMD-14209_D	6WJD_EMD-21691_J
7QY7_EMD-14209_X	6WJD_EMD-21691_Y
7QY7_EMD-14209_V	7QYA_EMD-14210_V
7QY7_EMD-14209_U	7QYA_EMD-14210_U
7QY7_EMD-14209_B	7QY7_EMD-14209_B
7QY7_EMD-14209_S	7QY7_EMD-14209_S
7QY7_EMD-14209_Q	7QY7_EMD-14209_Q
7QY7_EMD-14209_P	7QY7_EMD-14209_P
7QY7_EMD-14209_O	7QYA_EMD-14210_O
7QY7_EMD-14209_L	7QY7_EMD-14209_L
7QY7_EMD-14209_K	7QY7_EMD-14209_K
7QY7_EMD-14209_J	7QY7_EMD-14209_J
7QYA_EMD-14210_I	7QYA_EMD-14210_I
7QYA_EMD-14210_H	6WJD_EMD-21691_B
7QYA_EMD-14210_G	6WJD_EMD-21691_A
7QYA_EMD-14210_F	6WJD_EMD-21691_L
7QYA_EMD-14210_E	6WJD_EMD-21691_K
7QYA_EMD-14210_D	6WJD_EMD-21691_J
7QYA_EMD-14210_C	6WJD_EMD-21691_I
7QYA_EMD-14210_Z	7QYA_EMD-14210_Z
7QYA_EMD-14210_Y	7E55_EMD-30990_A
7QYA_EMD-14210_W	7QYA_EMD-14210_W
7QYA_EMD-14210_V	7QYA_EMD-14210_V
7QYA_EMD-14210_U	7QYA_EMD-14210_U
7QYA_EMD-14210_T	7QY7_EMD-14209_T
7QYA_EMD-14210_B	7QY7_EMD-14209_B
7QYA_EMD-14210_S	7QY7_EMD-14209_S
7QYA_EMD-14210_R	7QY7_EMD-14209_R
7QYA_EMD-14210_Q	7QY7_EMD-14209_Q
7QYA_EMD-14210_P	7QY7_EMD-14209_P
7QYA_EMD-14210_O	7QYA_EMD-14210_O
7QYA_EMD-14210_N	7QY7_EMD-14209_N
7QYA_EMD-14210_M	7QY7_EMD-14209_M
7QYA_EMD-14210_L	7QY7_EMD-14209_L
7QYA_EMD-14210_K	7QY7_EMD-14209_K
7QYA_EMD-14210_J	7QY7_EMD-14209_J
7QYA_EMD-14210_A	7QYA_EMD-14210_A
7R0C_EMD-14221_A	7R0C_EMD-14221_A
7R0C_EMD-14221_C	7R0C_EMD-14221_C
7R0C_EMD-14221_D	7R0C_EMD-14221_D
7R7T_EMD-24304_A	8B5R_EMD-15861_A
7RD8_EMD-24415_A	7RD8_EMD-24415_A
7RI6_EMD-24475_E	7NBX_EMD-12262_E
7RI6_EMD-24475_B	7NBX_EMD-12262_B
7RI6_EMD-24475_A	7NBX_EMD-12262_A
7RI7_EMD-24476_E	7NBX_EMD-12262_E
7RI7_EMD-24476_B	7NBX_EMD-12262_B
7RI7_EMD-24476_A	7NBX_EMD-12262_A
7RI8_EMD-24477_E	7NBX_EMD-12262_E
7RI8_EMD-24477_B	7NBX_EMD-12262_B
7RI8_EMD-24477_A	7NBX_EMD-12262_A
7RI9_EMD-24478_E	7NBX_EMD-12262_E
7RI9_EMD-24478_B	7NBX_EMD-12262_B
7RI9_EMD-24478_A	7NBX_EMD-12262_A
7RIT_EMD-23804_A	7RIT_EMD-23804_A
7RJ5_EMD-24481_E	7RJ5_EMD-24481_E
7RJ5_EMD-24481_B	7NBX_EMD-12262_A
7RJ5_EMD-24481_A	7TT7_EMD-26113_E
7RMF_EMD-24566_A	7RMF_EMD-24566_A
7RMK_EMD-24575_A	7RMF_EMD-24566_A
7RMV_EMD-24578_A	7RMF_EMD-24566_A
7RUG_EMD-24705_A	7RUG_EMD-24705_A
7RWA_EMD-24712_B	7RWA_EMD-24712_B
7RWA_EMD-24712_A	7RWA_EMD-24712_A
7RYP_EMD-24744_B	7RYP_EMD-24744_B
7RYP_EMD-24744_A	6ZPH_EMD-11339_B
7S0E_EMD-24788_A	8WTJ_EMD-37835_A
7S64_EMD-24849_A	7S64_EMD-24849_A
7S9C_EMD-24932_A	7S9C_EMD-24932_A
7S9D_EMD-24933_A	7S9C_EMD-24932_A
7SIN_EMD-25145_A	7SIN_EMD-25145_A
7SL4_EMD-25191_E	7STI_EMD-25429_C
7SL4_EMD-25191_C	7BWA_EMD-30231_C
7SL4_EMD-25191_A	7PG0_EMD-13385_A
7SOX_EMD-25362_A	7SOX_EMD-25362_A
7SQJ_EMD-25386_A	7SQJ_EMD-25386_A
7SQK_EMD-25387_A	7SQK_EMD-25387_A
7SQK_EMD-25387_C	7SQK_EMD-25387_C
7SQK_EMD-25387_D	7SQK_EMD-25387_D
7SQK_EMD-25387_E	7SQK_EMD-25387_E
7SQK_EMD-25387_F	7SQK_EMD-25387_F
7STI_EMD-25429_C	7STI_EMD-25429_C
7STI_EMD-25429_A	7PG0_EMD-13385_A
7SXA_EMD-25496_B	9MOD_EMD-48456_A
7T17_EMD-25606_G	7BUA_EMD-30193_A
7T17_EMD-25606_C	7T17_EMD-25606_C
7T17_EMD-25606_A	8Z6Q_EMD-39801_C
7T54_EMD-25694_A	7T54_EMD-25694_A
7T8C_EMD-25744_A	7T8C_EMD-25744_A
7TC9_EMD-25806_B	7U0D_EMD-26256_B
7TDM_EMD-25834_B	7TDM_EMD-25834_B
7TDM_EMD-25834_A	8U5B_EMD-41915_A
7TDN_EMD-25835_B	7TDM_EMD-25834_B
7TDN_EMD-25835_A	8U5B_EMD-41915_A
7TDZ_EMD-25817_L	6LK8_EMD-0909_C
7TDZ_EMD-25817_H	6LK8_EMD-0909_A
7TDZ_EMD-25817_F	6LK8_EMD-0909_H
7TDZ_EMD-25817_E	7TDZ_EMD-25817_E
7TDZ_EMD-25817_D	7TDZ_EMD-25817_D
7TDZ_EMD-25817_C	7TDZ_EMD-25817_C
7TDZ_EMD-25817_Q	7TDZ_EMD-25817_Q
7TDZ_EMD-25817_A	7TDZ_EMD-25817_A
7TEE_EMD-25845_A	9C7P_EMD-45283_A
7TEE_EMD-25845_B	7TEE_EMD-25845_B
7TEQ_EMD-25849_B	7TEE_EMD-25845_B
7TEQ_EMD-25849_A	9C7P_EMD-45283_A
7TER_EMD-25850_B	7TEE_EMD-25845_B
7TER_EMD-25850_A	9C7P_EMD-45283_A
7TES_EMD-25851_B	7TEE_EMD-25845_B
7TES_EMD-25851_A	9C7P_EMD-45283_A
7THY_EMD-25906_A	9CHO_EMD-45591_A
7THZ_EMD-25907_A	9CHO_EMD-45591_A
7TIJ_EMD-25911_A	9MOD_EMD-48456_A
7TIT_EMD-25914_A	9MOD_EMD-48456_A
7TJ7_EMD-25918_A	9MOD_EMD-48456_A
7TK1_EMD-25949_W	7TKB_EMD-25963_W
7TK1_EMD-25949_A	7TKA_EMD-25962_A
7TK2_EMD-25954_T	7TKS_EMD-25980_T
7TK2_EMD-25954_A	7TKA_EMD-25962_A
7TK3_EMD-25955_V	7TKC_EMD-25964_V
7TK3_EMD-25955_T	7TKS_EMD-25980_T
7TK3_EMD-25955_A	7TKA_EMD-25962_A
7TK4_EMD-25956_A	7TKA_EMD-25962_A
7TK5_EMD-25957_A	7TKA_EMD-25962_A
7TK6_EMD-25958_A	7TKA_EMD-25962_A
7TK7_EMD-25959_W	7TKB_EMD-25963_W
7TK7_EMD-25959_A	7TKA_EMD-25962_A
7TK8_EMD-25960_V	7TKC_EMD-25964_V
7TK8_EMD-25960_A	7TKA_EMD-25962_A
7TK9_EMD-25961_V	7TKC_EMD-25964_V
7TK9_EMD-25961_T	7TKS_EMD-25980_T
7TK9_EMD-25961_A	7TKA_EMD-25962_A
7TKA_EMD-25962_A	7TKA_EMD-25962_A
7TKB_EMD-25963_W	7TKB_EMD-25963_W
7TKB_EMD-25963_A	7TKA_EMD-25962_A
7TKC_EMD-25964_A	7TKA_EMD-25962_A
7TKC_EMD-25964_V	7TKC_EMD-25964_V
7TKC_EMD-25964_W	7TKB_EMD-25963_W
7TKD_EMD-25965_V	7TKC_EMD-25964_V
7TKD_EMD-25965_W	7TKB_EMD-25963_W
7TKD_EMD-25965_A	7TKA_EMD-25962_A
7TKE_EMD-25966_A	7TKA_EMD-25962_A
7TKF_EMD-25967_A	7TKA_EMD-25962_A
7TKG_EMD-25968_A	7TKA_EMD-25962_A
7TKI_EMD-25970_A	7TKA_EMD-25962_A
7TKJ_EMD-25971_A	7TKA_EMD-25962_A
7TKK_EMD-25972_A	7TKA_EMD-25962_A
7TKL_EMD-25973_V	7TKC_EMD-25964_V
7TKL_EMD-25973_T	7TKS_EMD-25980_T
7TKL_EMD-25973_A	7TKA_EMD-25962_A
7TKM_EMD-25974_V	7TKC_EMD-25964_V
7TKM_EMD-25974_T	7TKS_EMD-25980_T
7TKM_EMD-25974_A	7TKA_EMD-25962_A
7TKN_EMD-25975_W	7TKB_EMD-25963_W
7TKN_EMD-25975_A	7TKA_EMD-25962_A
7TKO_EMD-25976_A	7TKA_EMD-25962_A
7TKP_EMD-25977_V	7TKC_EMD-25964_V
7TKP_EMD-25977_T	7TKS_EMD-25980_T
7TKP_EMD-25977_A	7TKA_EMD-25962_A
7TKQ_EMD-25978_T	7TKS_EMD-25980_T
7TKQ_EMD-25978_A	7TKA_EMD-25962_A
7TKR_EMD-25979_X	7TKR_EMD-25979_X
7TKR_EMD-25979_W	7TKB_EMD-25963_W
7TKR_EMD-25979_A	7TKA_EMD-25962_A
7TKS_EMD-25980_T	7TKS_EMD-25980_T
7TKS_EMD-25980_A	7TKA_EMD-25962_A
7TNK_EMD-26012_A	7TNK_EMD-26012_A
7TNM_EMD-26014_A	7TNK_EMD-26012_A
7TSZ_EMD-26105_E	7NBX_EMD-12262_E
7TSZ_EMD-26105_B	7NBX_EMD-12262_B
7TSZ_EMD-26105_A	7NBX_EMD-12262_A
7TT7_EMD-26113_E	7TT7_EMD-26113_E
7TT7_EMD-26113_A	7NBX_EMD-12262_A
7TW0_EMD-26146_A	7TW0_EMD-26146_A
7TW1_EMD-26147_A	7TW0_EMD-26146_A
7TW2_EMD-26148_A	7TW0_EMD-26146_A
7TW5_EMD-26151_A	7TW0_EMD-26146_A
7TW6_EMD-26153_A	7TW0_EMD-26146_A
7U0D_EMD-26256_B	7U0D_EMD-26256_B
7U14_EMD-26277_A	7U14_EMD-26277_A
7U1E_EMD-26299_E	7UQR_EMD-26320_E
7U1E_EMD-26299_A	7UQR_EMD-26320_A
7U6D_EMD-26363_B	7PG0_EMD-13385_A
7U6F_EMD-24964_B	7U6F_EMD-24964_B
7U6Y_EMD-26308_E	7UQR_EMD-26320_E
7U6Y_EMD-26308_A	7UQR_EMD-26320_A
7U7M_EMD-26309_E	7UQR_EMD-26320_E
7U7M_EMD-26309_A	7UQR_EMD-26320_A
7UAA_EMD-26312_E	7UQR_EMD-26320_E
7UAA_EMD-26312_A	7UQR_EMD-26320_A
7UIF_EMD-26544_I	7UIF_EMD-26544_I
7UIF_EMD-26544_H	7UIF_EMD-26544_H
7UIF_EMD-26544_G	7UIF_EMD-26544_G
7UIF_EMD-26544_F	7UIF_EMD-26544_F
7UIF_EMD-26544_E	7UIF_EMD-26544_E
7UIF_EMD-26544_D	7UIF_EMD-26544_D
7UIF_EMD-26544_C	7UIF_EMD-26544_C
7UIF_EMD-26544_B	7UIF_EMD-26544_B
7UIF_EMD-26544_S	7UIF_EMD-26544_S
7UIF_EMD-26544_Q	7UIF_EMD-26544_Q
7UIF_EMD-26544_P	7UIF_EMD-26544_P
7UIF_EMD-26544_M	7UIF_EMD-26544_M
7UIF_EMD-26544_L	7UIF_EMD-26544_L
7UIF_EMD-26544_K	7UIF_EMD-26544_K
7UIF_EMD-26544_J	7UIF_EMD-26544_J
7UIF_EMD-26544_A	7UIF_EMD-26544_A
7UJJ_EMD-26563_C	7UJJ_EMD-26563_C
7UJJ_EMD-26563_B	7UJJ_EMD-26563_B
7UJJ_EMD-26563_A	7UJJ_EMD-26563_A
7UN1_EMD-26611_B	8VRJ_EMD-43482_B
7UQR_EMD-26320_E	7UQR_EMD-26320_E
7UQR_EMD-26320_A	7UQR_EMD-26320_A
7URR_EMD-26717_A	7URR_EMD-26717_A
7UTI_EMD-0729_Q	7UTI_EMD-0729_Q
7UTI_EMD-0729_U	7UTI_EMD-0729_U
7UTL_EMD-0728_A	9MOD_EMD-48456_A
7UUS_EMD-26802_B	7UUS_EMD-26802_B
7UUS_EMD-26802_A	7UUS_EMD-26802_A
7UY8_EMD-26867_D	7UY8_EMD-26867_D
7UY8_EMD-26867_C	7UY8_EMD-26867_C
7UY8_EMD-26867_B	7UY8_EMD-26867_B
7UY8_EMD-26867_A	7UY8_EMD-26867_A
7V0N_EMD-26945_A	8YS2_EMD-38376_A
7V0O_EMD-26946_A	8YS2_EMD-38376_A
7V0P_EMD-26947_A	8YS2_EMD-38376_A
7V6O_EMD-31744_E	7V6O_EMD-31744_E
7V6O_EMD-31744_D	7V6O_EMD-31744_D
7V6O_EMD-31744_A	7V6O_EMD-31744_A
7VAK_EMD-31845_J	7VAK_EMD-31845_J
7VAK_EMD-31845_H	7VAK_EMD-31845_H
7VAK_EMD-31845_G	7VAK_EMD-31845_G
7VAK_EMD-31845_D	7VAK_EMD-31845_D
7VAK_EMD-31845_A	7VAK_EMD-31845_A
7VGA_EMD-31966_C	7VGA_EMD-31966_C
7VH2_EMD-31984_A	7VH2_EMD-31984_A
7VI9_EMD-32004_A	7VI9_EMD-32004_A
7VII_EMD-32010_H	7VII_EMD-32010_H
7VII_EMD-32010_A	7VI9_EMD-32004_A
7VM2_EMD-32032_A	7VM2_EMD-32032_A
7VON_EMD-32051_A	7VON_EMD-32051_A
7VSR_EMD-32114_M	7VSR_EMD-32114_M
7VSR_EMD-32114_A	7VSR_EMD-32114_A
7VWX_EMD-32164_C	7VWX_EMD-32164_C
7VWX_EMD-32164_A	7VWX_EMD-32164_A
7WB4_EMD-32394_M	7WB4_EMD-32394_M
7WB4_EMD-32394_L	6LK8_EMD-0909_H
7WB4_EMD-32394_H	6LK8_EMD-0909_E
7WB4_EMD-32394_E	7WB4_EMD-32394_E
7WB4_EMD-32394_D	6LK8_EMD-0909_F
7WB4_EMD-32394_C	6LK8_EMD-0909_C
7WB4_EMD-32394_B	6LK8_EMD-0909_B
7WB4_EMD-32394_P	7TDZ_EMD-25817_A
7WB4_EMD-32394_A	6LK8_EMD-0909_J
7WJI_EMD-32544_E	7WJI_EMD-32544_E
7WJI_EMD-32544_D	7WJI_EMD-32544_D
7WJI_EMD-32544_C	7YV9_EMD-34121_B
7WJI_EMD-32544_B	7WJI_EMD-32544_B
7WJI_EMD-32544_A	7WJI_EMD-32544_A
7WLU_EMD-32593_A	7WLU_EMD-32593_A
7WOW_EMD-32661_E	7WOW_EMD-32661_E
7WOW_EMD-32661_D	7WOW_EMD-32661_D
7WOW_EMD-32661_A	8WTJ_EMD-37835_A
7WSV_EMD-32768_A	6M68_EMD-30116_A
7WZ8_EMD-32906_A	7WZ8_EMD-32906_A
7WZN_EMD-32907_A	7WZN_EMD-32907_A
7WZN_EMD-32907_D	7WZN_EMD-32907_D
7WZN_EMD-32907_F	7WZN_EMD-32907_F
7WZN_EMD-32907_G	7WZN_EMD-32907_G
7WZN_EMD-32907_E	7WZN_EMD-32907_E
7WZN_EMD-32907_C	7WZN_EMD-32907_C
7WZN_EMD-32907_B	7WZN_EMD-32907_B
7X3K_EMD-32991_B	7X3K_EMD-32991_B
7X3K_EMD-32991_A	7X3K_EMD-32991_A
7X59_EMD-33012_A	7X59_EMD-33012_A
7X6Q_EMD-33025_H	7LUM_EMD-23522_M
7X6Q_EMD-33025_G	7LUM_EMD-23522_K
7X6Q_EMD-33025_E	7LUM_EMD-23522_I
7X6Q_EMD-33025_B	7LUM_EMD-23522_C
7X6Q_EMD-33025_A	7LUM_EMD-23522_O
7XLC_EMD-31673_A	7XLC_EMD-31673_A
7XW7_EMD-33493_A	7XW7_EMD-33493_A
7XXL_EMD-33506_C	7XXL_EMD-33506_C
7XXL_EMD-33506_B	7XXL_EMD-33506_B
7XXL_EMD-33506_A	7XXL_EMD-33506_A
7XY3_EMD-33509_D	7XY3_EMD-33509_D
7XY3_EMD-33509_A	8WTJ_EMD-37835_A
7Y59_EMD-33613_E	8B5R_EMD-15861_A
7Y59_EMD-33613_A	7Y59_EMD-33613_A
7Y5C_EMD-33616_H	7Y5C_EMD-33616_H
7Y5C_EMD-33616_G	7Y5C_EMD-33616_G
7Y5C_EMD-33616_D	7Y5C_EMD-33616_D
7Y5C_EMD-33616_A	7Y5C_EMD-33616_A
7Y5D_EMD-33617_D	7Y5D_EMD-33617_D
7Y5D_EMD-33617_C	7Y5D_EMD-33617_C
7Y5D_EMD-33617_B	7Y5D_EMD-33617_B
7Y5D_EMD-33617_A	7Y5D_EMD-33617_A
7Y5V_EMD-33626_A	8IQF_EMD-35660_A
7Y5V_EMD-33626_B	7Y5V_EMD-33626_B
7Y5V_EMD-33626_C	7Y5V_EMD-33626_C
7YFM_EMD-33793_B	7YFM_EMD-33793_B
7YFM_EMD-33793_A	9C7P_EMD-45283_A
7YFO_EMD-33795_A	9C7P_EMD-45283_A
7YFO_EMD-33795_B	7YFM_EMD-33793_B
7YKK_EMD-32397_A	7YKK_EMD-32397_A
7YKL_EMD-32399_A	7YKK_EMD-32397_A
7YKT_EMD-32400_A	7YKK_EMD-32397_A
7YLM_EMD-33914_C	7QCD_EMD-13895_C
7YLM_EMD-33914_B	7QCD_EMD-13895_B
7YLM_EMD-33914_A	7QCD_EMD-13895_A
7YLU_EMD-33917_Q	7YLU_EMD-33917_Q
7YLU_EMD-33917_H	7YLU_EMD-33917_H
7YLU_EMD-33917_G	7YLU_EMD-33917_G
7YLU_EMD-33917_E	7YLU_EMD-33917_E
7YLU_EMD-33917_D	9CR2_EMD-45830_G
7YLU_EMD-33917_B	7YLU_EMD-33917_B
7YLU_EMD-33917_A	9CR2_EMD-45830_A
7YQH_EMD-34025_H	7QCD_EMD-13895_F
7YQH_EMD-34025_G	7QCD_EMD-13895_E
7YQH_EMD-34025_F	7QCD_EMD-13895_D
7YQH_EMD-34025_E	8I4W_EMD-35186_D
7YQH_EMD-34025_D	7YQH_EMD-34025_D
7YQH_EMD-34025_C	7QCD_EMD-13895_C
7YQH_EMD-34025_B	7QCD_EMD-13895_B
7YQH_EMD-34025_A	7QCD_EMD-13895_A
7YSJ_EMD-34076_A	7YSJ_EMD-34076_A
7YSQ_EMD-34080_B	8VRJ_EMD-43482_B
7YSQ_EMD-34080_A	8VRJ_EMD-43482_A
7YU7_EMD-34101_B	7YU7_EMD-34101_B
7YU7_EMD-34101_A	8P13_EMD-17344_B
7YU8_EMD-34102_A	7YU7_EMD-34101_B
7YU8_EMD-34102_B	8P13_EMD-17344_B
7YUU_EMD-34111_A	7YUU_EMD-34111_A
7YV9_EMD-34121_B	7YV9_EMD-34121_B
7YV9_EMD-34121_A	7YV9_EMD-34121_A
7YZY_EMD-14399_B	7YZY_EMD-14399_B
7YZY_EMD-14399_A	7YZY_EMD-14399_A
7Z4A_EMD-14489_I	7Z4A_EMD-14489_I
7Z4A_EMD-14489_G	7Z4A_EMD-14489_G
7Z4A_EMD-14489_D	7Z4A_EMD-14489_D
7Z4A_EMD-14489_C	7Z4A_EMD-14489_C
7Z4A_EMD-14489_A	7Z4A_EMD-14489_A
7Z4Y_EMD-14510_B	7Z4Y_EMD-14510_B
7Z4Y_EMD-14510_A	7Z4Y_EMD-14510_A
7ZHS_EMD-14736_A	7ZHS_EMD-14736_A
7ZKB_EMD-14761_A	7ZKB_EMD-14761_A
7ZNN_EMD-14812_B	7ZNN_EMD-14812_B
7ZNN_EMD-14812_A	7ZNN_EMD-14812_A
7ZSK_EMD-14945_A	7ZSK_EMD-14945_A
7ZTD_EMD-14958_A	9MOD_EMD-48456_A
8A41_EMD-15134_A	8A6J_EMD-15209_A
8A5Y_EMD-15199_J	8A61_EMD-15201_J
8A5Y_EMD-15199_I	8A61_EMD-15201_I
8A5Y_EMD-15199_Q	8A61_EMD-15201_Q
8A5Y_EMD-15199_O	8A61_EMD-15201_O
8A5Y_EMD-15199_N	8A61_EMD-15201_N
8A5Y_EMD-15199_A	8A61_EMD-15201_A
8A61_EMD-15201_J	8A61_EMD-15201_J
8A61_EMD-15201_I	8A61_EMD-15201_I
8A61_EMD-15201_H	8A61_EMD-15201_H
8A61_EMD-15201_Q	8A61_EMD-15201_Q
8A61_EMD-15201_O	8A61_EMD-15201_O
8A61_EMD-15201_N	8A61_EMD-15201_N
8A61_EMD-15201_A	8A61_EMD-15201_A
8A6J_EMD-15209_A	8A6J_EMD-15209_A
8A7E_EMD-15221_A	8A7E_EMD-15221_A
8A8N_EMD-15234_A	8A8N_EMD-15234_A
8AFM_EMD-15402_C	8AFM_EMD-15402_C
8AFX_EMD-15411_A	8AFX_EMD-15411_A
8AIA_EMD-15465_C	8AFM_EMD-15402_C
8AIX_EMD-15473_C	8AFM_EMD-15402_C
8AT2_EMD-15631_C	8FCK_EMD-28981_C
8AT2_EMD-15631_B	8FCK_EMD-28981_B
8ATX_EMD-15668_A	8ATX_EMD-15668_A
8AUK_EMD-15672_C	8AUK_EMD-15672_C
8AUK_EMD-15672_A	8ATX_EMD-15668_A
8AUW_EMD-15675_C	8AUW_EMD-15675_C
8AUW_EMD-15675_A	8ATX_EMD-15668_A
8AVC_EMD-15678_A	8AVC_EMD-15678_A
8AVC_EMD-15678_B	8AVC_EMD-15678_B
8AVE_EMD-15680_B	8AVE_EMD-15680_B
8AVF_EMD-15681_B	8AVE_EMD-15680_B
8AVO_EMD-15683_A	8AVO_EMD-15683_A
8AVO_EMD-15683_B	8AVE_EMD-15680_B
8AY4_EMD-15710_C	8AY4_EMD-15710_C
8AY4_EMD-15710_B	8AY4_EMD-15710_B
8AY4_EMD-15710_A	8AY4_EMD-15710_A
8AY5_EMD-15711_C	8AY4_EMD-15710_C
8AY5_EMD-15711_B	8AY4_EMD-15710_B
8AY5_EMD-15711_A	8AY4_EMD-15710_A
8B40_EMD-15835_A	8B40_EMD-15835_A
8B42_EMD-15837_E	8B40_EMD-15835_A
8B42_EMD-15837_A	8B42_EMD-15837_A
8B5R_EMD-15861_I	8B5R_EMD-15861_I
8B5R_EMD-15861_A	8B5R_EMD-15861_A
8B6L_EMD-15870_J	8B6L_EMD-15870_J
8B6L_EMD-15870_I	8B6L_EMD-15870_I
8B6L_EMD-15870_H	8B6L_EMD-15870_H
8B6L_EMD-15870_F	8B6L_EMD-15870_F
8B6L_EMD-15870_E	8B6L_EMD-15870_E
8B6L_EMD-15870_P	8B6L_EMD-15870_P
8B6L_EMD-15870_O	8B6L_EMD-15870_O
8B6L_EMD-15870_N	8B6L_EMD-15870_N
8B6L_EMD-15870_L	8B6L_EMD-15870_L
8B6L_EMD-15870_A	8B6L_EMD-15870_A
8BBF_EMD-15955_C	8BBF_EMD-15955_C
8BBF_EMD-15955_B	8BBF_EMD-15955_B
8BBF_EMD-15955_A	8BBF_EMD-15955_A
8BXD_EMD-16315_A	8BXD_EMD-16315_A
8C0W_EMD-16373_A	8C0W_EMD-16373_A
8C0W_EMD-16373_B	8C0W_EMD-16373_B
8C50_EMD-16431_A	8C50_EMD-16431_A
8C5C_EMD-16435_N	8VRJ_EMD-43482_A
8C5C_EMD-16435_A	8VRJ_EMD-43482_B
8CO6_EMD-16772_D	8CO6_EMD-16772_D
8CO6_EMD-16772_A	8CO6_EMD-16772_A
8COA_EMD-16774_A	8CO6_EMD-16772_A
8COA_EMD-16774_D	8CO6_EMD-16772_D
8CRB_EMD-16807_C	8CRB_EMD-16807_C
8CRB_EMD-16807_B	8CRB_EMD-16807_B
8CRB_EMD-16807_A	8CRB_EMD-16807_A
8CTJ_EMD-26992_A	8CTJ_EMD-26992_A
8DAN_EMD-27271_C	8DAN_EMD-27271_C
8DAN_EMD-27271_B	8DEC_EMD-27389_B
8DAN_EMD-27271_A	8DEC_EMD-27389_A
8DDW_EMD-27344_I	8XWQ_EMD-38741_D
8DDW_EMD-27344_A	8DDW_EMD-27344_A
8DEC_EMD-27389_B	8DEC_EMD-27389_B
8DEC_EMD-27389_A	8DEC_EMD-27389_A
8DEQ_EMD-27395_H	8DEQ_EMD-27395_H
8DEQ_EMD-27395_A	8DEQ_EMD-27395_A
8DH8_EMD-27432_A	8AVC_EMD-15678_B
8DH8_EMD-27432_C	8AVC_EMD-15678_A
8DH9_EMD-27433_A	8AVC_EMD-15678_B
8DH9_EMD-27433_C	8AVC_EMD-15678_A
8DIT_EMD-27442_C	8DIT_EMD-27442_C
8DIT_EMD-27442_B	8DIT_EMD-27442_B
8DIT_EMD-27442_A	8DIT_EMD-27442_A
8DME_EMD-27534_A	8DME_EMD-27534_A
8DS6_EMD-27684_A	8DS6_EMD-27684_A
8DTL_EMD-27704_B	7PG0_EMD-13385_A
8DTL_EMD-27704_A	8DTL_EMD-27704_A
8DUO_EMD-27724_A	8DUO_EMD-27724_A
8DWT_EMD-27759_A	8DWT_EMD-27759_A
8DYO_EMD-27780_B	8DYO_EMD-27780_B
8E05_EMD-27817_A	8E05_EMD-27817_A
8E2Y_EMD-27851_A	8E3A_EMD-27861_A
8E2Y_EMD-27851_B	8E3A_EMD-27861_B
8E2Y_EMD-27851_C	8E3A_EMD-27861_C
8E34_EMD-27856_A	8EEQ_EMD-28055_A
8E3A_EMD-27861_C	8E3A_EMD-27861_C
8E3A_EMD-27861_B	8E3A_EMD-27861_B
8E3A_EMD-27861_A	8E3A_EMD-27861_A
8E3B_EMD-27862_C	8E3A_EMD-27861_C
8E3B_EMD-27862_B	8E3A_EMD-27861_B
8E3B_EMD-27862_A	8E3A_EMD-27861_A
8E3C_EMD-27863_C	8E3A_EMD-27861_C
8E3C_EMD-27863_B	8E3A_EMD-27861_B
8E3C_EMD-27863_A	8E3A_EMD-27861_A
8E6R_EMD-27923_A	8E6R_EMD-27923_A
8E6S_EMD-27924_A	8E6R_EMD-27923_A
8EEQ_EMD-28055_A	8EEQ_EMD-28055_A
8EEW_EMD-28063_A	8VLZ_EMD-43349_A
8EFF_EMD-28063_A	8VLZ_EMD-43349_A
8EFR_EMD-28063_A	8VLZ_EMD-43349_A
8EJ1_EMD-28172_A	8EJ1_EMD-28172_A
8EJ5_EMD-28176_A	8EJ5_EMD-28176_A
8EKI_EMD-28204_E	8EKI_EMD-28204_E
8EKI_EMD-28204_C	8EKI_EMD-28204_C
8EKI_EMD-28204_A	8EKI_EMD-28204_A
8EP0_EMD-28494_E	7YV9_EMD-34121_B
8EP0_EMD-28494_A	8EP0_EMD-28494_A
8EP1_EMD-28498_B	7YV9_EMD-34121_B
8EP1_EMD-28498_A	8EP0_EMD-28494_A
8EQB_EMD-28536_C	8EQB_EMD-28536_C
8EQB_EMD-28536_B	8EQB_EMD-28536_B
8EQB_EMD-28536_A	8EQB_EMD-28536_A
8ET2_EMD-28584_A	8ET2_EMD-28584_A
8EWY_EMD-28649_C	8EWY_EMD-28649_C
8EWY_EMD-28649_A	8EWY_EMD-28649_A
8EXQ_EMD-28659_A	8EXQ_EMD-28659_A
8EXT_EMD-28662_A	8EXQ_EMD-28659_A
8EYX_EMD-28723_A	7PG0_EMD-13385_A
8EYY_EMD-28724_C	7STI_EMD-25429_C
8EYY_EMD-28724_A	7PG0_EMD-13385_A
8FCK_EMD-28981_H	8FCK_EMD-28981_H
8FCK_EMD-28981_F	8FCK_EMD-28981_F
8FCK_EMD-28981_E	8FCK_EMD-28981_E
8FCK_EMD-28981_D	8FCK_EMD-28981_D
8FCK_EMD-28981_C	8FCK_EMD-28981_C
8FCK_EMD-28981_B	8FCK_EMD-28981_B
8FCK_EMD-28981_A	8FCK_EMD-28981_A
8FEJ_EMD-29029_A	8FEJ_EMD-29029_A
8FEL_EMD-29032_A	8FEJ_EMD-29029_A
8FMB_EMD-29291_A	8FMB_EMD-29291_A
8FNW_EMD-29328_A	8FNW_EMD-29328_A
8FNW_EMD-29328_M	8FNW_EMD-29328_M
8FOE_EMD-29347_C	8FOE_EMD-29347_C
8FOE_EMD-29347_B	8FOE_EMD-29347_B
8FOE_EMD-29347_A	8FOE_EMD-29347_A
8FQ1_EMD-29373_E	8FQ1_EMD-29373_E
8FQ1_EMD-29373_A	7TNK_EMD-26012_A
8FTK_EMD-29439_A	8FTK_EMD-29439_A
8FXR_EMD-29541_AC	8FXR_EMD-29541_AC
8FXR_EMD-29541_AE	8FXR_EMD-29541_AE
8FXR_EMD-29541_Y	8FXR_EMD-29541_Y
8FXR_EMD-29541_X	8FXR_EMD-29541_X
8G72_EMD-29794_B	8WTJ_EMD-37835_A
8G72_EMD-29794_A	8G72_EMD-29794_A
8G79_EMD-29803_D	8G79_EMD-29803_D
8G79_EMD-29803_A	8WTJ_EMD-37835_A
8GBS_EMD-29921_A	8GBS_EMD-29921_A
8GF7_EMD-29980_A	9D5C_EMD-29980_A
8GHA_EMD-40029_B	8GHA_EMD-40029_B
8GP3_EMD-34188_B	8GP3_EMD-34188_B
8GP3_EMD-34188_A	7R0C_EMD-14221_C
8GTC_EMD-34249_S	8GTC_EMD-34249_S
8GTC_EMD-34249_P	8GTC_EMD-34249_P
8GTC_EMD-34249_M	8GTC_EMD-34249_M
8GTC_EMD-34249_G	8GTC_EMD-34249_G
8GTC_EMD-34249_A	8GTC_EMD-34249_A
8GTD_EMD-34250_B	8GTD_EMD-34250_B
8GTD_EMD-34250_A	8GTD_EMD-34250_A
8GTF_EMD-34252_M	8GTF_EMD-34252_M
8H33_EMD-34449_F	8H33_EMD-34449_F
8H33_EMD-34449_E	8H33_EMD-34449_E
8H33_EMD-34449_A	8H3F_EMD-34467_I
8H34_EMD-34450_A	8H33_EMD-34449_F
8H34_EMD-34450_E	8H33_EMD-34449_E
8H34_EMD-34450_C	8H3F_EMD-34467_I
8H35_EMD-34451_E	8H33_EMD-34449_E
8H35_EMD-34451_C	8H3F_EMD-34467_I
8H35_EMD-34451_A	8H33_EMD-34449_F
8H36_EMD-34452_D	8H33_EMD-34449_F
8H36_EMD-34452_C	8H36_EMD-34452_C
8H36_EMD-34452_B	8H3F_EMD-34467_I
8H36_EMD-34452_A	8H33_EMD-34449_E
8H37_EMD-34453_E	8H33_EMD-34449_E
8H37_EMD-34453_A	8H33_EMD-34449_F
8H3A_EMD-34462_I	8H3F_EMD-34467_I
8H3A_EMD-34462_H	8H3F_EMD-34467_H
8H3A_EMD-34462_G	8H3A_EMD-34462_G
8H3A_EMD-34462_F	8H3F_EMD-34467_F
8H3A_EMD-34462_E	8H3F_EMD-34467_E
8H3A_EMD-34462_D	8H3F_EMD-34467_D
8H3A_EMD-34462_C	8H3F_EMD-34467_C
8H3A_EMD-34462_B	8H3F_EMD-34467_B
8H3A_EMD-34462_L	8H33_EMD-34449_E
8H3A_EMD-34462_A	8H3F_EMD-34467_A
8H3F_EMD-34467_I	8H3F_EMD-34467_I
8H3F_EMD-34467_H	8H3F_EMD-34467_H
8H3F_EMD-34467_G	8H3A_EMD-34462_G
8H3F_EMD-34467_F	8H3F_EMD-34467_F
8H3F_EMD-34467_E	8H3F_EMD-34467_E
8H3F_EMD-34467_D	8H3F_EMD-34467_D
8H3F_EMD-34467_C	8H3F_EMD-34467_C
8H3F_EMD-34467_B	8H3F_EMD-34467_B
8H3F_EMD-34467_L	8H33_EMD-34449_F
8H3F_EMD-34467_A	8H3F_EMD-34467_A
8H3R_EMD-34474_D	8H3F_EMD-34467_I
8H3R_EMD-34474_C	8H33_EMD-34449_F
8H3R_EMD-34474_A	8H33_EMD-34449_E
8H3S_EMD-32829_C	8H3S_EMD-32829_C
8H3S_EMD-32829_B	8H3S_EMD-32829_B
8H3S_EMD-32829_A	8H3S_EMD-32829_A
8H3U_EMD-32828_B	8H3S_EMD-32829_B
8H3U_EMD-32828_A	8H3S_EMD-32829_A
8HAE_EMD-34586_A	8PWL_EMD-17994_A
8HC6_EMD-34653_C	7V6O_EMD-31744_D
8HC6_EMD-34653_B	8HC6_EMD-34653_B
8HC7_EMD-34654_C	8HC6_EMD-34653_B
8HC7_EMD-34654_A	8WTJ_EMD-37835_A
8HCR_EMD-34664_I	8HCR_EMD-34664_I
8HCR_EMD-34664_H	8HCR_EMD-34664_H
8HCR_EMD-34664_F	8HCR_EMD-34664_F
8HCR_EMD-34664_E	8HCR_EMD-34664_E
8HCR_EMD-34664_C	8HCR_EMD-34664_C
8HCR_EMD-34664_B	8HCR_EMD-34664_B
8HCR_EMD-34664_A	8HCR_EMD-34664_A
8HEU_EMD-34692_A	7ETM_EMD-31299_A
8HGJ_EMD-34740_B	8HGJ_EMD-34740_B
8HGJ_EMD-34740_A	8HGJ_EMD-34740_A
8HIA_EMD-34813_A	8HIA_EMD-34813_A
8HMD_EMD-34896_A	8HMD_EMD-34896_A
8HMD_EMD-34896_B	8HMD_EMD-34896_B
8HMD_EMD-34896_C	8HMD_EMD-34896_C
8HMF_EMD-34898_A	8HMD_EMD-34896_A
8HRE_EMD-34968_A	8HRE_EMD-34968_A
8HSL_EMD-35000_F	8HSL_EMD-35000_F
8HSL_EMD-35000_E	8HSL_EMD-35000_E
8HSL_EMD-35000_D	8HSL_EMD-35000_D
8HSL_EMD-35000_C	8HSL_EMD-35000_C
8HSL_EMD-35000_A	8HSL_EMD-35000_A
8HWL_EMD-35059_A	8HWL_EMD-35059_A
8I13_EMD-35116_F	7QCD_EMD-13895_F
8I13_EMD-35116_C	7QCD_EMD-13895_C
8I13_EMD-35116_B	7QCD_EMD-13895_A
8I13_EMD-35116_A	7QCD_EMD-13895_B
8I21_EMD-35128_C	7QCD_EMD-13895_C
8I2H_EMD-35136_A	8I2H_EMD-35136_A
8I4U_EMD-35184_C	7QCD_EMD-13895_C
8I4U_EMD-35184_B	7QCD_EMD-13895_B
8I4U_EMD-35184_A	7QCD_EMD-13895_A
8I4V_EMD-35185_C	7QCD_EMD-13895_C
8I4W_EMD-35186_D	8I4W_EMD-35186_D
8I4W_EMD-35186_B	7QCD_EMD-13895_B
8I4W_EMD-35186_A	7QCD_EMD-13895_A
8I6U_EMD-35207_A	8I6U_EMD-35207_A
8I7O_EMD-35229_VF	8I7O_EMD-35229_VF
8I7O_EMD-35229_AE	8I7O_EMD-35229_AE
8I9J_EMD-35274_C	8I9J_EMD-35274_C
8I9J_EMD-35274_A	8I9J_EMD-35274_A
8I9M_EMD-35276_B	8I9M_EMD-35276_B
8I9M_EMD-35276_A	8I9M_EMD-35276_A
8IC2_EMD-35352_G	8IC2_EMD-35352_G
8IC2_EMD-35352_F	8IC2_EMD-35352_F
8IC2_EMD-35352_FB	8IC2_EMD-35352_FB
8IC2_EMD-35352_QA	8IC2_EMD-35352_QA
8IC2_EMD-35352_B	8IC2_EMD-35352_B
8IC2_EMD-35352_Q	8IC2_EMD-35352_Q
8IC2_EMD-35352_P	8IC2_EMD-35352_P
8IC2_EMD-35352_O	8IC2_EMD-35352_O
8IC2_EMD-35352_N	8IC2_EMD-35352_N
8IC2_EMD-35352_M	8IC2_EMD-35352_M
8IF6_EMD-35402_A	8IF6_EMD-35402_A
8IF6_EMD-35402_C	8IF6_EMD-35402_C
8IF6_EMD-35402_B	8IF6_EMD-35402_B
8IGQ_EMD-35437_D	8IGQ_EMD-35437_D
8IGQ_EMD-35437_B	8IGQ_EMD-35437_B
8IGQ_EMD-35437_A	8IGQ_EMD-35437_A
8IQF_EMD-35660_C	7Y5V_EMD-33626_C
8IQF_EMD-35660_B	7Y5V_EMD-33626_B
8IQF_EMD-35660_A	8IQF_EMD-35660_A
8IZN_EMD-35866_B	8IZN_EMD-35866_B
8IZN_EMD-35866_A	8IZN_EMD-35866_A
8J5Z_EMD-35996_A	8J5Z_EMD-35996_A
8JF7_EMD-36209_J	8JF7_EMD-36209_J
8JF7_EMD-36209_F	8JF7_EMD-36209_F
8JF7_EMD-36209_E	8JF7_EMD-36209_E
8JF7_EMD-36209_D	8JF7_EMD-36209_D
8JF7_EMD-36209_B	9C7P_EMD-45283_B
8JF7_EMD-36209_A	9C7P_EMD-45283_A
8JHK_EMD-36271_B	9LX0_EMD-63464_B
8JHK_EMD-36271_A	8ZJM_EMD-60150_A
8JPG_EMD-36479_E	8JPG_EMD-36479_E
8JPG_EMD-36479_A	8JPG_EMD-36479_A
8JYS_EMD-36730_B	8WTJ_EMD-37835_A
8K9B_EMD-36983_A	8WTJ_EMD-37835_A
8K9B_EMD-36983_B	8K9B_EMD-36983_B
8K9B_EMD-36983_C	8K9B_EMD-36983_C
8K9J_EMD-36988_C	8K9B_EMD-36983_C
8K9J_EMD-36988_B	8K9B_EMD-36983_B
8K9J_EMD-36988_A	8WTJ_EMD-37835_A
8K9M_EMD-36991_B	8K9B_EMD-36983_B
8K9M_EMD-36991_C	8K9B_EMD-36983_C
8K9M_EMD-36991_A	8WTJ_EMD-37835_A
8KC3_EMD-37091_E	8KC3_EMD-37091_E
8KC3_EMD-37091_D	8KC3_EMD-37091_D
8KC3_EMD-37091_A	8KC3_EMD-37091_A
8ODU_EMD-16817_A	8ODU_EMD-16817_A
8ODU_EMD-16817_C	8ODU_EMD-16817_C
8ODV_EMD-16819_A	8ODU_EMD-16817_A
8ODV_EMD-16819_C	8ODU_EMD-16817_C
8OF8_EMD-16850_J	7YV9_EMD-34121_A
8OF8_EMD-16850_A	7YV9_EMD-34121_B
8OJJ_EMD-16914_A	8OJJ_EMD-16914_A
8OOH_EMD-17015_A	8OOH_EMD-17015_A
8OSH_EMD-17153_A	8OSH_EMD-17153_A
8OVF_EMD-17213_A	8OVF_EMD-17213_A
8P13_EMD-17344_B	8P13_EMD-17344_B
8P13_EMD-17344_A	8P13_EMD-17344_A
8P15_EMD-17345_B	8P13_EMD-17344_B
8P15_EMD-17345_A	8P13_EMD-17344_A
8PQZ_EMD-17829_B	8PQZ_EMD-17829_B
8PQZ_EMD-17829_A	9E14_EMD-47383_A
8PWL_EMD-17994_A	8PWL_EMD-17994_A
8Q4G_EMD-18147_A	9MOD_EMD-48456_A
8Q4L_EMD-18149_A	8Q4L_EMD-18149_A
8Q5H_EMD-18179_D	8Q5H_EMD-18179_D
8QPU_EMD-18562_A	7NBX_EMD-12262_A
8QPU_EMD-18562_B	7NBX_EMD-12262_B
8QPU_EMD-18562_C	7RJ5_EMD-24481_E
8QPU_EMD-18562_F	7NCS_EMD-12271_C
8QPU_EMD-18562_E	8QPU_EMD-18562_E
8QPW_EMD-18564_F	8QPU_EMD-18562_E
8QPW_EMD-18564_E	7NBX_EMD-12262_E
8QPW_EMD-18564_B	7NBX_EMD-12262_B
8QPW_EMD-18564_A	7NBX_EMD-12262_A
8QQL_EMD-18595_A	8QQL_EMD-18595_A
8QQM_EMD-18596_C	8QQM_EMD-18596_C
8QV0_EMD-18664_B	8QV0_EMD-18664_B
8QV0_EMD-18664_A	8QV0_EMD-18664_A
8QX8_EMD-18701_F	8QX8_EMD-18701_F
8QX8_EMD-18701_D	8QX8_EMD-18701_D
8QX8_EMD-18701_C	8QX8_EMD-18701_C
8QX8_EMD-18701_B	8QX8_EMD-18701_B
8QX8_EMD-18701_A	8QX8_EMD-18701_A
8RBG_EMD-19031_A	7YV9_EMD-34121_A
8RHN_EMD-19177_A	8RHN_EMD-19177_A
8RHN_EMD-19177_E	8RHN_EMD-19177_E
8RHN_EMD-19177_I	8RHN_EMD-19177_I
8RHN_EMD-19177_G	8RHN_EMD-19177_G
8RJK_EMD-19250_A	8RJK_EMD-19250_A
8RK5_EMD-19260_B	8RK5_EMD-19260_B
8RK5_EMD-19260_A	8RK5_EMD-19260_A
8RRT_EMD-19464_I	8RRT_EMD-19464_I
8RRT_EMD-19464_E	6X36_EMD-22019_A
8RRT_EMD-19464_A	8RRU_EMD-19465_E
8RRU_EMD-19465_I	8RRT_EMD-19464_I
8RRU_EMD-19465_E	8RRU_EMD-19465_E
8RRU_EMD-19465_A	6X36_EMD-22019_A
8RTA_EMD-19484_E	8RTA_EMD-19484_E
8RTY_EMD-19499_J	8RTY_EMD-19499_J
8RTY_EMD-19499_E	8RTY_EMD-19499_E
8RTY_EMD-19499_A	9MOD_EMD-48456_A
8RVE_EMD-16844_A	8RVE_EMD-16844_A
8S41_EMD-19708_A	8S41_EMD-19708_A
8SAL_EMD-40273_D	8SAT_EMD-40279_D
8SAL_EMD-40273_C	8SAL_EMD-40273_C
8SAL_EMD-40273_B	8SAL_EMD-40273_B
8SAL_EMD-40273_A	8SAL_EMD-40273_A
8SAT_EMD-40279_D	8SAT_EMD-40279_D
8SAT_EMD-40279_C	8SAL_EMD-40273_C
8SAT_EMD-40279_B	8SAL_EMD-40273_B
8SAT_EMD-40279_A	8SAL_EMD-40273_A
8SIN_EMD-40510_B	7YV9_EMD-34121_B
8SL3_EMD-40572_B	8XWQ_EMD-38741_D
8SL3_EMD-40572_A	8SL3_EMD-40572_A
8SL4_EMD-40573_A	8SL3_EMD-40572_A
8SLI_EMD-40578_A	8SLI_EMD-40578_A
8SLQ_EMD-40580_A	8SLI_EMD-40578_A
8SQZ_EMD-40715_A	8SQZ_EMD-40715_A
8SSL_EMD-40751_A	8SSL_EMD-40751_A
8STA_EMD-40758_A	8SSL_EMD-40751_A
8SXI_EMD-40853_D	8SXI_EMD-40853_D
8SXI_EMD-40853_C	8SXI_EMD-40853_C
8SXI_EMD-40853_B	8SXI_EMD-40853_B
8SXI_EMD-40853_A	8SXI_EMD-40853_A
8T1H_EMD-40967_A	8T1H_EMD-40967_A
8T1I_EMD-40968_I	8T1L_EMD-40971_I
8T1I_EMD-40968_C	8T9D_EMD-41107_C
8T1I_EMD-40968_V	8T1I_EMD-40968_V
8T1I_EMD-40968_T	8T1I_EMD-40968_T
8T1I_EMD-40968_O	8T1I_EMD-40968_O
8T1I_EMD-40968_M	8T1I_EMD-40968_M
8T1I_EMD-40968_L	8T9D_EMD-41107_L
8T1I_EMD-40968_K	8T9D_EMD-41107_K
8T1I_EMD-40968_J	8T1I_EMD-40968_J
8T1I_EMD-40968_A	8T9D_EMD-41107_A
8T1L_EMD-40971_C	8T1L_EMD-40971_C
8T1L_EMD-40971_J	8T1I_EMD-40968_J
8T1L_EMD-40971_K	8T9D_EMD-41107_K
8T1L_EMD-40971_L	8T9D_EMD-41107_L
8T1L_EMD-40971_M	8T1I_EMD-40968_M
8T1L_EMD-40971_T	8T1I_EMD-40968_V
8T1L_EMD-40971_I	8T1L_EMD-40971_I
8T1L_EMD-40971_V	8T9D_EMD-41107_V
8T1L_EMD-40971_O	8T1L_EMD-40971_O
8T1L_EMD-40971_A	8T1L_EMD-40971_A
8T4I_EMD-41032_B	8T4I_EMD-41032_B
8T4I_EMD-41032_A	8T4I_EMD-41032_A
8T8F_EMD-41098_E	7QCD_EMD-13895_F
8T8F_EMD-41098_D	7QCD_EMD-13895_B
8T8F_EMD-41098_C	7QCD_EMD-13895_A
8T8F_EMD-41098_B	8I4W_EMD-35186_D
8T9D_EMD-41107_A	8T9D_EMD-41107_A
8T9D_EMD-41107_C	8T9D_EMD-41107_C
8T9D_EMD-41107_I	8T1L_EMD-40971_I
8T9D_EMD-41107_J	8T1I_EMD-40968_J
8T9D_EMD-41107_K	8T9D_EMD-41107_K
8T9D_EMD-41107_L	8T9D_EMD-41107_L
8T9D_EMD-41107_M	8T1I_EMD-40968_M
8T9D_EMD-41107_O	8T1L_EMD-40971_O
8T9D_EMD-41107_T	8T1I_EMD-40968_V
8T9D_EMD-41107_V	8T9D_EMD-41107_V
8TFC_EMD-41229_A	8TFC_EMD-41229_A
8TH8_EMD-41251_I	8TH8_EMD-41251_I
8TH8_EMD-41251_H	8TH8_EMD-41251_H
8TH8_EMD-41251_G	8TH8_EMD-41251_G
8TH8_EMD-41251_F	8TH8_EMD-41251_F
8TH8_EMD-41251_C	8TH8_EMD-41251_C
8TH8_EMD-41251_P	8TH8_EMD-41251_P
8TH8_EMD-41251_L	8TH8_EMD-41251_L
8TJ5_EMD-41300_W	8TJ5_EMD-41300_W
8TJ5_EMD-41300_V	8TJ5_EMD-41300_V
8TJ5_EMD-41300_U	8TJ5_EMD-41300_U
8TJ5_EMD-41300_T	8TJ5_EMD-41300_T
8TJ5_EMD-41300_S	8TJ5_EMD-41300_S
8TUW_EMD-41633_A	8TUW_EMD-41633_A
8U5B_EMD-41915_B	7TDM_EMD-25834_B
8U5B_EMD-41915_A	8U5B_EMD-41915_A
8UBU_EMD-42105_A	8UBU_EMD-42105_A
8UBU_EMD-42105_B	8H33_EMD-34449_E
8UBU_EMD-42105_C	8UBU_EMD-42105_C
8UBU_EMD-42105_D	8UBU_EMD-42105_D
8UBU_EMD-42105_E	8UBU_EMD-42105_E
8UCR_EMD-42136_A	8UCR_EMD-42136_A
8UDG_EMD-42149_A	8UDG_EMD-42149_A
8UF8_EMD-42186_A	8UF8_EMD-42186_A
8UGR_EMD-42233_G	8IC2_EMD-35352_G
8UGR_EMD-42233_E	8UGR_EMD-42233_E
8UGR_EMD-42233_AE	8UGR_EMD-42233_AE
8UGR_EMD-42233_GB	8UGR_EMD-42233_GB
8UGR_EMD-42233_EB	8UGR_EMD-42233_EB
8UGR_EMD-42233_DB	8UGR_EMD-42233_DB
8UGR_EMD-42233_S	8UGR_EMD-42233_S
8UOX_EMD-42439_D	8UOX_EMD-42439_D
8UP1_EMD-42442_A	8UP1_EMD-42442_A
8UQI_EMD-42469_A	8UQI_EMD-42469_A
8UQK_EMD-42472_A	8UQI_EMD-42469_A
8UWW_EMD-42681_D	9MOK_EMD-48468_I
8UWW_EMD-42681_C	9MOD_EMD-48456_H
8UWW_EMD-42681_A	9MOD_EMD-48456_A
8UWX_EMD-42682_C	9MOD_EMD-48456_H
8UWX_EMD-42682_A	9MOD_EMD-48456_A
8UWY_EMD-42683_C	9MOD_EMD-48456_H
8UWY_EMD-42683_A	9MOD_EMD-48456_A
8UYD_EMD-42800_A	9MOD_EMD-48456_A
8UZ5_EMD-42833_A	9MOD_EMD-48456_A
8UZ6_EMD-42835_A	9MOD_EMD-48456_A
8UZX_EMD-42846_A	9MOD_EMD-48456_A
8UZY_EMD-42847_A	9MOD_EMD-48456_A
8V01_EMD-42849_A	9MOD_EMD-48456_A
8V0I_EMD-42856_D	9MOK_EMD-48468_I
8V0I_EMD-42856_C	9MOD_EMD-48456_H
8V0I_EMD-42856_A	9MOD_EMD-48456_A
8V0K_EMD-42858_C	9MOD_EMD-48456_H
8V0K_EMD-42858_A	9MOD_EMD-48456_A
8V0Y_EMD-42874_C	9MOD_EMD-48456_H
8V0Y_EMD-42874_A	9MOD_EMD-48456_A
8V41_EMD-42963_A	8V43_EMD-42964_A
8V41_EMD-42963_B	8V41_EMD-42963_B
8V41_EMD-42963_E	8V41_EMD-42963_E
8V41_EMD-42963_G	8V41_EMD-42963_G
8V43_EMD-42964_D	8V41_EMD-42963_B
8V43_EMD-42964_C	8V41_EMD-42963_E
8V43_EMD-42964_B	8V41_EMD-42963_G
8V43_EMD-42964_A	8V43_EMD-42964_A
8VAN_EMD-43096_F	8VAN_EMD-43096_F
8VAN_EMD-43096_E	8VAN_EMD-43096_E
8VAN_EMD-43096_B	8VAN_EMD-43096_B
8VAN_EMD-43096_A	8VAN_EMD-43096_A
8VDQ_EMD-43155_A	8VDQ_EMD-43155_A
8VHI_EMD-43238_A	8VHI_EMD-43238_A
8VHJ_EMD-43239_A	8VHI_EMD-43238_A
8VHK_EMD-43240_A	8VHI_EMD-43238_A
8VJ7_EMD-43276_A	7TNK_EMD-26012_A
8VKQ_EMD-43327_C	8YJT_EMD-39349_C
8VLZ_EMD-43349_A	8VLZ_EMD-43349_A
8VM4_EMD-43349_A	8VLZ_EMD-43349_A
8VRD_EMD-43481_G	8VRD_EMD-43481_G
8VRD_EMD-43481_F	8VRD_EMD-43481_F
8VRD_EMD-43481_E	9MOD_EMD-48456_A
8VRD_EMD-43481_C	8VRD_EMD-43481_C
8VRD_EMD-43481_B	7QJ0_EMD-14005_J
8VRD_EMD-43481_A	9G3Y_EMD-51018_B
8VRJ_EMD-43482_R	9G3Y_EMD-51018_J
8VRJ_EMD-43482_Q	7QJ0_EMD-14005_G
8VRJ_EMD-43482_I	8VRD_EMD-43481_F
8VRJ_EMD-43482_H	9MOD_EMD-48456_A
8VRJ_EMD-43482_F	8VRD_EMD-43481_C
8VRJ_EMD-43482_D	9G3Y_EMD-51018_B
8VRJ_EMD-43482_C	7QJ0_EMD-14005_J
8VRJ_EMD-43482_B	8VRJ_EMD-43482_B
8VRJ_EMD-43482_A	8VRJ_EMD-43482_A
8VWI_EMD-43588_J	8VWJ_EMD-43589_J
8VWI_EMD-43588_K	8VWJ_EMD-43589_K
8VWI_EMD-43588_N	9H2A_EMD-51791_L
8VWI_EMD-43588_O	8VWJ_EMD-43589_O
8VWI_EMD-43588_P	8VWI_EMD-43588_P
8VWI_EMD-43588_G	8VWI_EMD-43588_G
8VWI_EMD-43588_A	8VWI_EMD-43588_A
8VWJ_EMD-43589_P	8VWI_EMD-43588_P
8VWJ_EMD-43589_O	8VWJ_EMD-43589_O
8VWJ_EMD-43589_N	9H2A_EMD-51791_L
8VWJ_EMD-43589_K	8VWJ_EMD-43589_K
8VWJ_EMD-43589_J	8VWJ_EMD-43589_J
8VWJ_EMD-43589_G	8VWI_EMD-43588_G
8VWJ_EMD-43589_A	8VWI_EMD-43588_A
8W1I_EMD-43726_A	8W1I_EMD-43726_A
8W9P_EMD-37378_R	8W9P_EMD-37378_R
8W9P_EMD-37378_P	8W9P_EMD-37378_P
8W9P_EMD-37378_C	8W9Q_EMD-37379_C
8W9P_EMD-37378_A	8W9P_EMD-37378_A
8W9Q_EMD-37379_R	8W9P_EMD-37378_R
8W9Q_EMD-37379_P	8W9P_EMD-37378_P
8W9Q_EMD-37379_C	8W9Q_EMD-37379_C
8W9Q_EMD-37379_A	8W9P_EMD-37378_A
8W9R_EMD-37380_P	8W9P_EMD-37378_P
8W9R_EMD-37380_C	8W9Q_EMD-37379_C
8W9R_EMD-37380_A	8W9P_EMD-37378_A
8WGC_EMD-37508_A	8WGC_EMD-37508_A
8WIW_EMD-37570_C	8YJT_EMD-39349_C
8WIW_EMD-37570_A	8UOX_EMD-42439_D
8WJL_EMD-37584_C	7QCD_EMD-13895_C
8WJL_EMD-37584_B	7QCD_EMD-13895_A
8WJL_EMD-37584_A	7QCD_EMD-13895_B
8WJN_EMD-37586_B	7QCD_EMD-13895_A
8WJN_EMD-37586_A	7QCD_EMD-13895_B
8WJO_EMD-37587_C	7QCD_EMD-13895_C
8WTJ_EMD-37835_A	8WTJ_EMD-37835_A
8X9W_EMD-38186_O	8XA1_EMD-38191_G
8X9W_EMD-38186_A	6LGN_EMD-0881_A
8XA1_EMD-38191_A	6LGN_EMD-0881_A
8XA1_EMD-38191_G	8XA1_EMD-38191_G
8XA1_EMD-38191_C	8XA1_EMD-38191_C
8XKM_EMD-38420_C	8XKM_EMD-38420_C
8XKM_EMD-38420_A	7PG0_EMD-13385_A
8XM7_EMD-38466_B	9LX0_EMD-63464_B
8XM7_EMD-38466_A	8ZJM_EMD-60150_A
8XOU_EMD-38541_A	8XOU_EMD-38541_A
8XVA_EMD-38694_B	8XVA_EMD-38694_B
8XWQ_EMD-38741_D	8XWQ_EMD-38741_D
8XWQ_EMD-38741_B	8XWQ_EMD-38741_B
8XWQ_EMD-38741_A	8XWQ_EMD-38741_A
8Y1L_EMD-38839_A	8KC3_EMD-37091_A
8Y1L_EMD-38839_E	8KC3_EMD-37091_E
8Y1L_EMD-38839_D	8KC3_EMD-37091_D
8YAX_EMD-39107_A	8YAX_EMD-39107_A
8YAX_EMD-39107_C	8YAX_EMD-39107_C
8YB7_EMD-39112_C	8YAX_EMD-39107_C
8YB7_EMD-39112_A	8YAX_EMD-39107_A
8YBS_EMD-34546_D	8YBZ_EMD-34603_E
8YBS_EMD-34546_C	8YBS_EMD-34546_C
8YBS_EMD-34546_B	8WTJ_EMD-37835_A
8YBS_EMD-34546_A	8WTJ_EMD-37835_A
8YBZ_EMD-34603_E	8YBZ_EMD-34603_E
8YBZ_EMD-34603_D	8YBZ_EMD-34603_D
8YBZ_EMD-34603_A	8WTJ_EMD-37835_A
8YDX_EMD-39184_A	8YDX_EMD-39184_A
8YDY_EMD-39185_A	8WTJ_EMD-37835_A
8YDZ_EMD-39186_A	8WTJ_EMD-37835_A
8YFG_EMD-39223_A	8YFG_EMD-39223_A
8YGA_EMD-39240_A	8YGA_EMD-39240_A
8YGF_EMD-39246_C	8YGF_EMD-39246_C
8YGF_EMD-39246_A	8YGA_EMD-39240_A
8YJT_EMD-39349_C	8YJT_EMD-39349_C
8YO9_EMD-39438_A	8YO9_EMD-39438_A
8YOD_EMD-39444_B	8YOD_EMD-39444_B
8YOD_EMD-39444_A	8YO9_EMD-39438_A
8YQF_EMD-39498_A	8YQF_EMD-39498_A
8YS2_EMD-38376_M	8YS2_EMD-38376_M
8YS2_EMD-38376_C	8YS2_EMD-38376_C
8YS2_EMD-38376_B	8YS2_EMD-38376_B
8YS2_EMD-38376_A	8YS2_EMD-38376_A
8YS4_EMD-38377_Q	8YS4_EMD-38377_Q
8YS4_EMD-38377_M	8YS4_EMD-38377_M
8YS4_EMD-38377_C	8YS2_EMD-38376_C
8YS4_EMD-38377_B	8YS2_EMD-38376_B
8YS4_EMD-38377_A	8YS2_EMD-38376_A
8YTC_EMD-39571_A	8YTC_EMD-39571_A
8Z6Q_EMD-39801_C	8Z6Q_EMD-39801_C
8Z6Q_EMD-39801_B	8YBZ_EMD-34603_E
8Z6Q_EMD-39801_A	8WTJ_EMD-37835_A
8Z94_EMD-39854_A	8Z94_EMD-39854_A
8Z9V_EMD-39869_A	8Z9V_EMD-39869_A
8ZC6_EMD-39924_E	8ZC6_EMD-39924_E
8ZC6_EMD-39924_D	8ZC6_EMD-39924_D
8ZC6_EMD-39924_A	8WTJ_EMD-37835_A
8ZJ2_EMD-60136_G	9LX0_EMD-63464_C
8ZJ2_EMD-60136_E	8ZJM_EMD-60150_A
8ZJ2_EMD-60136_B	9LX0_EMD-63464_D
8ZJ2_EMD-60136_A	9LX0_EMD-63464_B
8ZJM_EMD-60150_C	9LX0_EMD-63464_D
8ZJM_EMD-60150_B	9LX0_EMD-63464_B
8ZJM_EMD-60150_A	8ZJM_EMD-60150_A
8ZKM_EMD-60199_E	8ZKM_EMD-60199_E
8ZKM_EMD-60199_B	8ZKM_EMD-60199_B
8ZKM_EMD-60199_A	8ZKM_EMD-60199_A
9AY5_EMD-43960_AB	9AY5_EMD-43960_AB
9AY5_EMD-43960_A	9AY5_EMD-43960_A
9B8L_EMD-44349_A	9B8L_EMD-44349_A
9BD1_EMD-44443_A	9BD1_EMD-44443_A
9BD8_EMD-44446_B	9BD8_EMD-44446_B
9BD8_EMD-44446_A	9BD1_EMD-44443_A
9BRR_EMD-44841_X	9BRR_EMD-44841_X
9BRR_EMD-44841_Q	9BRR_EMD-44841_Q
9BYW_EMD-45046_A	9BYW_EMD-45046_A
9BZ9_EMD-45057_A	9BYW_EMD-45046_A
9BZ9_EMD-45057_C	9BZ9_EMD-45057_C
9BZH_EMD-45067_A	9BYW_EMD-45046_A
9C4K_EMD-45190_Q	9CBC_EMD-45422_Q
9C4K_EMD-45190_P	9CBC_EMD-45422_P
9C4K_EMD-45190_C	9CBC_EMD-45422_C
9C4K_EMD-45190_B	9CBC_EMD-45422_B
9C4K_EMD-45190_A	9CBC_EMD-45422_A
9C58_EMD-45207_A	9C58_EMD-45207_A
9C5B_EMD-45213_C	9C58_EMD-45207_A
9C5B_EMD-45213_A	9C5B_EMD-45213_A
9C62_EMD-45240_M	9C62_EMD-45240_M
9C62_EMD-45240_K	9C62_EMD-45240_K
9C62_EMD-45240_J	9C62_EMD-45240_J
9C62_EMD-45240_I	9MOD_EMD-48456_A
9C62_EMD-45240_H	9C62_EMD-45240_H
9C62_EMD-45240_G	9C62_EMD-45240_G
9C62_EMD-45240_F	9C62_EMD-45240_F
9C62_EMD-45240_B	9C62_EMD-45240_B
9C62_EMD-45240_N	9C62_EMD-45240_N
9C62_EMD-45240_A	9C62_EMD-45240_A
9C7P_EMD-45283_B	9C7P_EMD-45283_B
9C7P_EMD-45283_A	9C7P_EMD-45283_A
9C82_EMD-45297_D	9C82_EMD-45297_D
9C82_EMD-45297_C	9C82_EMD-45297_C
9C82_EMD-45297_B	9C82_EMD-45297_B
9C82_EMD-45297_A	9MHH_EMD-48278_A
9CBC_EMD-45422_Q	9CBC_EMD-45422_Q
9CBC_EMD-45422_P	9CBC_EMD-45422_P
9CBC_EMD-45422_C	9CBC_EMD-45422_C
9CBC_EMD-45422_B	9CBC_EMD-45422_B
9CBC_EMD-45422_A	9CBC_EMD-45422_A
9CHO_EMD-45591_A	9CHO_EMD-45591_A
9CM5_EMD-45739_A	9CM5_EMD-45739_A
9CN0_EMD-45755_A	9CN0_EMD-45755_A
9CN1_EMD-45756_A	9CN0_EMD-45755_A
9COD_EMD-45776_A	9COD_EMD-45776_A
9CR2_EMD-45830_E	9CR2_EMD-45830_E
9CR2_EMD-45830_G	9CR2_EMD-45830_G
9CR2_EMD-45830_A	9CR2_EMD-45830_A
9CS3_EMD-45886_E	9CS3_EMD-45886_E
9CS3_EMD-45886_D	9CS3_EMD-45886_D
9CS3_EMD-45886_B	7YLU_EMD-33917_B
9CS3_EMD-45886_A	9CR2_EMD-45830_A
9CS4_EMD-45887_H	7YLU_EMD-33917_H
9CS4_EMD-45887_G	7YLU_EMD-33917_G
9CS4_EMD-45887_E	9CS3_EMD-45886_D
9CS4_EMD-45887_D	9CR2_EMD-45830_G
9CS4_EMD-45887_B	7YLU_EMD-33917_B
9CS4_EMD-45887_A	9CR2_EMD-45830_A
9CTH_EMD-42405_E	9CTH_EMD-42405_E
9CTH_EMD-42405_D	9CTH_EMD-42405_D
9CTH_EMD-42405_C	9CTH_EMD-42405_C
9CTH_EMD-42405_B	9CTH_EMD-42405_B
9CTH_EMD-42405_A	9CTH_EMD-42405_A
9D2F_EMD-46494_L	9D2F_EMD-46494_L
9D2F_EMD-46494_K	9D2F_EMD-46494_K
9D2F_EMD-46494_J	9D2F_EMD-46494_J
9D2F_EMD-46494_G	9D2F_EMD-46494_G
9D2F_EMD-46494_F	9MOD_EMD-48456_A
9D2F_EMD-46494_E	9D2F_EMD-46494_E
9D2F_EMD-46494_D	9D2F_EMD-46494_D
9D2F_EMD-46494_B	9D2F_EMD-46494_B
9D2F_EMD-46494_V	9D2F_EMD-46494_V
9D2F_EMD-46494_U	9D2F_EMD-46494_U
9D2F_EMD-46494_T	9D2F_EMD-46494_T
9D2F_EMD-46494_S	9D2F_EMD-46494_S
9D2F_EMD-46494_R	9D2F_EMD-46494_R
9D2F_EMD-46494_Q	9D2F_EMD-46494_Q
9D2F_EMD-46494_P	9D2F_EMD-46494_P
9D2F_EMD-46494_O	9D2F_EMD-46494_O
9D2F_EMD-46494_A	9D2F_EMD-46494_A
9D5C_EMD-29980_A	9D5C_EMD-29980_A
9DGT_EMD-46847_M	9DGT_EMD-46847_M
9DGT_EMD-46847_L	9DGU_EMD-46848_L
9DGT_EMD-46847_K	9DGU_EMD-46848_K
9DGT_EMD-46847_J	9DGU_EMD-46848_J
9DGT_EMD-46847_H	9MOD_EMD-48456_A
9DGT_EMD-46847_Z	9E14_EMD-47383_A
9DGT_EMD-46847_V	6ZNO_EMD-11319_H
9DGT_EMD-46847_U	9DGU_EMD-46848_U
9DGT_EMD-46847_A	9DGU_EMD-46848_A
9DGU_EMD-46848_M	9DGT_EMD-46847_M
9DGU_EMD-46848_L	9DGU_EMD-46848_L
9DGU_EMD-46848_K	9DGU_EMD-46848_K
9DGU_EMD-46848_J	9DGU_EMD-46848_J
9DGU_EMD-46848_H	9MOD_EMD-48456_A
9DGU_EMD-46848_V	6ZNO_EMD-11319_H
9DGU_EMD-46848_U	9DGU_EMD-46848_U
9DGU_EMD-46848_A	9DGU_EMD-46848_A
9DHQ_EMD-46873_E	7TNK_EMD-26012_A
9DHQ_EMD-46873_A	7TNK_EMD-26012_A
9DLG_EMD-46977_A	9DLG_EMD-46977_A
9DNN_EMD-47043_A	7PG0_EMD-13385_A
9DRL_EMD-47128_A	9DRL_EMD-47128_A
9DRL_EMD-47128_B	9DRL_EMD-47128_B
9DRY_EMD-47134_B	9DRY_EMD-47134_B
9DRY_EMD-47134_A	9DRY_EMD-47134_A
9DW7_EMD-47237_A	6WJF_EMD-21692_A
9DWU_EMD-47265_C	9DWU_EMD-47265_C
9DWU_EMD-47265_A	9DWU_EMD-47265_A
9E12_EMD-47381_K	9E23_EMD-47430_H
9E12_EMD-47381_I	7KZM_EMD-23082_Y
9E12_EMD-47381_G	9E14_EMD-47383_G
9E12_EMD-47381_E	9E14_EMD-47383_E
9E12_EMD-47381_C	9E14_EMD-47383_C
9E12_EMD-47381_A	9E14_EMD-47383_A
9E13_EMD-47382_K	9E23_EMD-47430_H
9E13_EMD-47382_I	7KZM_EMD-23082_Y
9E13_EMD-47382_G	9E14_EMD-47383_G
9E13_EMD-47382_E	9E14_EMD-47383_E
9E13_EMD-47382_C	9E14_EMD-47383_C
9E13_EMD-47382_A	9E14_EMD-47383_A
9E14_EMD-47383_K	9E23_EMD-47430_H
9E14_EMD-47383_I	7KZM_EMD-23082_Y
9E14_EMD-47383_G	9E14_EMD-47383_G
9E14_EMD-47383_E	9E14_EMD-47383_E
9E14_EMD-47383_C	9E14_EMD-47383_C
9E14_EMD-47383_A	9E14_EMD-47383_A
9E23_EMD-47430_A	9E14_EMD-47383_G
9E23_EMD-47430_C	9E14_EMD-47383_C
9E23_EMD-47430_D	7KZM_EMD-23082_Y
9E23_EMD-47430_H	9E23_EMD-47430_H
9EAD_EMD-47830_C	9EAD_EMD-47830_C
9EAD_EMD-47830_B	9EAD_EMD-47830_B
9EAD_EMD-47830_A	9EAD_EMD-47830_A
9EDD_EMD-47945_A	6WJF_EMD-21692_A
9EDD_EMD-47945_B	9EDD_EMD-47945_B
9EDE_EMD-47946_B	9EDD_EMD-47945_B
9EDE_EMD-47946_A	6WJF_EMD-21692_A
9EK1_EMD-47842_A	7OVQ_EMD-13087_A
9EK3_EMD-52060_A	7OVQ_EMD-13087_A
9ELD_EMD-48145_A	9ELD_EMD-48145_A
9EOF_EMD-19853_C	9EOF_EMD-19853_C
9EOF_EMD-19853_D	9EOF_EMD-19853_D
9EPR_EMD-19884_B	8XWQ_EMD-38741_D
9EPR_EMD-19884_A	8P13_EMD-17344_B
9EUF_EMD-19968_X	9EUG_EMD-19969_M
9EUF_EMD-19968_W	9EUF_EMD-19968_W
9EUF_EMD-19968_A	9EUF_EMD-19968_A
9EUG_EMD-19969_A	9EUG_EMD-19969_A
9EUG_EMD-19969_C	9EUG_EMD-19969_C
9EUG_EMD-19969_E	9EUG_EMD-19969_E
9EUG_EMD-19969_F	9EUG_EMD-19969_F
9EUG_EMD-19969_L	9EUF_EMD-19968_W
9EUG_EMD-19969_P	9EUG_EMD-19969_P
9EUG_EMD-19969_R	9EUG_EMD-19969_R
9EUG_EMD-19969_M	9EUG_EMD-19969_M
9EUG_EMD-19969_H	9EUG_EMD-19969_H
9EUG_EMD-19969_B	9EUG_EMD-19969_B
9F5W_EMD-50201_D	9F5W_EMD-50201_D
9F5W_EMD-50201_B	9F5W_EMD-50201_B
9F5W_EMD-50201_A	9F5W_EMD-50201_A
9F62_EMD-50210_AD	9F62_EMD-50210_AD
9F62_EMD-50210_BH	9F62_EMD-50210_BH
9F62_EMD-50210_FC	9F62_EMD-50210_FC
9F62_EMD-50210_CG	9F62_EMD-50210_CG
9F62_EMD-50210_FB	9F62_EMD-50210_FB
9F62_EMD-50210_C	9F62_EMD-50210_C
9F62_EMD-50210_A	9F62_EMD-50210_A
9F6Z_EMD-17349_A	9F6Z_EMD-17349_A
9F9Q_EMD-16917_A	9F9Q_EMD-16917_A
9FCH_EMD-50314_A	9FCH_EMD-50314_A
9FNO_EMD-50600_E	9FNO_EMD-50600_E
9FNO_EMD-50600_D	9FNO_EMD-50600_D
9FO3_EMD-50615_A	9FO3_EMD-50615_A
9G3Y_EMD-51018_B	9G3Y_EMD-51018_B
9G3Y_EMD-51018_I	7QJ0_EMD-14005_G
9G3Y_EMD-51018_L	9G3Y_EMD-51018_L
9G3Y_EMD-51018_J	9G3Y_EMD-51018_J
9G3Y_EMD-51018_A	9G3Y_EMD-51018_A
9G69_EMD-51096_C	9G69_EMD-51096_C
9G69_EMD-51096_A	9G69_EMD-51096_A
9G93_EMD-45459_A	9G93_EMD-45459_A
9GA2_EMD-51169_A	9GA2_EMD-51169_A
9GE8_EMD-51293_B	9GE8_EMD-51293_B
9GE8_EMD-51293_A	9GE8_EMD-51293_A
9GKO_EMD-51431_A	9GKO_EMD-51431_A
9GNH_EMD-51470_A	9GNH_EMD-51470_A
9GOT_EMD-51500_A	9GOT_EMD-51500_A
9GSX_EMD-51557_W	6SIH_EMD-10210_A
9GSX_EMD-51557_L	9GSX_EMD-51557_L
9GSX_EMD-51557_A	9GSX_EMD-51557_A
9H2A_EMD-51791_L	9H2A_EMD-51791_L
9H2A_EMD-51791_I	8VWI_EMD-43588_G
9H2A_EMD-51791_G	8VWI_EMD-43588_A
9H2A_EMD-51791_F	8VWJ_EMD-43589_O
9H2A_EMD-51791_E	8VWI_EMD-43588_P
9H2A_EMD-51791_C	8VWJ_EMD-43589_K
9H2A_EMD-51791_A	8VWJ_EMD-43589_J
9H2J_EMD-51808_O	9H2J_EMD-51808_O
9H2J_EMD-51808_K	9H2A_EMD-51791_L
9H2J_EMD-51808_F	8VWI_EMD-43588_A
9H2J_EMD-51808_E	8VWJ_EMD-43589_O
9H2J_EMD-51808_C	8VWJ_EMD-43589_K
9H2J_EMD-51808_A	8VWJ_EMD-43589_J
9H4I_EMD-51852_A	9H4I_EMD-51852_A
9HF2_EMD-52105_A	9HF2_EMD-52105_A
9HGE_EMD-52134_A	9HGE_EMD-52134_A
9HHL_EMD-52171_A	9E14_EMD-47383_C
9HHL_EMD-52171_B	9HHL_EMD-52171_B
9HHL_EMD-52171_D	9DGU_EMD-46848_A
9HHL_EMD-52171_J	9MOD_EMD-48456_A
9HHL_EMD-52171_L	9DGU_EMD-46848_J
9HHL_EMD-52171_M	9DGU_EMD-46848_K
9HHL_EMD-52171_N	9DGU_EMD-46848_L
9HHL_EMD-52171_Q	9HHL_EMD-52171_Q
9HHL_EMD-52171_U	6ZNN_EMD-11318_H
9HHL_EMD-52171_W	6ZNN_EMD-11318_I
9HHL_EMD-52171_Y	9E14_EMD-47383_A
9HQ7_EMD-52340_A	9GOT_EMD-51500_A
9HQC_EMD-52341_A	9GOT_EMD-51500_A
9I1I_EMD-52570_A	9I1I_EMD-52570_A
9I3N_EMD-52601_A	9I3N_EMD-52601_A
9I3O_EMD-52602_A	9I3N_EMD-52601_A
9I8N_EMD-52730_A	9I8N_EMD-52730_A
9I8N_EMD-52730_I	7QJ0_EMD-14005_G
9I8N_EMD-52730_P	9MOD_EMD-48456_A
9I8N_EMD-52730_L	9I8N_EMD-52730_L
9I8N_EMD-52730_J	9I8N_EMD-52730_J
9I8N_EMD-52730_B	9I8N_EMD-52730_B
9ILV_EMD-60675_A	9ILV_EMD-60675_A
9JCH_EMD-61366_A	9JCH_EMD-61366_A
9JCT_EMD-61374_A	9JCH_EMD-61366_A
9K6V_EMD-62137_A	9K6V_EMD-62137_A
9K6W_EMD-62138_A	9K6V_EMD-62137_A
9KHT_EMD-62354_B	7QO4_EMD-14083_I
9KHT_EMD-62354_A	7QO4_EMD-14083_I
9KYW_EMD-61461_B	9KYW_EMD-61461_B
9L46_EMD-62807_C	9L46_EMD-62807_C
9L46_EMD-62807_A	9L46_EMD-62807_A
9L4F_EMD-62812_A	9L46_EMD-62807_A
9L8P_EMD-62702_O	9L8P_EMD-62702_O
9L8P_EMD-62702_A	9L8P_EMD-62702_A
9LWO_EMD-63452_A	9LWO_EMD-63452_A
9LX0_EMD-63464_D	9LX0_EMD-63464_D
9LX0_EMD-63464_C	9LX0_EMD-63464_C
9LX0_EMD-63464_B	9LX0_EMD-63464_B
9LX0_EMD-63464_A	8ZJM_EMD-60150_A
9LXH_EMD-63477_C	9LX0_EMD-63464_C
9LXH_EMD-63477_B	9LX0_EMD-63464_B
9LXH_EMD-63477_A	8ZJM_EMD-60150_A
9M7Z_EMD-63698_C	9M7Z_EMD-63698_C
9M7Z_EMD-63698_B	9M7Z_EMD-63698_B
9M7Z_EMD-63698_A	9M7Z_EMD-63698_A
9MDJ_EMD-48172_A	9MDJ_EMD-48172_A
9MDN_EMD-48174_A	9MDJ_EMD-48172_A
9MDP_EMD-48175_A	9MDJ_EMD-48172_A
9MET_EMD-48219_A	9MET_EMD-48219_A
9MHH_EMD-48278_E	9MHH_EMD-48278_E
9MHH_EMD-48278_D	9C82_EMD-45297_D
9MHH_EMD-48278_C	9C82_EMD-45297_C
9MHH_EMD-48278_B	9C82_EMD-45297_B
9MHH_EMD-48278_A	9MHH_EMD-48278_A
9MO4_EMD-48447_H	9MOK_EMD-48468_I
9MO4_EMD-48447_A	9MOD_EMD-48456_A
9MO5_EMD-48448_G	9MOD_EMD-48456_H
9MO5_EMD-48448_A	9MOD_EMD-48456_A
9MO6_EMD-48449_H	9MOK_EMD-48468_I
9MO6_EMD-48449_A	9MOD_EMD-48456_A
9MO7_EMD-48450_A	9MOD_EMD-48456_A
9MO8_EMD-48451_I	9MOK_EMD-48468_I
9MO8_EMD-48451_H	9MOD_EMD-48456_H
9MO8_EMD-48451_A	9MOD_EMD-48456_A
9MO9_EMD-48452_H	9MOK_EMD-48468_I
9MO9_EMD-48452_A	9MOD_EMD-48456_A
9MOA_EMD-48453_H	9MOK_EMD-48468_I
9MOA_EMD-48453_A	9MOD_EMD-48456_A
9MOB_EMD-48454_I	9MOK_EMD-48468_I
9MOB_EMD-48454_H	9MOD_EMD-48456_H
9MOB_EMD-48454_A	9MOD_EMD-48456_A
9MOC_EMD-48455_I	9MOK_EMD-48468_I
9MOC_EMD-48455_H	9MOD_EMD-48456_H
9MOC_EMD-48455_A	9MOD_EMD-48456_A
9MOD_EMD-48456_I	9MOK_EMD-48468_I
9MOD_EMD-48456_H	9MOD_EMD-48456_H
9MOD_EMD-48456_A	9MOD_EMD-48456_A
9MOI_EMD-48467_A	9MOD_EMD-48456_A
9MOK_EMD-48468_I	9MOK_EMD-48468_I
9MOK_EMD-48468_H	9MOD_EMD-48456_H
9MOK_EMD-48468_A	9MOD_EMD-48456_A
9MOL_EMD-48469_I	9MOK_EMD-48468_I
9MOL_EMD-48469_H	9MOD_EMD-48456_H
9MOL_EMD-48469_A	9MOD_EMD-48456_A
9MOM_EMD-48470_H	9MOD_EMD-48456_H
9MOM_EMD-48470_A	9MOD_EMD-48456_A
9MON_EMD-48471_A	9MOD_EMD-48456_A
9MOO_EMD-48476_H	9MOK_EMD-48468_I
9MOO_EMD-48476_A	9MOD_EMD-48456_A
9MOP_EMD-48477_A	9MOD_EMD-48456_A
9MOU_EMD-48482_H	9MOD_EMD-48456_H
9MOU_EMD-48482_A	9MOD_EMD-48456_A
9MOW_EMD-48483_A	9MOD_EMD-48456_A
9MOX_EMD-48484_G	9MOD_EMD-48456_H
9MOX_EMD-48484_A	9MOD_EMD-48456_A
9MRM_EMD-48559_E	9MRM_EMD-48559_E
9MRM_EMD-48559_A	7TNK_EMD-26012_A
9MVT_EMD-48669_A	9MVT_EMD-48669_A
9N1I_EMD-48813_A	8DDW_EMD-27344_A
9N5K_EMD-48924_A	9MVT_EMD-48669_A
9NG2_EMD-49380_K	9NG2_EMD-49380_K
9NG2_EMD-49380_A	9NV0_EMD-49825_A
9NJT_EMD-49490_A	9NJT_EMD-49490_A
9NRX_EMD-49740_G	9NRX_EMD-49740_G
9NRY_EMD-49741_G	9NRY_EMD-49741_G
9NTT_EMD-49762_B	9NTT_EMD-49762_B
9NTT_EMD-49762_A	9NTT_EMD-49762_A
9NV0_EMD-49825_A	9NV0_EMD-49825_A
9NVD_EMD-49833_A	9NVD_EMD-49833_A
9NXP_EMD-49910_A	9NXP_EMD-49910_A
9OT2_EMD-70819_B	8VRJ_EMD-43482_B
9OT2_EMD-70819_A	8VRJ_EMD-43482_A
9PD1_EMD-71523_A	9NVD_EMD-49833_A
9Q6D_EMD-72267_A	9Q6D_EMD-72267_A
9QE0_EMD-53035_D	9QE0_EMD-53035_D
9QE0_EMD-53035_A	9QE0_EMD-53035_A
9QEJ_EMD-0366_C	9QEJ_EMD-0366_C
9QF9_EMD-53102_A	9QF9_EMD-53102_A
9QPQ_EMD-53278_P	9C5B_EMD-45213_A
9QPQ_EMD-53278_L	9QPQ_EMD-53278_L
9QPQ_EMD-53278_G	9QPQ_EMD-53278_G
9QPQ_EMD-53278_E	9QPQ_EMD-53278_E
9QPQ_EMD-53278_A	9QPQ_EMD-53278_A
9QQ6_EMD-53294_C	9QQ6_EMD-53294_C
9QQ6_EMD-53294_A	9QQ6_EMD-53294_A
9QQR_EMD-53312_A	9QQR_EMD-53312_A
9QTU_EMD-53362_C	9QTU_EMD-53362_C
9QTU_EMD-53362_A	9QTU_EMD-53362_A
9QVM_EMD-53399_N	8VRD_EMD-43481_G
9QVM_EMD-53399_M	9MOD_EMD-48456_A
9QVM_EMD-53399_K	9QVM_EMD-53399_K
9QVM_EMD-53399_D	8VRD_EMD-43481_C
9QVM_EMD-53399_A	9G3Y_EMD-51018_B
9QVN_EMD-53400_L	8VRD_EMD-43481_G
9QVN_EMD-53400_K	9MOD_EMD-48456_A
9QVN_EMD-53400_I	9QVM_EMD-53399_K
9QVN_EMD-53400_D	8VRD_EMD-43481_C
9QVN_EMD-53400_A	9G3Y_EMD-51018_B
9QWZ_EMD-53431_B	9QWZ_EMD-53431_B
9R0S_EMD-53488_A	9R0S_EMD-53488_A
9R7E_EMD-53305_A	9R7E_EMD-53305_A
9RMX_EMD-54071_A	9RMX_EMD-54071_A
9RPD_EMD-54160_D	8VRJ_EMD-43482_B
9RPD_EMD-54161_D	8VRJ_EMD-43482_B
9RPD_EMD-54160_C	9RPD_EMD-54160_C
9RPD_EMD-54161_C	9RPD_EMD-54160_C
9RPD_EMD-54160_B	9RPD_EMD-54160_B
9RPD_EMD-54161_B	9RPD_EMD-54160_B
9RPD_EMD-54160_A	9RPD_EMD-54160_A
9RPD_EMD-54161_A	9RPD_EMD-54160_A
9SZR_EMD-55382_C	6Z47_EMD-11069_C
9SZR_EMD-55382_E	6Z47_EMD-11069_E
9SZR_EMD-55382_A	9SZR_EMD-55382_A
9T32_EMD-55480_I	9T32_EMD-55480_I
9T32_EMD-55480_D	8H33_EMD-34449_E
9T32_EMD-55480_C	9T32_EMD-55480_C
