fasta_id	beta_strands
6L62_EMD-0838_A	15
6L62_EMD-0838_B	0
6L62_EMD-0838_C	0
6LM3_EMD-0916_A	13
6LNT_EMD-0932_A	0
6LNT_EMD-0932_D	0
6LNT_EMD-0932_G	0
6LNT_EMD-0932_H	0
6LNT_EMD-0932_I	0
6K4M_EMD-9915_A	0
6L6Z_EMD-0840_A	30
6M1D_EMD-30041_A	4
6M1D_EMD-30041_B	15
6M5V_EMD-30094_A	21
6M5V_EMD-30094_B	6
6M5V_EMD-30094_C	0
6M68_EMD-30116_A	5
6LQI_EMD-0946_A	18
6KN8_EMD-0729_A	21
6KN8_EMD-0729_P	0
6KN8_EMD-0729_R	0
6KN8_EMD-0729_T	0
6KN8_EMD-0729_U	0
6KN8_EMD-0729_V	4
6M6Z_EMD-30126_A	0
6KN7_EMD-0728_A	21
6KN7_EMD-0728_P	0
6KN7_EMD-0728_R	0
6KN7_EMD-0728_T	0
6KN7_EMD-0728_U	0
6KN7_EMD-0728_V	4
6PSN_EMD-20459_A	39
6PSN_EMD-20459_H	0
6LK8_EMD-0909_A	2
6LK8_EMD-0909_B	5
6LK8_EMD-0909_C	28
6LK8_EMD-0909_D	32
6LK8_EMD-0909_E	34
6LK8_EMD-0909_F	30
6LK8_EMD-0909_G	0
6LK8_EMD-0909_H	27
6LK8_EMD-0909_I	6
6LK8_EMD-0909_J	38
6LK8_EMD-0909_K	0
6LT4_EMD-0967_A	19
6ROW_EMD-4975_A	8
6ROW_EMD-4975_E	24
6ROW_EMD-4975_G	7
6RRT_EMD-4990_A	6
6RWY_EMD-10046_BA	0
6RWY_EMD-10046_CA	0
6RWY_EMD-10046_L	0
6RWY_EMD-10046_W	0
6S2F_EMD-10089_A	45
6S2F_EMD-10089_B	17
6S2F_EMD-10089_C	0
6S2F_EMD-10089_D	9
6M6H_EMD-30124_A	58
6M6H_EMD-30124_G	27
6M6H_EMD-30124_H	4
6M6H_EMD-30124_J	0
6M6H_EMD-30124_P	0
6M6H_EMD-30124_R	16
6M6H_EMD-30124_T	19
6M6G_EMD-30123_A	0
6M6G_EMD-30123_F	63
6M6G_EMD-30123_H	0
6M6G_EMD-30123_N	0
6M6G_EMD-30123_R	0
6M6G_EMD-30123_S	19
6M6G_EMD-30123_U	0
6SH5_EMD-10194_A	14
6SKM_EMD-10228_A	2
6SKN_EMD-10229_A	2
6SLU_EMD-10240_A	2
6SMU_EMD-10246_A	2
6SIH_EMD-10210_A	23
6SMX_EMD-10247_A	55
6SMX_EMD-10247_B	39
6SMX_EMD-10247_C	0
6SMX_EMD-10247_D	0
6SMX_EMD-10247_E	7
6SZA_EMD-10351_A	24
6SO3_EMD-7029_A	22
6SO3_EMD-7029_B	27
6SO3_EMD-7029_C	4
6SZB_EMD-10352_A	24
6T6V_EMD-10387_A	7
6TA4_EMD-10422_A	13
6TA4_EMD-10422_B	14
6TA4_EMD-10422_C	0
6T7S_EMD-10371_A	0
6TGB_EMD-10497_B	18
6SB5_EMD-10135_A	31
6LSY_EMD-0965_A	21
6TMW_EMD-10529_A	25
6TY3_EMD-10615_A	25
6TY4_EMD-10616_A	29
6TZ9_EMD-20590_A	0
6TZA_EMD-20591_A	0
6U1S_EMD-20613_A	0
6TMX_EMD-10530_A	26
6U68_EMD-20662_A	12
6U6E_EMD-20664_A	12
6U6H_EMD-20665_A	12
6UBY_EMD-20721_A	20
6UBY_EMD-20721_I	14
6UC0_EMD-20724_A	19
6UC0_EMD-20724_H	0
6UVT_EMD-20916_A	3
6UX7_EMD-20930_A	12
6UXB_EMD-20932_A	12
6UXA_EMD-20931_A	12
6UXV_EMD-20933_A	0
6UXV_EMD-20933_B	4
6UXV_EMD-20933_C	8
6UXV_EMD-20933_D	1
6UXV_EMD-20933_H	3
6UXV_EMD-20933_I	0
6V6C_EMD-21068_A	0
6V86_EMD-21096_A	33
6V86_EMD-21096_B	0
6V9I_EMD-21121_A	0
6V9I_EMD-21121_B	0
6VAB_EMD-21135_A	12
6VAB_EMD-21135_B	0
6VAC_EMD-21136_A	0
6VAC_EMD-21136_B	31
6VAC_EMD-21136_C	12
6VE4_EMD-21154_A	14
6VEJ_EMD-21363_A	37
6VEJ_EMD-21363_D	0
6VFI_EMD-21173_A	0
6VFI_EMD-21173_B	0
6VFJ_EMD-21174_A	7
6VFJ_EMD-21174_B	0
6VL6_EMD-21231_A	0
6VL6_EMD-21231_B	0
6VM1_EMD-21235_A	30
6VM1_EMD-21235_D	26
6VM1_EMD-21235_G	0
6VM1_EMD-21235_H	0
6VM1_EMD-21235_I	0
6VM1_EMD-21235_J	0
6VM1_EMD-21235_K	0
6VM1_EMD-21235_L	0
6VM1_EMD-21235_M	0
6VM4_EMD-21238_A	23
6VM4_EMD-21238_D	25
6VM4_EMD-21238_G	0
6VM4_EMD-21238_H	0
6VM4_EMD-21238_I	0
6VM4_EMD-21238_J	0
6VM4_EMD-21238_K	0
6VM4_EMD-21238_L	0
6VM4_EMD-21238_M	0
6VMB_EMD-21239_A	26
6VMB_EMD-21239_D	21
6VMB_EMD-21239_G	0
6VMB_EMD-21239_H	0
6VMB_EMD-21239_I	0
6VMB_EMD-21239_J	0
6VMB_EMD-21239_K	0
6VMB_EMD-21239_L	0
6VMB_EMD-21239_M	0
6VMD_EMD-21240_A	23
6VMD_EMD-21240_D	21
6VMD_EMD-21240_G	0
6VMD_EMD-21240_H	0
6VMD_EMD-21240_I	0
6Q7L_EMD-4469_A	34
6Q7L_EMD-4469_U	22
6Q7L_EMD-4469_V	22
6Q7M_EMD-4470_A	33
6Q7M_EMD-4470_U	22
6VQJ_EMD-21352_A	0
6VQJ_EMD-21352_B	0
6VQJ_EMD-21352_E	0
6VQJ_EMD-21352_H	0
6VQK_EMD-21353_A	0
6VQK_EMD-21353_B	0
6VQK_EMD-21353_E	0
6VQK_EMD-21353_H	0
6VMG_EMD-21241_A	23
6VMG_EMD-21241_B	21
6VMG_EMD-21241_C	23
6VMG_EMD-21241_D	19
6VMG_EMD-21241_E	24
6VMG_EMD-21241_F	23
6VMG_EMD-21241_G	0
6VMG_EMD-21241_H	0
6VMG_EMD-21241_I	0
6VWS_EMD-21423_A	2
6VY0_EMD-21454_A	8
6VY1_EMD-21455_A	4
6VOF_EMD-21262_A	19
6VOF_EMD-21262_D	21
6VOF_EMD-21262_G	0
6VOF_EMD-21262_H	0
6VOF_EMD-21262_I	0
6VOF_EMD-21262_J	0
6VOF_EMD-21262_K	0
6VOF_EMD-21262_L	0
6VOF_EMD-21262_M	0
6W0K_EMD-21497_A	0
6VYV_EMD-21473_A	30
6VYV_EMD-21473_E	34
6VYV_EMD-21473_I	26
6VYV_EMD-21473_J	27
6W09_EMD-21496_A	39
6W09_EMD-21496_E	31
6W09_EMD-21496_I	22
6W09_EMD-21496_J	22
6W09_EMD-21496_Q	2
6W1C_EMD-21509_A	33
6W1C_EMD-21509_E	31
6W1C_EMD-21509_I	23
6W1C_EMD-21509_J	20
6W2U_EMD-21532_A	33
6W2U_EMD-21532_E	33
6W4O_EMD-21535_A	6
6W4O_EMD-21535_M	6
6W4P_EMD-21536_A	6
6W4P_EMD-21536_M	6
6WBK_EMD-21591_A	4
6WBL_EMD-21592_A	4
6WC7_EMD-21602_A	2
6WC7_EMD-21602_B	0
6WFS_EMD-21653_A	0
6WGF_EMD-21664_A	0
6WGF_EMD-21664_B	0
6WGF_EMD-21664_C	0
6WGF_EMD-21664_D	0
6WGF_EMD-21664_E	0
6WGF_EMD-21664_F	0
6WJD_EMD-21691_A	11
6WJD_EMD-21691_AA	0
6WJD_EMD-21691_B	17
6WJD_EMD-21691_BA	0
6WJD_EMD-21691_C	13
6WJD_EMD-21691_CA	0
6WJD_EMD-21691_D	10
6WJD_EMD-21691_DA	0
6WJD_EMD-21691_E	10
6WJD_EMD-21691_EA	0
6WJD_EMD-21691_F	15
6WJD_EMD-21691_FA	0
6WJD_EMD-21691_G	12
6WJD_EMD-21691_GA	0
6WJD_EMD-21691_H	14
6WJD_EMD-21691_I	11
6WJD_EMD-21691_J	14
6WJD_EMD-21691_K	11
6WJD_EMD-21691_L	10
6WJD_EMD-21691_M	11
6WJD_EMD-21691_N	15
6WJD_EMD-21691_O	13
6WJD_EMD-21691_P	15
6WJD_EMD-21691_Q	14
6WJD_EMD-21691_R	15
6WJD_EMD-21691_S	13
6WJD_EMD-21691_T	14
6WJD_EMD-21691_U	8
6WJD_EMD-21691_V	4
6WJD_EMD-21691_W	4
6WJD_EMD-21691_X	4
6WJD_EMD-21691_Y	4
6WJD_EMD-21691_Z	12
6WJF_EMD-21692_A	10
6WJF_EMD-21692_C	21
6WJG_EMD-21693_A	10
6WJG_EMD-21693_C	10
6PV6_EMD-20486_A	9
6PV6_EMD-20486_E	119
6WKK_EMD-21695_A	15
6WKK_EMD-21695_G	12
6WCJ_EMD-21611_A	0
6WCJ_EMD-21611_B	0
6X0V_EMD-21985_A	0
6X0V_EMD-21985_B	0
6X0V_EMD-21985_C	0
6WJN_EMD-21696_A	13
6WJN_EMD-21696_B	12
6WJN_EMD-21696_C	7
6WJN_EMD-21696_D	8
6WJN_EMD-21696_E	13
6WJN_EMD-21696_F	12
6WJN_EMD-21696_G	12
6WJN_EMD-21696_H	11
6WJN_EMD-21696_I	11
6WJN_EMD-21696_J	10
6WJN_EMD-21696_K	11
6WJN_EMD-21696_L	12
6WJN_EMD-21696_M	12
6WJN_EMD-21696_N	15
6WJN_EMD-21696_NA	0
6WJN_EMD-21696_O	14
6WJN_EMD-21696_OA	0
6WJN_EMD-21696_P	15
6WJN_EMD-21696_PA	0
6WJN_EMD-21696_Q	12
6WJN_EMD-21696_QA	0
6WJN_EMD-21696_R	13
6WJN_EMD-21696_RA	0
6WJN_EMD-21696_S	12
6WJN_EMD-21696_SA	0
6WJN_EMD-21696_T	14
6WJN_EMD-21696_TA	0
6WJN_EMD-21696_U	8
6WJN_EMD-21696_V	2
6WJN_EMD-21696_W	4
6WJN_EMD-21696_X	3
6WJN_EMD-21696_Y	1
6X34_EMD-22017_A	9
6X34_EMD-22017_B	115
6XE6_EMD-22144_A	8
6XF7_EMD-22165_A	0
6X36_EMD-22019_A	7
6X36_EMD-22019_B	102
6X36_EMD-22019_C	0
6XJX_EMD-22216_A	0
6XJX_EMD-22216_B	2
6XJX_EMD-22216_I	0
6XJX_EMD-22216_J	0
6XF8_EMD-22166_A	89
6XF8_EMD-22166_B	41
6XF8_EMD-22166_F	32
6XF8_EMD-22166_G	18
6XF8_EMD-22166_I	18
6XKW_EMD-22227_A	0
6XKW_EMD-22227_B	0
6XKW_EMD-22227_C	0
6XKW_EMD-22227_D	9
6XKW_EMD-22227_E	10
6XKW_EMD-22227_F	0
6XKW_EMD-22227_G	0
6XKW_EMD-22227_H	0
6XKX_EMD-22228_A	0
6XKX_EMD-22228_B	0
6XKX_EMD-22228_C	0
6XKX_EMD-22228_G	0
6XKX_EMD-22228_H	0
6XKX_EMD-22228_I	0
6XKZ_EMD-22230_A	0
6XKZ_EMD-22230_B	0
6XKZ_EMD-22230_C	0
6XKZ_EMD-22230_G	0
6XKZ_EMD-22230_H	0
6XKZ_EMD-22230_I	0
6XPF_EMD-22287_A	4
6XOW_EMD-22282_A	35
6XTY_EMD-10621_A	7
6XTY_EMD-10621_B	7
6XTY_EMD-10621_C	3
6XTY_EMD-10621_D	5
6XTY_EMD-10621_E	22
6XTY_EMD-10621_F	25
6XTY_EMD-10621_G	25
6XTY_EMD-10621_H	25
6XTY_EMD-10621_I	0
6XTY_EMD-10621_J	0
6XTY_EMD-10621_K	0
6XTY_EMD-10621_L	0
6Y92_EMD-10732_A	2
6Y92_EMD-10732_B	2
6Y92_EMD-10732_C	17
6Y9V_EMD-10738_A	2
6Y9V_EMD-10738_G	2
6XRE_EMD-22294_A	52
6XRE_EMD-22294_B	61
6XRE_EMD-22294_C	12
6XRE_EMD-22294_D	3
6XRE_EMD-22294_E	13
6XRE_EMD-22294_F	4
6XRE_EMD-22294_G	16
6XRE_EMD-22294_H	12
6XRE_EMD-22294_I	8
6XRE_EMD-22294_J	0
6XRE_EMD-22294_K	4
6XRE_EMD-22294_L	2
6XRE_EMD-22294_M	10
6Y9Y_EMD-10741_A	2
6Y9Y_EMD-10741_G	2
6YBT_EMD-10773_A	0
6YBT_EMD-10773_B	0
6YBT_EMD-10773_C	0
6Y9Z_EMD-10742_A	2
6Y9Z_EMD-10742_G	2
6YRG_EMD-10889_A	43
6YTX_EMD-10925_A	0
6YVD_EMD-10944_A	1
6YVD_EMD-10944_B	7
6YVD_EMD-10944_C	16
6YVD_EMD-10944_D	17
6YVV_EMD-10952_A	12
6YVV_EMD-10952_B	18
6YVV_EMD-10952_C	4
6YVV_EMD-10952_D	0
6YW7_EMD-10960_A	0
6YW7_EMD-10960_B	0
6YW7_EMD-10960_C	0
6YW7_EMD-10960_D	0
6YW7_EMD-10960_E	0
6YW7_EMD-10960_F	0
6YW7_EMD-10960_G	0
6YVU_EMD-10951_A	22
6YVU_EMD-10951_B	25
6YVU_EMD-10951_C	7
6YVU_EMD-10951_D	0
6Z12_EMD-4460_A	33
6Z05_EMD-11003_A	29
6Z3W_EMD-11058_B	0
6Z3W_EMD-11058_C	0
6Z3W_EMD-11058_D	0
6Z3W_EMD-11058_E	0
6Z3W_EMD-11058_F	0
6Z3W_EMD-11058_G	6
6Z3W_EMD-11058_H	7
6Z3W_EMD-11058_I	11
6Z2K_EMD-11042_A	0
6Z2K_EMD-11042_E	14
6Z2K_EMD-11042_I	16
6Z5J_EMD-11078_A	0
6ZD0_EMD-11172_A	27
6ZD0_EMD-11172_B	6
6ZDG_EMD-11173_A	18
6ZDG_EMD-11173_B	21
6ZDG_EMD-11173_C	19
6ZDJ_EMD-11176_A	2
6ZDJ_EMD-11176_G	2
6Z47_EMD-11069_A	24
6Z47_EMD-11069_C	4
6Z47_EMD-11069_E	5
6ZG0_EMD-11190_A	0
6ZGA_EMD-11199_A	38
6ZGA_EMD-11199_B	37
6ZGA_EMD-11199_C	8
6ZGA_EMD-11199_D	0
6ZGA_EMD-11199_G	8
6ZIU_EMD-11230_A	0
6ZIU_EMD-11230_B	0
6ZIU_EMD-11230_C	7
6ZIU_EMD-11230_D	0
6ZIU_EMD-11230_E	0
6ZIU_EMD-11230_F	0
6ZIU_EMD-11230_G	0
6ZIU_EMD-11230_H	0
6ZIU_EMD-11230_I	0
6ZIU_EMD-11230_J	0
6ZIU_EMD-11230_K	0
6ZJN_EMD-11237_A	0
6ZJN_EMD-11237_B	0
6ZJN_EMD-11237_C	0
6ZJN_EMD-11237_D	0
6ZJN_EMD-11237_E	0
6ZJN_EMD-11237_F	0
6ZJN_EMD-11237_G	0
6ZJN_EMD-11237_H	4
6ZJN_EMD-11237_I	0
6ZJN_EMD-11237_J	2
6ZJN_EMD-11237_K	2
6ZJN_EMD-11237_L	4
6ZJN_EMD-11237_M	8
6ZJN_EMD-11237_N	6
6ZJN_EMD-11237_O	0
6ZGH_EMD-11206_A	53
6ZJY_EMD-11238_A	0
6ZJY_EMD-11238_B	0
6ZJY_EMD-11238_C	0
6ZJY_EMD-11238_D	0
6ZJY_EMD-11238_E	0
6ZJY_EMD-11238_F	0
6ZJY_EMD-11238_G	0
6ZJY_EMD-11238_H	2
6ZJY_EMD-11238_I	0
6ZJY_EMD-11238_J	2
6ZJY_EMD-11238_K	0
6ZJY_EMD-11238_L	5
6ZJY_EMD-11238_M	9
6ZJY_EMD-11238_N	6
6ZJY_EMD-11238_O	0
6ZM1_EMD-11277_A	17
6ZM1_EMD-11277_B	79
6ZNN_EMD-11318_A	0
6ZNN_EMD-11318_B	0
6ZNN_EMD-11318_D	0
6ZNN_EMD-11318_E	0
6ZNN_EMD-11318_H	19
6ZNN_EMD-11318_I	23
6ZNN_EMD-11318_K	0
6ZNA_EMD-0667_A	0
6ZNA_EMD-0667_B	0
6ZNA_EMD-0667_J	0
6ZNA_EMD-0667_K	0
6ZNA_EMD-0667_L	0
6ZNA_EMD-0667_M	0
6ZNA_EMD-0667_N	0
6ZNA_EMD-0667_O	0
6ZNA_EMD-0667_P	0
6ZNA_EMD-0667_Q	0
6ZPG_EMD-11338_A	0
6ZPH_EMD-11339_A	0
6ZPH_EMD-11339_B	17
6ZNO_EMD-11319_A	0
6ZNO_EMD-11319_B	0
6ZNO_EMD-11319_D	0
6ZNO_EMD-11319_E	0
6ZNO_EMD-11319_F	0
6ZNO_EMD-11319_G	22
6ZNO_EMD-11319_H	19
6ZPI_EMD-11340_A	15
6ZPI_EMD-11340_B	16
6ZPI_EMD-11340_C	20
6ZQW_EMD-11372_A	35
6ZQW_EMD-11372_B	7
6ZTS_EMD-22165_A	29
6ZTY_EMD-22164_A	0
6ZTY_EMD-22164_D	0
6ZTZ_EMD-22166_A	0
6ZTZ_EMD-22166_B	34
6ZTZ_EMD-22166_C	43
6ZTZ_EMD-22166_D	12
6ZTZ_EMD-22166_G	0
6ZTZ_EMD-22166_I	0
6UZC_EMD-20956_A	29
6UZC_EMD-20956_EA	0
6TML_EMD-10525_A	0
6TML_EMD-10525_AB	1
6TML_EMD-10525_AC	1
6TML_EMD-10525_AF	0
6TML_EMD-10525_AI	1
6TML_EMD-10525_B	0
6TML_EMD-10525_BC	0
6TML_EMD-10525_C	0
6TML_EMD-10525_D	0
6TML_EMD-10525_DI	0
6TML_EMD-10525_E	0
6TML_EMD-10525_EF	0
6TML_EMD-10525_F	0
6TML_EMD-10525_G	0
6TML_EMD-10525_H	0
6TML_EMD-10525_I	0
6TML_EMD-10525_IE	0
6TML_EMD-10525_J	0
6TML_EMD-10525_K	0
6TML_EMD-10525_L	0
6TML_EMD-10525_M	0
6TML_EMD-10525_N	0
6TML_EMD-10525_O	0
6TML_EMD-10525_P	0
6TML_EMD-10525_Q	0
6TML_EMD-10525_R	0
6TML_EMD-10525_S	0
6TML_EMD-10525_T	0
6TML_EMD-10525_U	0
6TML_EMD-10525_V	0
6TML_EMD-10525_W	0
6TML_EMD-10525_X	0
6LGN_EMD-0881_A	60
6LGN_EMD-0881_B	53
6LGN_EMD-0881_EA	0
6LGN_EMD-0881_FA	0
6ZVS_EMD-11469_A	0
6ZVT_EMD-11470_A	0
6TBA_EMD-10443_A	0
6TBA_EMD-10443_AC	0
6TBA_EMD-10443_AI	0
6TBA_EMD-10443_AJ	0
6TBA_EMD-10443_AK	0
6TBA_EMD-10443_BH	0
6TBA_EMD-10443_BI	0
6TBA_EMD-10443_BJ	0
6TBA_EMD-10443_KJ	0
6TBA_EMD-10443_LJ	0
6TBA_EMD-10443_MJ	0
7A93_EMD-11683_A	72
6W19_EMD-21504_A	61
6W19_EMD-21504_GA	0
6W19_EMD-21504_MA	0
6W19_EMD-21504_Q	0
7A96_EMD-11686_A	82
7A96_EMD-11686_D	8
7AL3_EMD-11815_A	17
7AL3_EMD-11815_B	13
7AL3_EMD-11815_C	21
7AO8_EMD-11837_A	9
7AO8_EMD-11837_B	16
7AO8_EMD-11837_D	9
7AO9_EMD-11838_A	1
7AO9_EMD-11838_B	16
7AO9_EMD-11838_C	4
7A98_EMD-11688_A	76
7A98_EMD-11688_B	76
7AOD_EMD-11841_A	57
7AOD_EMD-11841_B	69
7AOD_EMD-11841_C	16
7AOD_EMD-11841_D	0
7AOD_EMD-11841_E	11
7AOD_EMD-11841_F	2
7AOD_EMD-11841_G	14
7AOD_EMD-11841_H	15
7AOD_EMD-11841_I	5
7AOD_EMD-11841_J	1
7AOD_EMD-11841_K	6
7AOD_EMD-11841_L	6
7ASL_EMD-11897_A	0
7AQO_EMD-11871_A	12
7AQO_EMD-11871_B	0
7AQO_EMD-11871_C	1
7AQO_EMD-11871_D	0
7AQO_EMD-11871_I	0
7AQO_EMD-11871_J	1
7B4M_EMD-12003_A	0
7B6E_EMD-12053_A	0
7B6H_EMD-12054_A	9
7B6R_EMD-12056_A	0
7B6R_EMD-12056_B	9
7B6R_EMD-12056_C	4
7B6R_EMD-12056_D	4
7B6R_EMD-12056_E	5
7B6R_EMD-12056_F	16
7B6R_EMD-12056_G	6
7B6R_EMD-12056_H	4
7B6R_EMD-12056_J	6
7B6Y_EMD-12058_A	0
7B6Z_EMD-12060_A	9
7BGJ_EMD-12181_A	11
7ATA_EMD-11911_A	2
7ATA_EMD-11911_B	0
6ZW4_EMD-11478_A	0
7BTR_EMD-30183_A	11
7BTR_EMD-30183_B	6
7BTR_EMD-30183_C	20
7BTR_EMD-30183_D	9
7BUA_EMD-30193_A	38
7BUA_EMD-30193_C	38
7BUA_EMD-30193_G	10
7BUA_EMD-30193_H	10
7BUE_EMD-30196_A	0
7BUE_EMD-30196_B	0
7BUE_EMD-30196_C	0
7BUF_EMD-30197_A	0
7BUF_EMD-30197_B	0
7BUF_EMD-30197_C	0
7BUF_EMD-30197_D	0
7BP0_EMD-30138_A	0
7BWA_EMD-30231_A	53
7BWA_EMD-30231_C	53
7BQT_EMD-30155_A	14
7CA3_EMD-30323_A	24
7CA3_EMD-30323_B	26
7BZW_EMD-30261_A	2
7CA5_EMD-30324_A	20
7CA5_EMD-30324_B	22
7CCS_EMD-30341_A	20
7CCS_EMD-30341_B	6
7CTF_EMD-30463_A	3
7CTF_EMD-30463_B	9
7CTF_EMD-30463_C	12
7CTF_EMD-30463_D	8
7CTF_EMD-30463_E	7
7CTG_EMD-30464_A	3
7CTG_EMD-30464_B	9
7CTG_EMD-30464_C	12
7CTG_EMD-30464_D	8
7CTG_EMD-30464_E	7
7CVY_EMD-30476_A	0
7CVY_EMD-30476_B	0
7CVY_EMD-30476_C	0
7CVY_EMD-30476_D	0
7CVY_EMD-30476_E	0
7CVZ_EMD-30477_A	0
7CVZ_EMD-30477_B	0
7CVZ_EMD-30477_C	0
7CVZ_EMD-30477_D	0
7CVZ_EMD-30477_E	0
7CW0_EMD-30478_A	0
7CW0_EMD-30478_B	0
7CW0_EMD-30478_C	0
7CW0_EMD-30478_D	0
7CW0_EMD-30478_E	0
7CG3_EMD-30349_A	17
7D7N_EMD-30609_A	15
7DCX_EMD-30641_A	25
7DCX_EMD-30641_C	69
7DCX_EMD-30641_E	21
7CW2_EMD-30479_A	0
7CW2_EMD-30479_B	0
7CW2_EMD-30479_G	0
7CW2_EMD-30479_J	0
7CW2_EMD-30479_K	0
7DD2_EMD-30642_A	22
7DD2_EMD-30642_C	69
7DD2_EMD-30642_D	76
7DD8_EMD-30649_A	23
7DD8_EMD-30649_B	21
7DD8_EMD-30649_C	69
7DDN_EMD-30654_A	72
6WOV_EMD-21862_A	93
6WOV_EMD-21862_E	7
7DGQ_EMD-30673_A	0
7DGQ_EMD-30673_AA	1
7DGQ_EMD-30673_AB	0
7DGQ_EMD-30673_AC	0
7DGQ_EMD-30673_B	0
7DGQ_EMD-30673_BA	0
7DGQ_EMD-30673_BB	0
7DGQ_EMD-30673_BC	0
7DGQ_EMD-30673_C	0
7DGQ_EMD-30673_CA	0
7DGQ_EMD-30673_CB	0
7DGQ_EMD-30673_D	0
7DGQ_EMD-30673_DA	0
7DGQ_EMD-30673_DB	0
7DGQ_EMD-30673_E	0
7DGQ_EMD-30673_EA	0
7DGQ_EMD-30673_EB	0
7DGQ_EMD-30673_F	0
7DGQ_EMD-30673_FA	0
7DGQ_EMD-30673_FB	0
7DGQ_EMD-30673_G	0
7DGQ_EMD-30673_GA	0
7DGQ_EMD-30673_GB	0
7DGQ_EMD-30673_H	0
7DGQ_EMD-30673_HA	0
7DGQ_EMD-30673_HB	0
7DGQ_EMD-30673_I	1
7DGQ_EMD-30673_IA	1
7DGQ_EMD-30673_IB	1
7DGQ_EMD-30673_J	1
7DGQ_EMD-30673_JA	0
7DGQ_EMD-30673_JB	1
7DGQ_EMD-30673_K	1
7DGQ_EMD-30673_KA	0
7DGQ_EMD-30673_KB	0
7DGQ_EMD-30673_L	0
7DGQ_EMD-30673_LA	0
7DGQ_EMD-30673_LB	0
7DGQ_EMD-30673_M	0
7DGQ_EMD-30673_MA	0
7DGQ_EMD-30673_MB	0
7DGQ_EMD-30673_N	0
7DGQ_EMD-30673_NA	0
7DGQ_EMD-30673_NB	0
7DGQ_EMD-30673_O	1
7DGQ_EMD-30673_OA	0
7DGQ_EMD-30673_OB	0
7DGQ_EMD-30673_P	0
7DGQ_EMD-30673_PA	0
7DGQ_EMD-30673_Q	0
7DGQ_EMD-30673_QA	0
7DGQ_EMD-30673_R	0
7DGQ_EMD-30673_S	0
7DGQ_EMD-30673_SA	0
7DGQ_EMD-30673_T	0
7DGQ_EMD-30673_TA	0
7DGQ_EMD-30673_U	0
7DGQ_EMD-30673_UA	0
7DGQ_EMD-30673_V	0
7DGQ_EMD-30673_VA	0
7DGQ_EMD-30673_W	1
7DGQ_EMD-30673_WA	0
7DGQ_EMD-30673_X	1
7DGQ_EMD-30673_XA	0
7DGQ_EMD-30673_Y	0
7DGQ_EMD-30673_YA	0
7DGQ_EMD-30673_Z	0
7DGQ_EMD-30673_ZA	0
7DK3_EMD-30701_A	71
7DGR_EMD-30674_A	1
7DGR_EMD-30674_AA	1
7DGR_EMD-30674_AB	0
7DGR_EMD-30674_AC	0
7DGR_EMD-30674_B	0
7DGR_EMD-30674_BA	0
7DGR_EMD-30674_BB	0
7DGR_EMD-30674_BC	0
7DGR_EMD-30674_C	0
7DGR_EMD-30674_CA	0
7DGR_EMD-30674_CB	0
7DGR_EMD-30674_D	0
7DGR_EMD-30674_DA	0
7DGR_EMD-30674_DB	0
7DGR_EMD-30674_E	0
7DGR_EMD-30674_EA	0
7DGR_EMD-30674_EB	0
7DGR_EMD-30674_F	0
7DGR_EMD-30674_FA	0
7DGR_EMD-30674_FB	0
7DGR_EMD-30674_G	0
7DGR_EMD-30674_GA	0
7DGR_EMD-30674_GB	0
7DGR_EMD-30674_H	0
7DGR_EMD-30674_HA	0
7DGR_EMD-30674_HB	0
7DGR_EMD-30674_I	1
7DGR_EMD-30674_IA	0
7DGR_EMD-30674_IB	1
7DGR_EMD-30674_J	1
7DGR_EMD-30674_JA	0
7DGR_EMD-30674_JB	0
7DGR_EMD-30674_K	0
7DGR_EMD-30674_KA	0
7DGR_EMD-30674_KB	0
7DGR_EMD-30674_L	0
7DGR_EMD-30674_LA	0
7DGR_EMD-30674_M	0
7DGR_EMD-30674_MA	0
7DGR_EMD-30674_N	0
7DGR_EMD-30674_NA	0
7DGR_EMD-30674_O	0
7DGR_EMD-30674_OA	0
7DGR_EMD-30674_P	0
7DGR_EMD-30674_PA	0
7DGR_EMD-30674_PB	0
7DGR_EMD-30674_Q	0
7DGR_EMD-30674_QA	0
7DGR_EMD-30674_QB	0
7DGR_EMD-30674_R	0
7DGR_EMD-30674_RA	0
7DGR_EMD-30674_RB	1
7DGR_EMD-30674_S	0
7DGR_EMD-30674_SB	1
7DGR_EMD-30674_T	1
7DGR_EMD-30674_TB	1
7DGR_EMD-30674_U	0
7DGR_EMD-30674_UB	1
7DGR_EMD-30674_V	0
7DGR_EMD-30674_VB	0
7DGR_EMD-30674_W	0
7DGR_EMD-30674_WB	0
7DGR_EMD-30674_X	0
7DGR_EMD-30674_XB	0
7DGR_EMD-30674_Y	0
7DGR_EMD-30674_YB	0
7DGR_EMD-30674_Z	0
7DGR_EMD-30674_ZB	0
7E55_EMD-30990_A	14
7DNK_EMD-30786_A	36
7DNK_EMD-30786_B	37
7DNK_EMD-30786_C	36
7E6U_EMD-30997_A	20
7E6U_EMD-30997_B	10
7DGS_EMD-30675_A	1
7DGS_EMD-30675_AA	1
7DGS_EMD-30675_AB	0
7DGS_EMD-30675_AC	0
7DGS_EMD-30675_B	0
7DGS_EMD-30675_BA	0
7DGS_EMD-30675_BB	0
7DGS_EMD-30675_BC	0
7DGS_EMD-30675_C	0
7DGS_EMD-30675_CA	0
7DGS_EMD-30675_CB	0
7DGS_EMD-30675_D	0
7DGS_EMD-30675_DA	0
7DGS_EMD-30675_DB	0
7DGS_EMD-30675_E	0
7DGS_EMD-30675_EA	0
7DGS_EMD-30675_EB	0
7DGS_EMD-30675_F	0
7DGS_EMD-30675_FA	0
7DGS_EMD-30675_FB	0
7DGS_EMD-30675_G	0
7DGS_EMD-30675_GA	0
7DGS_EMD-30675_GB	0
7DGS_EMD-30675_H	0
7DGS_EMD-30675_HA	0
7DGS_EMD-30675_HB	1
7DGS_EMD-30675_I	0
7DGS_EMD-30675_IA	0
7DGS_EMD-30675_IB	1
7DGS_EMD-30675_J	1
7DGS_EMD-30675_JA	0
7DGS_EMD-30675_JB	0
7DGS_EMD-30675_K	0
7DGS_EMD-30675_KA	0
7DGS_EMD-30675_KB	0
7DGS_EMD-30675_L	0
7DGS_EMD-30675_LA	0
7DGS_EMD-30675_M	0
7DGS_EMD-30675_MA	0
7DGS_EMD-30675_N	0
7DGS_EMD-30675_NA	0
7DGS_EMD-30675_O	0
7DGS_EMD-30675_OA	0
7DGS_EMD-30675_P	0
7DGS_EMD-30675_PA	0
7DGS_EMD-30675_PB	0
7DGS_EMD-30675_Q	0
7DGS_EMD-30675_QA	0
7DGS_EMD-30675_QB	0
7DGS_EMD-30675_R	0
7DGS_EMD-30675_RA	0
7DGS_EMD-30675_RB	0
7DGS_EMD-30675_S	0
7DGS_EMD-30675_SB	1
7DGS_EMD-30675_T	1
7DGS_EMD-30675_TB	1
7DGS_EMD-30675_U	1
7DGS_EMD-30675_UB	1
7DGS_EMD-30675_V	0
7DGS_EMD-30675_VB	0
7DGS_EMD-30675_W	0
7DGS_EMD-30675_WB	0
7DGS_EMD-30675_X	0
7DGS_EMD-30675_XB	0
7DGS_EMD-30675_Y	0
7DGS_EMD-30675_YB	0
7DGS_EMD-30675_Z	0
7DGS_EMD-30675_ZB	0
7E8G_EMD-31018_A	0
7E8H_EMD-31019_A	9
7E8H_EMD-31019_B	7
7E8H_EMD-31019_C	9
7E8H_EMD-31019_D	7
7E8H_EMD-31019_E	3
7E93_EMD-31027_A	8
7E93_EMD-31027_B	6
7E93_EMD-31027_C	5
7E93_EMD-31027_D	5
7E93_EMD-31027_E	7
7E93_EMD-31027_G	7
7E93_EMD-31027_H	5
7E93_EMD-31027_I	35
7E93_EMD-31027_J	37
7E93_EMD-31027_K	22
7E94_EMD-31028_A	5
7E94_EMD-31028_B	8
7E94_EMD-31028_C	5
7E94_EMD-31028_D	5
7E94_EMD-31028_E	5
7E94_EMD-31028_G	6
7E94_EMD-31028_H	6
7E94_EMD-31028_I	39
7E94_EMD-31028_J	42
7E94_EMD-31028_K	22
7EWR_EMD-31363_A	19
7EWR_EMD-31363_B	14
7EWR_EMD-31363_C	4
7EYE_EMD-31382_A	30
7EYF_EMD-31383_A	0
7EYQ_EMD-31384_A	32
7F46_EMD-31444_A	0
7F46_EMD-31444_C	16
7F46_EMD-31444_D	0
7ETM_EMD-31299_A	15
7F9O_EMD-31498_A	17
7F9O_EMD-31498_AA	0
7F9O_EMD-31498_B	11
7F9O_EMD-31498_BA	0
7F9O_EMD-31498_BB	0
7F9O_EMD-31498_C	4
7F9O_EMD-31498_CA	0
7F9O_EMD-31498_CB	0
7F9O_EMD-31498_D	11
7F9O_EMD-31498_E	5
7F9O_EMD-31498_EA	0
7F9O_EMD-31498_F	4
7F9O_EMD-31498_FA	0
7F9O_EMD-31498_G	0
7F9O_EMD-31498_GA	0
7F9O_EMD-31498_H	0
7F9O_EMD-31498_HA	0
7F9O_EMD-31498_I	0
7F9O_EMD-31498_IA	0
7F9O_EMD-31498_J	1
7F9O_EMD-31498_JA	0
7F9O_EMD-31498_K	2
7F9O_EMD-31498_KA	0
7F9O_EMD-31498_L	2
7F9O_EMD-31498_LA	0
7F9O_EMD-31498_M	2
7F9O_EMD-31498_MA	0
7F9O_EMD-31498_N	0
7F9O_EMD-31498_NA	0
7F9O_EMD-31498_O	5
7F9O_EMD-31498_P	2
7F9O_EMD-31498_Q	6
7F9O_EMD-31498_R	0
7F9O_EMD-31498_S	13
7F9O_EMD-31498_T	3
7F9O_EMD-31498_U	10
7F9O_EMD-31498_V	12
7F9O_EMD-31498_W	0
7F9O_EMD-31498_X	4
7F9O_EMD-31498_Y	5
7F9O_EMD-31498_Z	0
6ZW5_EMD-11481_A	0
7FG7_EMD-31578_A	73
7FIF_EMD-31595_A	5
7FDB_EMD-31539_A	33
7FDB_EMD-31539_B	28
7FDB_EMD-31539_CA	0
7FDB_EMD-31539_DA	0
7FDB_EMD-31539_EA	0
7FDB_EMD-31539_G	4
7FDB_EMD-31539_H	0
7FDB_EMD-31539_M	4
7FDB_EMD-31539_N	4
7FDB_EMD-31539_O	11
7FDB_EMD-31539_P	0
7FDB_EMD-31539_Q	16
7FDB_EMD-31539_R	0
7FDB_EMD-31539_S	0
7FDB_EMD-31539_T	0
7FDB_EMD-31539_U	0
7FDC_EMD-31540_A	33
7FDC_EMD-31540_B	25
7FDC_EMD-31540_CA	0
7FDC_EMD-31540_DA	0
7FDC_EMD-31540_EA	0
7FDC_EMD-31540_G	4
7FDC_EMD-31540_H	0
7FDC_EMD-31540_M	2
7FDC_EMD-31540_N	9
7FDC_EMD-31540_O	10
7FDC_EMD-31540_P	0
7FDC_EMD-31540_Q	13
7FDC_EMD-31540_R	0
7FDC_EMD-31540_S	0
7FDC_EMD-31540_T	0
7FDC_EMD-31540_U	0
7JGF_EMD-22325_A	2
7JGG_EMD-22326_A	0
7JGJ_EMD-22328_A	73
7JGJ_EMD-22328_B	0
7JGJ_EMD-22328_C	0
7JLX_EMD-22383_A	5
7JMF_EMD-22392_A	9
7JMF_EMD-22392_B	124
7JMH_EMD-22394_A	8
7JMH_EMD-22394_B	117
7JMI_EMD-22395_A	9
7JMI_EMD-22395_B	120
7JMJ_EMD-22396_A	9
7JMJ_EMD-22396_B	117
7JPU_EMD-22423_A	96
7JTI_EMD-22474_A	13
7JTI_EMD-22474_B	13
7JTI_EMD-22474_C	14
7JTI_EMD-22474_D	15
7JTI_EMD-22474_E	0
7JTI_EMD-22474_F	0
7JTS_EMD-22480_A	0
7JTS_EMD-22480_C	0
7JTS_EMD-22480_K	0
7JTS_EMD-22480_L	0
7JTS_EMD-22480_M	0
7K08_EMD-22589_A	16
7CF9_EMD-30343_B	8
7K1V_EMD-22630_A	13
7K1W_EMD-22631_A	0
7K2V_EMD-22647_A	14
7K2V_EMD-22647_B	0
7E81_EMD-31007_A	1
7K9L_EMD-22754_A	12
7K5B_EMD-22679_A	94
7K5B_EMD-22679_B	84
7K5B_EMD-22679_C	130
7K5B_EMD-22679_D	42
7K5B_EMD-22679_E	37
7K5B_EMD-22679_F	5
7K5B_EMD-22679_G	5
7K5B_EMD-22679_H	4
7K5B_EMD-22679_I	4
7K5B_EMD-22679_J	5
7K5B_EMD-22679_K	4
7K5B_EMD-22679_L	4
7K5B_EMD-22679_M	4
7K5B_EMD-22679_N	4
7K5B_EMD-22679_O	4
7K5B_EMD-22679_P	4
7K5B_EMD-22679_Q	8
7K5B_EMD-22679_R	2
7KEK_EMD-22840_A	93
7KEK_EMD-22840_B	83
7KEK_EMD-22840_C	130
7KEK_EMD-22840_D	39
7KEK_EMD-22840_E	39
7KEK_EMD-22840_F	6
7KEK_EMD-22840_G	5
7KEK_EMD-22840_H	4
7KEK_EMD-22840_I	4
7KEK_EMD-22840_J	5
7KEK_EMD-22840_K	4
7KEK_EMD-22840_L	5
7KEK_EMD-22840_M	4
7KEK_EMD-22840_N	4
7KEK_EMD-22840_O	4
7KEK_EMD-22840_P	4
7KEK_EMD-22840_Q	7
7KO4_EMD-22964_A	21
7KO4_EMD-22964_P	0
7KO4_EMD-22964_T	0
7KO4_EMD-22964_U	0
7KO4_EMD-22964_V	2
7KO5_EMD-22965_A	21
7KO5_EMD-22965_P	0
7KO5_EMD-22965_T	0
7KO5_EMD-22965_U	0
7KO5_EMD-22965_V	4
7KPW_EMD-22990_A	0
7KS0_EMD-23014_A	36
7KS0_EMD-23014_B	36
7JMG_EMD-22393_A	9
7JMG_EMD-22393_E	126
7KTP_EMD-23025_A	22
7KTP_EMD-23025_B	29
7KTP_EMD-23025_C	20
7KTP_EMD-23025_D	29
7KS3_EMD-23015_A	39
7KS3_EMD-23015_B	38
7KTV_EMD-23031_A	2
7KVC_EMD-23046_A	11
7KOR_EMD-22981_A	21
7KOR_EMD-22981_P	0
7KOR_EMD-22981_T	0
7KOR_EMD-22981_U	0
7KOR_EMD-22981_V	2
7L0S_EMD-23102_A	10
7L0S_EMD-23102_B	29
7L0S_EMD-23102_C	2
7L0S_EMD-23102_D	0
7L0S_EMD-23102_E	0
7KVD_EMD-23047_A	11
7L6M_EMD-23145_A	0
7L6M_EMD-23145_B	0
6ZW6_EMD-11482_A	0
7LGE_EMD-23321_A	8
7L6N_EMD-23206_A	21
7L6N_EMD-23206_H	0
7LGF_EMD-23322_A	6
7LHH_EMD-23340_A	0
7LHH_EMD-23340_B	0
7LHH_EMD-23340_C	64
7LHH_EMD-23340_D	18
7LGG_EMD-23323_A	8
7LHI_EMD-23341_A	0
7LHI_EMD-23341_B	0
7LHI_EMD-23341_C	53
7LHI_EMD-23341_D	20
7LHI_EMD-23341_E	0
7L5X_EMD-23192_A	16
7LRG_EMD-23497_A	20
7LRG_EMD-23497_G	10
7LVT_EMD-23542_A	38
7LUM_EMD-23522_A	23
7LUM_EMD-23522_C	30
7LUM_EMD-23522_E	25
7LUM_EMD-23522_G	22
7LUM_EMD-23522_I	23
7LUM_EMD-23522_K	29
7LUM_EMD-23522_M	25
7LUM_EMD-23522_O	22
7MBZ_EMD-23751_A	0
7MBZ_EMD-23751_B	0
7MBZ_EMD-23751_D	12
7LZ6_EMD-23603_A	18
7LZ6_EMD-23603_C	21
7LZ6_EMD-23603_D	19
7MD4_EMD-23766_A	65
7MD4_EMD-23766_C	0
7MD4_EMD-23766_E	0
7MD4_EMD-23766_F	0
7LUP_EMD-23526_A	25
7LUP_EMD-23526_C	30
7LUP_EMD-23526_E	23
7LUP_EMD-23526_G	26
7LUP_EMD-23526_I	26
7LUP_EMD-23526_K	30
7LUP_EMD-23526_M	23
7LUP_EMD-23526_O	24
7LUP_EMD-23526_Q	18
7MKQ_EMD-23903_A	15
7MKQ_EMD-23903_C	86
7MKQ_EMD-23903_D	74
7MKQ_EMD-23903_E	0
7MKQ_EMD-23903_F	0
7MOB_EMD-23923_A	15
7MOB_EMD-23923_C	38
7MH0_EMD-23832_A	26
7MDM_EMD-23775_A	28
7MOC_EMD-23924_A	2
7MP5_EMD-23929_A	18
7MT8_EMD-23977_A	0
7MT8_EMD-23977_B	0
7MP6_EMD-23930_A	2
7MT9_EMD-23978_A	0
7MT9_EMD-23978_B	0
7MOQ_EMD-23926_A	35
7MOQ_EMD-23926_B	78
7MOQ_EMD-23926_C	73
7MOQ_EMD-23926_D	28
7MOQ_EMD-23926_E	28
7MOQ_EMD-23926_F	5
7MOQ_EMD-23926_G	5
7MOQ_EMD-23926_H	4
7MOQ_EMD-23926_I	4
7MOQ_EMD-23926_J	5
7MOQ_EMD-23926_K	6
7MOQ_EMD-23926_L	5
7MOQ_EMD-23926_M	6
7MOQ_EMD-23926_N	4
7MOQ_EMD-23926_O	3
7MOQ_EMD-23926_P	5
7MOQ_EMD-23926_Q	19
7MOQ_EMD-23926_R	20
7MOQ_EMD-23926_T	0
7MOQ_EMD-23926_X	0
7MOQ_EMD-23926_Z	0
7A4H_EMD-11633_A	0
7KZM_EMD-23082_A	2
7KZM_EMD-23082_B	0
7KZM_EMD-23082_CA	0
7KZM_EMD-23082_DA	1
7KZM_EMD-23082_EA	0
7KZM_EMD-23082_HA	0
7KZM_EMD-23082_KA	0
7KZM_EMD-23082_O	0
7KZM_EMD-23082_P	0
7KZM_EMD-23082_Q	0
7KZM_EMD-23082_R	1
7KZM_EMD-23082_S	1
7KZM_EMD-23082_T	0
7KZM_EMD-23082_U	0
7KZM_EMD-23082_V	0
7KZM_EMD-23082_W	0
7KZM_EMD-23082_X	0
7KZM_EMD-23082_Y	1
7N32_EMD-22677_A	0
7N32_EMD-22677_B	0
7A4I_EMD-11634_A	0
7N97_EMD-24251_A	0
7N97_EMD-24251_B	0
7N9Q_EMD-24259_A	0
7N9R_EMD-24260_A	0
7N9S_EMD-24261_A	0
7N9S_EMD-24261_B	0
7N9Y_EMD-24264_A	0
7N9Y_EMD-24264_B	0
7NBX_EMD-12262_A	40
7NBX_EMD-12262_B	35
7NBX_EMD-12262_C	0
7NBX_EMD-12262_D	0
7NBX_EMD-12262_E	8
7NCS_EMD-12271_A	43
7NCS_EMD-12271_B	38
7NCS_EMD-12271_C	2
7NCS_EMD-12271_D	0
7NCS_EMD-12271_E	8
7NCS_EMD-12271_F	0
7NCS_EMD-12271_G	0
7ND0_EMD-12272_A	51
7ND0_EMD-12272_B	36
7ND0_EMD-12272_C	0
7ND0_EMD-12272_D	0
7ND0_EMD-12272_E	7
7ND0_EMD-12272_F	0
7ND0_EMD-12272_G	0
7NDG_EMD-12286_A	30
7NDG_EMD-12286_B	25
7NDG_EMD-12286_C	14
7NDG_EMD-12286_D	30
7FJ3_EMD-31612_A	64
7FJ3_EMD-31612_B	0
7FJ3_EMD-31612_F	1
7FJ3_EMD-31612_I	0
7N85_EMD-24232_A	0
7N85_EMD-24232_B	2
7N85_EMD-24232_E	2
7N85_EMD-24232_F	0
7N85_EMD-24232_G	0
7N85_EMD-24232_Q	6
7N85_EMD-24232_R	4
7N85_EMD-24232_U	8
7N85_EMD-24232_Y	31
7N85_EMD-24232_Z	41
7NH1_EMD-12318_A	20
7NH3_EMD-12319_A	20
7NO1_EMD-12486_A	0
7NO3_EMD-12488_A	0
7NO4_EMD-12489_A	0
7NO5_EMD-12490_A	0
7NO6_EMD-12491_A	0
7NO7_EMD-12492_A	0
7NO8_EMD-12493_A	0
7NO9_EMD-12494_A	0
7NOA_EMD-12495_A	0
7NGC_EMD-12312_A	27
7NOB_EMD-12496_A	0
7NOC_EMD-12497_A	0
7NOD_EMD-12498_A	0
7NOE_EMD-12499_A	0
7NOF_EMD-12500_A	0
7NOG_EMD-12501_A	0
7NOH_EMD-12502_A	0
7NOI_EMD-12503_A	0
7NOJ_EMD-12504_A	0
7NOM_EMD-12507_A	0
7NON_EMD-12508_A	0
7NOO_EMD-12509_A	0
7NOP_EMD-12510_A	0
7NOQ_EMD-12511_A	0
7NGF_EMD-12313_A	20
7NSU_EMD-12577_A	24
7NSU_EMD-12577_D	17
7NSU_EMD-12577_E	30
7NSU_EMD-12577_F	41
7NTF_EMD-12588_A	19
7NTX_EMD-10889_A	43
7O17_EMD-12692_A	42
7O17_EMD-12692_B	16
7O17_EMD-12692_D	0
7O3W_EMD-12710_A	0
7O3Z_EMD-12714_A	0
7O41_EMD-12715_A	35
7O41_EMD-12715_B	32
7O41_EMD-12715_D	7
7OA6_EMD-12766_A	8
7OGT_EMD-12887_A	8
7OGT_EMD-12887_B	9
7OH1_EMD-12891_A	42
7OH1_EMD-12891_B	0
7OH1_EMD-12891_C	0
7OTG_EMD-13059_A	23
7OU2_EMD-13073_A	28
7OVQ_EMD-13087_A	3
7OVR_EMD-13088_A	3
7NYY_EMD-12658_A	26
7NYY_EMD-12658_C	10
7NYY_EMD-12658_E	8
7NYY_EMD-12658_G	2
7P3N_EMD-13181_A	26
7P3N_EMD-13181_D	21
7P3N_EMD-13181_G	0
7P3N_EMD-13181_Q	0
7P3N_EMD-13181_R	0
7P3N_EMD-13181_S	0
7P3N_EMD-13181_T	0
7P3N_EMD-13181_U	0
7PCF_EMD-13319_A	0
7PCF_EMD-13319_B	0
7PCF_EMD-13319_C	0
7PD4_EMD-13330_A	18
7PDE_EMD-13335_A	19
7PDE_EMD-13335_B	8
7PE3_EMD-13346_A	8
7PG0_EMD-13385_A	66
7PG0_EMD-13385_C	0
7PG0_EMD-13385_D	0
7OWG_EMD-13097_A	0
7OWG_EMD-13097_B	11
7OWG_EMD-13097_C	0
7OWG_EMD-13097_D	0
7PG2_EMD-13386_A	60
7PG2_EMD-13386_C	0
7PG2_EMD-13386_D	0
7PG3_EMD-13387_A	64
7PG3_EMD-13387_C	0
7PG3_EMD-13387_D	0
7PIM_EMD-13442_A	9
7PIM_EMD-13442_B	9
7NPV_EMD-12522_A	0
7NPV_EMD-12522_G	2
7NPV_EMD-12522_M	0
7PTT_EMD-13637_A	60
7PTY_EMD-13643_A	11
7Q1V_EMD-13767_A	0
7Q4V_EMD-13818_A	26
7Q4V_EMD-13818_B	26
7Q4V_EMD-13818_C	5
7Q53_EMD-13824_A	0
7Q53_EMD-13824_B	0
7PGT_EMD-13395_A	0
7Q55_EMD-13826_A	22
7Q55_EMD-13826_B	24
7Q56_EMD-13827_A	19
7Q56_EMD-13827_B	25
7QE5_EMD-13930_A	0
7QE5_EMD-13930_B	11
7QCD_EMD-13895_A	29
7QCD_EMD-13895_B	29
7QCD_EMD-13895_C	7
7QCD_EMD-13895_D	14
7QCD_EMD-13895_E	6
7QCD_EMD-13895_F	6
7QIM_EMD-13990_A	19
7QID_EMD-10311_A	52
7QID_EMD-10311_B	8
7QID_EMD-10311_E	0
7QID_EMD-10311_F	0
7QIN_EMD-13991_A	21
7QIN_EMD-13991_L	28
7QJ0_EMD-14005_A	0
7QJ0_EMD-14005_B	0
7QJ0_EMD-14005_D	0
7QJ0_EMD-14005_E	0
7QJ0_EMD-14005_G	12
7QJ0_EMD-14005_J	2
7QJ0_EMD-14005_K	8
7QJ1_EMD-14006_A	0
7QJ1_EMD-14006_B	0
7QJ1_EMD-14006_D	0
7QJ1_EMD-14006_E	0
7QJ1_EMD-14006_G	6
7QJ1_EMD-14006_J	2
7QJ1_EMD-14006_K	4
7QJ6_EMD-14011_A	0
7QJ6_EMD-14011_B	0
7QJ6_EMD-14011_C	6
7QJ6_EMD-14011_D	6
7QJ6_EMD-14011_J	2
7QJ6_EMD-14011_K	6
7QJ6_EMD-14011_M	0
7QJ6_EMD-14011_Q	14
7QJ3_EMD-14008_A	0
7QJ3_EMD-14008_C	0
7QJ3_EMD-14008_D	0
7QJ3_EMD-14008_G	8
7QJ3_EMD-14008_I	4
7QJ3_EMD-14008_K	4
7QJ3_EMD-14008_N	6
7QJE_EMD-14019_A	0
7QJE_EMD-14019_B	0
7QJE_EMD-14019_D	0
7QJE_EMD-14019_E	0
7QO3_EMD-14082_A	11
7QO3_EMD-14082_B	16
7QO3_EMD-14082_C	14
7QO3_EMD-14082_CA	0
7QO3_EMD-14082_D	14
7QO3_EMD-14082_DA	0
7QO3_EMD-14082_E	11
7QO3_EMD-14082_EA	0
7QO3_EMD-14082_F	11
7QO3_EMD-14082_FA	0
7QO3_EMD-14082_G	12
7QO3_EMD-14082_GA	0
7QO3_EMD-14082_H	0
7QO3_EMD-14082_HA	0
7QO3_EMD-14082_I	0
7QO3_EMD-14082_IA	0
7QO3_EMD-14082_J	0
7QO3_EMD-14082_JA	0
7QO3_EMD-14082_K	0
7QO3_EMD-14082_KA	0
7QO3_EMD-14082_L	0
7QO3_EMD-14082_LA	0
7QO3_EMD-14082_M	0
7QO3_EMD-14082_MA	0
7QO3_EMD-14082_N	8
7QO3_EMD-14082_NA	0
7QO3_EMD-14082_OA	0
7QO4_EMD-14083_A	0
7QO4_EMD-14083_B	0
7QO4_EMD-14083_C	0
7QO4_EMD-14083_D	0
7QO4_EMD-14083_E	0
7QO4_EMD-14083_F	0
7QO4_EMD-14083_G	0
7QO4_EMD-14083_H	16
7QO4_EMD-14083_I	11
7QO5_EMD-14084_A	11
7QO5_EMD-14084_B	14
7QO5_EMD-14084_C	14
7QO5_EMD-14084_CA	0
7QO5_EMD-14084_D	13
7QO5_EMD-14084_DA	0
7QO5_EMD-14084_E	11
7QO5_EMD-14084_EA	0
7QO5_EMD-14084_F	14
7QO5_EMD-14084_FA	0
7QO5_EMD-14084_G	12
7QO5_EMD-14084_GA	0
7QO5_EMD-14084_H	15
7QO5_EMD-14084_HA	0
7QO5_EMD-14084_I	12
7QO5_EMD-14084_IA	0
7QO5_EMD-14084_J	12
7QO5_EMD-14084_JA	0
7QO5_EMD-14084_K	10
7QO5_EMD-14084_KA	0
7QO5_EMD-14084_L	13
7QO5_EMD-14084_LA	0
7QO5_EMD-14084_M	10
7QO5_EMD-14084_MA	0
7QO5_EMD-14084_N	10
7QO5_EMD-14084_NA	0
7QO5_EMD-14084_OA	0
7QO5_EMD-14084_PA	0
7QO5_EMD-14084_QA	0
7QO5_EMD-14084_RA	0
7QO5_EMD-14084_SA	0
7QO5_EMD-14084_TA	0
7QO5_EMD-14084_UA	0
7QO5_EMD-14084_VA	0
7QO5_EMD-14084_WA	0
7QO6_EMD-14085_A	11
7QO6_EMD-14085_B	14
7QO6_EMD-14085_C	12
7QO6_EMD-14085_CA	0
7QO6_EMD-14085_D	14
7QO6_EMD-14085_DA	0
7QO6_EMD-14085_E	12
7QO6_EMD-14085_EA	0
7QO6_EMD-14085_F	13
7QO6_EMD-14085_FA	0
7QO6_EMD-14085_G	11
7QO6_EMD-14085_GA	0
7QO6_EMD-14085_H	15
7QO6_EMD-14085_HA	0
7QO6_EMD-14085_I	11
7QO6_EMD-14085_IA	0
7QO6_EMD-14085_J	13
7QO6_EMD-14085_JA	0
7QO6_EMD-14085_K	12
7QO6_EMD-14085_KA	0
7QO6_EMD-14085_L	13
7QO6_EMD-14085_LA	0
7QO6_EMD-14085_M	12
7QO6_EMD-14085_MA	0
7QO6_EMD-14085_N	8
7QO6_EMD-14085_NA	0
7QO6_EMD-14085_OA	0
7QO6_EMD-14085_PA	0
7QO6_EMD-14085_QA	0
7QO6_EMD-14085_RA	0
7QO6_EMD-14085_SA	0
7QO6_EMD-14085_TA	0
7QO6_EMD-14085_UA	0
7QO6_EMD-14085_VA	0
7QO6_EMD-14085_WA	0
7QOO_EMD-14098_A	0
7QOO_EMD-14098_B	0
7QOO_EMD-14098_C	1
7QOO_EMD-14098_D	0
7QOO_EMD-14098_E	0
7QOO_EMD-14098_F	0
7QOO_EMD-14098_G	0
7QOO_EMD-14098_H	0
7QOO_EMD-14098_I	2
7QOO_EMD-14098_J	0
7QOO_EMD-14098_K	3
7QOO_EMD-14098_L	16
7QOO_EMD-14098_M	5
7QOO_EMD-14098_N	12
7QY7_EMD-14209_A	14
7QY7_EMD-14209_AA	0
7QY7_EMD-14209_B	12
7QY7_EMD-14209_BA	0
7QY7_EMD-14209_C	10
7QY7_EMD-14209_CA	0
7QY7_EMD-14209_D	9
7QY7_EMD-14209_DA	0
7QY7_EMD-14209_E	10
7QY7_EMD-14209_EA	0
7QY7_EMD-14209_F	14
7QY7_EMD-14209_FA	0
7QY7_EMD-14209_G	15
7QY7_EMD-14209_H	12
7QY7_EMD-14209_I	12
7QY7_EMD-14209_J	10
7QY7_EMD-14209_K	9
7QY7_EMD-14209_L	12
7QY7_EMD-14209_M	12
7QY7_EMD-14209_N	16
7QY7_EMD-14209_O	15
7QY7_EMD-14209_P	13
7QY7_EMD-14209_Q	13
7QY7_EMD-14209_R	13
7QY7_EMD-14209_S	13
7QY7_EMD-14209_T	15
7QY7_EMD-14209_U	9
7QY7_EMD-14209_V	1
7QY7_EMD-14209_W	3
7QY7_EMD-14209_X	4
7QY7_EMD-14209_Y	3
7QY7_EMD-14209_Z	12
7QYA_EMD-14210_A	14
7QYA_EMD-14210_AA	0
7QYA_EMD-14210_B	11
7QYA_EMD-14210_BA	0
7QYA_EMD-14210_C	15
7QYA_EMD-14210_CA	0
7QYA_EMD-14210_D	10
7QYA_EMD-14210_DA	0
7QYA_EMD-14210_E	12
7QYA_EMD-14210_EA	0
7QYA_EMD-14210_F	14
7QYA_EMD-14210_FA	0
7QYA_EMD-14210_G	12
7QYA_EMD-14210_H	11
7QYA_EMD-14210_I	11
7QYA_EMD-14210_J	10
7QYA_EMD-14210_K	11
7QYA_EMD-14210_L	14
7QYA_EMD-14210_M	13
7QYA_EMD-14210_N	16
7QYA_EMD-14210_O	16
7QYA_EMD-14210_P	15
7QYA_EMD-14210_Q	13
7QYA_EMD-14210_R	13
7QYA_EMD-14210_S	15
7QYA_EMD-14210_T	17
7QYA_EMD-14210_U	11
7QYA_EMD-14210_V	5
7QYA_EMD-14210_W	1
7QYA_EMD-14210_X	0
7QYA_EMD-14210_Y	3
7QYA_EMD-14210_Z	13
7R0C_EMD-14221_A	1
7R0C_EMD-14221_B	0
7R0C_EMD-14221_C	25
7R0C_EMD-14221_D	23
7R7T_EMD-24304_A	18
7R7T_EMD-24304_G	0
7R9H_EMD-24325_A	0
7R9I_EMD-24326_A	0
7R9J_EMD-24327_A	0
7QJD_EMD-14018_A	8
7QJD_EMD-14018_C	8
7QJD_EMD-14018_D	8
7QJD_EMD-14018_G	8
7QJD_EMD-14018_K	3
7QJD_EMD-14018_L	6
7QJD_EMD-14018_N	6
7RD8_EMD-24415_A	33
7RDR_EMD-24425_A	0
7RI6_EMD-24475_A	43
7RI6_EMD-24475_B	30
7RI6_EMD-24475_C	0
7RI6_EMD-24475_D	0
7RI6_EMD-24475_E	6
7RI7_EMD-24476_A	56
7RI7_EMD-24476_B	35
7RI7_EMD-24476_C	0
7RI7_EMD-24476_D	0
7RI7_EMD-24476_E	6
7RI8_EMD-24477_A	61
7RI8_EMD-24477_B	34
7RI8_EMD-24477_C	0
7RI8_EMD-24477_D	0
7RI8_EMD-24477_E	5
7RI9_EMD-24478_A	58
7RI9_EMD-24478_B	33
7RI9_EMD-24478_C	0
7RI9_EMD-24478_D	0
7RI9_EMD-24478_E	10
7RIT_EMD-23804_A	13
7RJ5_EMD-24481_A	45
7RJ5_EMD-24481_B	37
7RJ5_EMD-24481_C	0
7RJ5_EMD-24481_D	0
7RJ5_EMD-24481_E	4
7RJ5_EMD-24481_F	0
7RMF_EMD-24566_A	25
7MUQ_EMD-24018_A	0
7MUQ_EMD-24018_B	0
7MUQ_EMD-24018_D	0
7MUQ_EMD-24018_E	0
7MUQ_EMD-24018_H	0
7MUQ_EMD-24018_I	0
7MUQ_EMD-24018_J	0
7MUQ_EMD-24018_K	0
7MUQ_EMD-24018_L	0
7MUS_EMD-24020_A	0
7MUS_EMD-24020_B	0
7MUS_EMD-24020_C	0
7MUS_EMD-24020_DB	0
7MUS_EMD-24020_E	0
7MUS_EMD-24020_F	0
7MUS_EMD-24020_G	0
7MUS_EMD-24020_H	0
7MUS_EMD-24020_I	0
7RO2_EMD-24585_A	0
7RO3_EMD-24586_A	0
7RSI_EMD-24672_A	0
7RSI_EMD-24672_B	0
7RUG_EMD-24705_A	2
7RUG_EMD-24705_B	0
7RWA_EMD-24712_A	2
7RWA_EMD-24712_B	1
7RWA_EMD-24712_C	0
7RWA_EMD-24712_D	0
7RWA_EMD-24712_E	0
7RYP_EMD-24744_A	21
7RYP_EMD-24744_B	1
7RYQ_EMD-24745_A	0
7S0E_EMD-24788_A	54
7S0E_EMD-24788_B	0
7S0E_EMD-24788_C	0
7S64_EMD-24849_A	92
7S9C_EMD-24932_A	10
7S9D_EMD-24933_A	15
7SIN_EMD-25145_A	32
7SL4_EMD-25191_A	76
7SL4_EMD-25191_C	1
7SL4_EMD-25191_E	1
7MUV_EMD-24023_A	0
7MUV_EMD-24023_B	0
7MUV_EMD-24023_BB	0
7MUV_EMD-24023_C	0
7MUV_EMD-24023_D	0
7MUV_EMD-24023_E	0
7MUV_EMD-24023_H	0
7MUV_EMD-24023_I	0
7MUV_EMD-24023_U	0
7SQJ_EMD-25386_A	32
7RMV_EMD-24578_A	25
7SQK_EMD-25387_A	1
7SQK_EMD-25387_B	0
7SQK_EMD-25387_C	3
7SQK_EMD-25387_D	2
7SQK_EMD-25387_E	4
7SQK_EMD-25387_F	2
7SQK_EMD-25387_G	0
7SQK_EMD-25387_H	0
7MUW_EMD-24024_A	0
7MUW_EMD-24024_B	0
7MUW_EMD-24024_C	0
7MUW_EMD-24024_D	0
7MUW_EMD-24024_E	0
7MUW_EMD-24024_F	0
7MUW_EMD-24024_I	0
7MUW_EMD-24024_J	0
7MUW_EMD-24024_W	0
7SXA_EMD-25496_A	0
7SXA_EMD-25496_B	20
7MUY_EMD-24026_A	0
7MUY_EMD-24026_B	0
7MUY_EMD-24026_C	0
7MUY_EMD-24026_E	0
7MUY_EMD-24026_F	0
7MUY_EMD-24026_G	0
7MUY_EMD-24026_H	0
7MUY_EMD-24026_I	0
7MUY_EMD-24026_Q	0
7T17_EMD-25606_A	38
7T17_EMD-25606_B	0
7T17_EMD-25606_C	38
7T17_EMD-25606_D	0
7T17_EMD-25606_G	12
7STI_EMD-25429_A	75
7STI_EMD-25429_C	2
7T54_EMD-25694_A	20
7TC9_EMD-25806_A	0
7TC9_EMD-25806_B	10
7TC9_EMD-25806_C	0
7TDM_EMD-25834_A	4
7TDM_EMD-25834_B	11
7TDM_EMD-25834_C	0
7TDM_EMD-25834_D	0
7TDN_EMD-25835_A	5
7TDN_EMD-25835_B	11
7TDN_EMD-25835_C	0
7TDN_EMD-25835_D	0
7T8C_EMD-25744_A	28
7TEE_EMD-25845_A	32
7TEE_EMD-25845_B	32
7TEE_EMD-25845_E	0
7TEE_EMD-25845_F	0
7TEQ_EMD-25849_A	36
7TEQ_EMD-25849_B	38
7TEQ_EMD-25849_E	0
7TEQ_EMD-25849_F	0
7SZ6_EMD-25562_A	0
7TER_EMD-25850_A	32
7TER_EMD-25850_B	35
7TER_EMD-25850_E	0
7TER_EMD-25850_F	0
7THY_EMD-25906_A	11
7THZ_EMD-25907_A	8
7TES_EMD-25851_A	33
7TES_EMD-25851_B	37
7TES_EMD-25851_E	0
7TES_EMD-25851_F	0
7TIJ_EMD-25911_A	16
7TIJ_EMD-25911_G	0
7TIT_EMD-25914_A	19
7TIT_EMD-25914_G	0
7TK1_EMD-25949_A	27
7TK1_EMD-25949_AA	0
7TK1_EMD-25949_K	0
7TK1_EMD-25949_N	0
7TK1_EMD-25949_Q	0
7TK1_EMD-25949_R	0
7TK1_EMD-25949_S	0
7TK1_EMD-25949_T	0
7TK1_EMD-25949_U	0
7TK1_EMD-25949_V	0
7TK1_EMD-25949_W	2
7TK1_EMD-25949_X	0
7TK1_EMD-25949_Y	0
7TK1_EMD-25949_Z	0
7TJ7_EMD-25918_A	20
7TJ7_EMD-25918_G	0
7SZ4_EMD-25560_A	0
7TK2_EMD-25954_A	27
7TK2_EMD-25954_AA	0
7TK2_EMD-25954_K	0
7TK2_EMD-25954_N	0
7TK2_EMD-25954_Q	0
7TK2_EMD-25954_R	0
7TK2_EMD-25954_S	0
7TK2_EMD-25954_T	2
7TK2_EMD-25954_U	0
7TK2_EMD-25954_V	0
7TK2_EMD-25954_W	0
7TK2_EMD-25954_X	0
7TK2_EMD-25954_Y	0
7TK2_EMD-25954_Z	0
7TK3_EMD-25955_A	27
7TK3_EMD-25955_AA	0
7TK3_EMD-25955_K	0
7TK3_EMD-25955_N	0
7TK3_EMD-25955_Q	0
7TK3_EMD-25955_R	0
7TK3_EMD-25955_S	0
7TK3_EMD-25955_T	1
7TK3_EMD-25955_U	0
7TK3_EMD-25955_V	1
7TK3_EMD-25955_W	0
7TK3_EMD-25955_X	0
7TK3_EMD-25955_Y	0
7TK3_EMD-25955_Z	0
7TK4_EMD-25956_A	24
7TK4_EMD-25956_AA	0
7TK4_EMD-25956_K	0
7TK4_EMD-25956_N	0
7TK4_EMD-25956_Q	0
7TK4_EMD-25956_R	0
7TK4_EMD-25956_S	0
7TK4_EMD-25956_T	0
7TK4_EMD-25956_U	0
7TK4_EMD-25956_V	0
7TK4_EMD-25956_W	0
7TK4_EMD-25956_X	0
7TK4_EMD-25956_Y	0
7TK4_EMD-25956_Z	0
7TK5_EMD-25957_A	30
7TK5_EMD-25957_AA	0
7TK5_EMD-25957_K	0
7TK5_EMD-25957_N	0
7TK5_EMD-25957_Q	0
7TK5_EMD-25957_R	0
7TK5_EMD-25957_S	0
7TK5_EMD-25957_T	0
7TK5_EMD-25957_U	0
7TK5_EMD-25957_V	0
7TK5_EMD-25957_W	0
7TK5_EMD-25957_X	0
7TK5_EMD-25957_Y	0
7TK5_EMD-25957_Z	0
7TK6_EMD-25958_A	26
7TK6_EMD-25958_AA	0
7TK6_EMD-25958_K	0
7TK6_EMD-25958_N	0
7TK6_EMD-25958_Q	0
7TK6_EMD-25958_R	0
7TK6_EMD-25958_S	0
7TK6_EMD-25958_T	0
7TK6_EMD-25958_U	0
7TK6_EMD-25958_V	0
7TK6_EMD-25958_W	0
7TK6_EMD-25958_X	0
7TK6_EMD-25958_Y	0
7TK6_EMD-25958_Z	0
7TK7_EMD-25959_A	26
7TK7_EMD-25959_AA	0
7TK7_EMD-25959_K	0
7TK7_EMD-25959_N	0
7TK7_EMD-25959_Q	0
7TK7_EMD-25959_R	0
7TK7_EMD-25959_S	0
7TK7_EMD-25959_T	0
7TK7_EMD-25959_U	0
7TK7_EMD-25959_V	0
7TK7_EMD-25959_W	2
7TK7_EMD-25959_X	0
7TK7_EMD-25959_Y	0
7TK7_EMD-25959_Z	0
7TK8_EMD-25960_A	27
7TK8_EMD-25960_AA	0
7TK8_EMD-25960_K	0
7TK8_EMD-25960_N	0
7TK8_EMD-25960_Q	0
7TK8_EMD-25960_R	0
7TK8_EMD-25960_S	0
7TK8_EMD-25960_T	0
7TK8_EMD-25960_U	0
7TK8_EMD-25960_V	2
7TK8_EMD-25960_W	0
7TK8_EMD-25960_X	0
7TK8_EMD-25960_Y	0
7TK8_EMD-25960_Z	0
7SOX_EMD-25362_A	12
7TK9_EMD-25961_A	22
7TK9_EMD-25961_AA	0
7TK9_EMD-25961_K	0
7TK9_EMD-25961_N	0
7TK9_EMD-25961_Q	0
7TK9_EMD-25961_R	0
7TK9_EMD-25961_S	0
7TK9_EMD-25961_T	1
7TK9_EMD-25961_U	0
7TK9_EMD-25961_V	1
7TK9_EMD-25961_W	0
7TK9_EMD-25961_X	0
7TK9_EMD-25961_Y	0
7TK9_EMD-25961_Z	0
7TKA_EMD-25962_A	26
7TKA_EMD-25962_AA	0
7TKA_EMD-25962_K	0
7TKA_EMD-25962_N	0
7TKA_EMD-25962_Q	0
7TKA_EMD-25962_R	0
7TKA_EMD-25962_S	0
7TKA_EMD-25962_T	0
7TKA_EMD-25962_U	0
7TKA_EMD-25962_V	0
7TKA_EMD-25962_W	0
7TKA_EMD-25962_X	0
7TKA_EMD-25962_Y	0
7TKA_EMD-25962_Z	0
7TKB_EMD-25963_A	26
7TKB_EMD-25963_AA	0
7TKB_EMD-25963_K	0
7TKB_EMD-25963_N	0
7TKB_EMD-25963_Q	0
7TKB_EMD-25963_R	0
7TKB_EMD-25963_S	0
7TKB_EMD-25963_T	0
7TKB_EMD-25963_U	0
7TKB_EMD-25963_V	0
7TKB_EMD-25963_W	3
7TKB_EMD-25963_X	0
7TKB_EMD-25963_Y	0
7TKB_EMD-25963_Z	0
7TKC_EMD-25964_A	26
7TKC_EMD-25964_AA	0
7TKC_EMD-25964_K	0
7TKC_EMD-25964_N	0
7TKC_EMD-25964_Q	0
7TKC_EMD-25964_R	0
7TKC_EMD-25964_S	0
7TKC_EMD-25964_T	0
7TKC_EMD-25964_U	0
7TKC_EMD-25964_V	1
7TKC_EMD-25964_W	1
7TKC_EMD-25964_X	0
7TKC_EMD-25964_Y	0
7TKC_EMD-25964_Z	0
7TKD_EMD-25965_A	22
7TKD_EMD-25965_AA	0
7TKD_EMD-25965_K	0
7TKD_EMD-25965_N	0
7TKD_EMD-25965_Q	0
7TKD_EMD-25965_R	0
7TKD_EMD-25965_S	0
7TKD_EMD-25965_T	0
7TKD_EMD-25965_U	0
7TKD_EMD-25965_V	1
7TKD_EMD-25965_W	1
7TKD_EMD-25965_X	0
7TKD_EMD-25965_Y	0
7TKD_EMD-25965_Z	0
7TKE_EMD-25966_A	26
7TKE_EMD-25966_AA	0
7TKE_EMD-25966_K	0
7TKE_EMD-25966_N	0
7TKE_EMD-25966_Q	0
7TKE_EMD-25966_R	0
7TKE_EMD-25966_S	0
7TKE_EMD-25966_T	0
7TKE_EMD-25966_U	0
7TKE_EMD-25966_V	0
7TKE_EMD-25966_W	0
7TKE_EMD-25966_X	0
7TKE_EMD-25966_Y	0
7TKE_EMD-25966_Z	0
7TKF_EMD-25967_A	25
7TKF_EMD-25967_AA	0
7TKF_EMD-25967_K	0
7TKF_EMD-25967_N	0
7TKF_EMD-25967_Q	0
7TKF_EMD-25967_R	0
7TKF_EMD-25967_S	0
7TKF_EMD-25967_T	0
7TKF_EMD-25967_U	0
7TKF_EMD-25967_V	0
7TKF_EMD-25967_W	0
7TKF_EMD-25967_X	0
7TKF_EMD-25967_Y	0
7TKF_EMD-25967_Z	0
7TKG_EMD-25968_A	23
7TKG_EMD-25968_AA	0
7TKG_EMD-25968_K	0
7TKG_EMD-25968_N	0
7TKG_EMD-25968_Q	0
7TKG_EMD-25968_R	0
7TKG_EMD-25968_S	0
7TKG_EMD-25968_T	0
7TKG_EMD-25968_U	0
7TKG_EMD-25968_V	0
7TKG_EMD-25968_W	0
7TKG_EMD-25968_X	0
7TKG_EMD-25968_Y	0
7TKG_EMD-25968_Z	0
7TKI_EMD-25970_A	22
7TKI_EMD-25970_AA	0
7TKI_EMD-25970_K	0
7TKI_EMD-25970_N	0
7TKI_EMD-25970_Q	0
7TKI_EMD-25970_R	0
7TKI_EMD-25970_S	0
7TKI_EMD-25970_T	0
7TKI_EMD-25970_U	0
7TKI_EMD-25970_V	0
7TKI_EMD-25970_W	0
7TKI_EMD-25970_X	0
7TKI_EMD-25970_Y	0
7TKI_EMD-25970_Z	0
7TKJ_EMD-25971_A	27
7TKJ_EMD-25971_AA	0
7TKJ_EMD-25971_K	0
7TKJ_EMD-25971_N	0
7TKJ_EMD-25971_Q	0
7TKJ_EMD-25971_R	0
7TKJ_EMD-25971_S	0
7TKJ_EMD-25971_T	0
7TKJ_EMD-25971_U	0
7TKJ_EMD-25971_V	0
7TKJ_EMD-25971_W	0
7TKJ_EMD-25971_X	0
7TKJ_EMD-25971_Y	0
7TKJ_EMD-25971_Z	0
7TKK_EMD-25972_A	27
7TKK_EMD-25972_AA	0
7TKK_EMD-25972_K	0
7TKK_EMD-25972_N	0
7TKK_EMD-25972_Q	0
7TKK_EMD-25972_R	0
7TKK_EMD-25972_S	0
7TKK_EMD-25972_T	0
7TKK_EMD-25972_U	0
7TKK_EMD-25972_V	0
7TKK_EMD-25972_W	0
7TKK_EMD-25972_X	0
7TKK_EMD-25972_Y	0
7TKK_EMD-25972_Z	0
7TKL_EMD-25973_A	22
7TKL_EMD-25973_AA	0
7TKL_EMD-25973_K	0
7TKL_EMD-25973_N	0
7TKL_EMD-25973_Q	0
7TKL_EMD-25973_R	0
7TKL_EMD-25973_S	0
7TKL_EMD-25973_T	1
7TKL_EMD-25973_U	0
7TKL_EMD-25973_V	1
7TKL_EMD-25973_W	0
7TKL_EMD-25973_X	0
7TKL_EMD-25973_Y	0
7TKL_EMD-25973_Z	0
7TKM_EMD-25974_A	21
7TKM_EMD-25974_AA	0
7TKM_EMD-25974_K	0
7TKM_EMD-25974_N	0
7TKM_EMD-25974_Q	0
7TKM_EMD-25974_R	0
7TKM_EMD-25974_S	0
7TKM_EMD-25974_T	1
7TKM_EMD-25974_U	0
7TKM_EMD-25974_V	1
7TKM_EMD-25974_W	0
7TKM_EMD-25974_X	0
7TKM_EMD-25974_Y	0
7TKM_EMD-25974_Z	0
7TKN_EMD-25975_A	24
7TKN_EMD-25975_AA	0
7TKN_EMD-25975_K	0
7TKN_EMD-25975_N	0
7TKN_EMD-25975_Q	0
7TKN_EMD-25975_R	0
7TKN_EMD-25975_S	0
7TKN_EMD-25975_T	0
7TKN_EMD-25975_U	0
7TKN_EMD-25975_V	0
7TKN_EMD-25975_W	2
7TKN_EMD-25975_X	0
7TKN_EMD-25975_Y	0
7TKN_EMD-25975_Z	0
7TKO_EMD-25976_A	23
7TKO_EMD-25976_AA	0
7TKO_EMD-25976_K	0
7TKO_EMD-25976_N	0
7TKO_EMD-25976_Q	0
7TKO_EMD-25976_R	0
7TKO_EMD-25976_S	0
7TKO_EMD-25976_T	0
7TKO_EMD-25976_U	0
7TKO_EMD-25976_V	0
7TKO_EMD-25976_W	0
7TKO_EMD-25976_X	0
7TKO_EMD-25976_Y	0
7TKO_EMD-25976_Z	0
7TKP_EMD-25977_A	22
7TKP_EMD-25977_AA	0
7TKP_EMD-25977_K	0
7TKP_EMD-25977_N	0
7TKP_EMD-25977_Q	0
7TKP_EMD-25977_R	0
7TKP_EMD-25977_S	0
7TKP_EMD-25977_T	1
7TKP_EMD-25977_U	0
7TKP_EMD-25977_V	1
7TKP_EMD-25977_W	0
7TKP_EMD-25977_X	0
7TKP_EMD-25977_Y	0
7TKP_EMD-25977_Z	0
7TKQ_EMD-25978_A	21
7TKQ_EMD-25978_AA	0
7TKQ_EMD-25978_K	0
7TKQ_EMD-25978_N	0
7TKQ_EMD-25978_Q	0
7TKQ_EMD-25978_R	0
7TKQ_EMD-25978_S	0
7TKQ_EMD-25978_T	2
7TKQ_EMD-25978_U	0
7TKQ_EMD-25978_V	0
7TKQ_EMD-25978_W	0
7TKQ_EMD-25978_X	0
7TKQ_EMD-25978_Y	0
7TKQ_EMD-25978_Z	0
7TKR_EMD-25979_A	23
7TKR_EMD-25979_AA	0
7TKR_EMD-25979_K	0
7TKR_EMD-25979_N	0
7TKR_EMD-25979_Q	0
7TKR_EMD-25979_R	0
7TKR_EMD-25979_S	0
7TKR_EMD-25979_T	0
7TKR_EMD-25979_U	0
7TKR_EMD-25979_V	0
7TKR_EMD-25979_W	3
7TKR_EMD-25979_X	1
7TKR_EMD-25979_Y	0
7TKR_EMD-25979_Z	0
7TKS_EMD-25980_A	24
7TKS_EMD-25980_AA	0
7TKS_EMD-25980_K	0
7TKS_EMD-25980_N	0
7TKS_EMD-25980_Q	0
7TKS_EMD-25980_R	0
7TKS_EMD-25980_S	0
7TKS_EMD-25980_T	2
7TKS_EMD-25980_U	0
7TKS_EMD-25980_V	0
7TKS_EMD-25980_W	0
7TKS_EMD-25980_X	0
7TKS_EMD-25980_Y	0
7TKS_EMD-25980_Z	0
7TSZ_EMD-26105_A	33
7TSZ_EMD-26105_B	30
7TSZ_EMD-26105_C	0
7TSZ_EMD-26105_D	0
7TSZ_EMD-26105_E	6
7TSZ_EMD-26105_F	0
7TT7_EMD-26113_A	33
7TT7_EMD-26113_B	0
7TT7_EMD-26113_C	0
7TT7_EMD-26113_D	0
7TT7_EMD-26113_E	6
7TNK_EMD-26012_A	28
7TUK_EMD-26117_A	0
7TNM_EMD-26014_A	25
7TUL_EMD-26118_A	0
7TW2_EMD-26148_A	21
7TW0_EMD-26146_A	23
7TW0_EMD-26146_C	0
7TW1_EMD-26147_A	23
7TW1_EMD-26147_C	0
7U0D_EMD-26256_A	0
7U0D_EMD-26256_B	9
7U0D_EMD-26256_C	0
7U0D_EMD-26256_D	0
7U0D_EMD-26256_E	0
7U14_EMD-26277_A	12
7TW5_EMD-26151_A	23
7TW5_EMD-26151_C	0
7TW5_EMD-26151_D	0
7U1E_EMD-26299_A	18
7U1E_EMD-26299_E	33
7U6D_EMD-26363_A	0
7U6D_EMD-26363_B	21
7U23_EMD-26306_A	0
7U23_EMD-26306_C	0
7TW6_EMD-26153_A	25
7TW6_EMD-26153_C	0
7TW6_EMD-26153_D	0
7U6F_EMD-24964_A	0
7U6F_EMD-24964_B	2
7U6F_EMD-24964_C	0
7U6Y_EMD-26308_A	20
7U6Y_EMD-26308_E	35
7U7M_EMD-26309_A	21
7U7M_EMD-26309_E	35
7UAA_EMD-26312_A	21
7UAA_EMD-26312_E	35
7UBB_EMD-26437_A	0
7UJJ_EMD-26563_A	15
7UJJ_EMD-26563_B	8
7UJJ_EMD-26563_C	7
7UQR_EMD-26320_A	22
7UQR_EMD-26320_E	34
7URR_EMD-26717_A	4
7UIF_EMD-26544_A	68
7UIF_EMD-26544_AA	0
7UIF_EMD-26544_B	70
7UIF_EMD-26544_BA	0
7UIF_EMD-26544_C	12
7UIF_EMD-26544_CA	0
7UIF_EMD-26544_D	3
7UIF_EMD-26544_DA	0
7UIF_EMD-26544_E	14
7UIF_EMD-26544_EA	0
7UIF_EMD-26544_F	5
7UIF_EMD-26544_FA	0
7UIF_EMD-26544_G	15
7UIF_EMD-26544_H	8
7UIF_EMD-26544_I	9
7UIF_EMD-26544_J	3
7UIF_EMD-26544_K	4
7UIF_EMD-26544_L	3
7UIF_EMD-26544_M	3
7UIF_EMD-26544_N	0
7UIF_EMD-26544_O	0
7UIF_EMD-26544_P	8
7UIF_EMD-26544_Q	6
7UIF_EMD-26544_R	0
7UIF_EMD-26544_S	4
7UIF_EMD-26544_T	0
7UIF_EMD-26544_U	0
7UIF_EMD-26544_V	0
7UIF_EMD-26544_W	0
7UIF_EMD-26544_X	0
7UIF_EMD-26544_Y	0
7UIF_EMD-26544_Z	0
7TDZ_EMD-25817_A	36
7TDZ_EMD-25817_AA	0
7TDZ_EMD-25817_C	5
7TDZ_EMD-25817_D	30
7TDZ_EMD-25817_E	25
7TDZ_EMD-25817_F	9
7TDZ_EMD-25817_H	2
7TDZ_EMD-25817_J	0
7TDZ_EMD-25817_L	15
7TDZ_EMD-25817_N	0
7TDZ_EMD-25817_P	0
7TDZ_EMD-25817_Q	3
7TDZ_EMD-25817_V	0
7TDZ_EMD-25817_X	0
7TDZ_EMD-25817_Z	0
7UUS_EMD-26802_A	25
7UUS_EMD-26802_B	22
7UUS_EMD-26802_Q	0
7UY8_EMD-26867_A	6
7UY8_EMD-26867_B	25
7UY8_EMD-26867_C	11
7UY8_EMD-26867_D	7
7V0N_EMD-26945_A	40
7V0N_EMD-26945_M	0
7V0O_EMD-26946_A	40
7V0O_EMD-26946_M	0
7V0P_EMD-26947_A	40
7V0P_EMD-26947_M	0
7V3J_EMD-31681_A	0
7V3J_EMD-31681_B	0
7V3J_EMD-31681_E	0
7V3J_EMD-31681_F	0
7V6O_EMD-31744_A	61
7V6O_EMD-31744_D	20
7V6O_EMD-31744_E	19
7VAK_EMD-31845_A	35
7VAK_EMD-31845_D	31
7VAK_EMD-31845_G	2
7VAK_EMD-31845_H	4
7VAK_EMD-31845_I	0
7VAK_EMD-31845_J	4
7VGA_EMD-31966_A	0
7VGA_EMD-31966_B	0
7VGA_EMD-31966_C	15
7VH2_EMD-31984_A	42
7VI9_EMD-32004_A	22
7VII_EMD-32010_A	27
7VII_EMD-32010_H	11
7VM2_EMD-32032_A	32
7VON_EMD-32051_A	100
7UTI_EMD-0729_A	0
7UTI_EMD-0729_Q	18
7UTI_EMD-0729_U	4
7UTI_EMD-0729_W	0
7UTI_EMD-0729_X	0
7VSR_EMD-32114_A	9
7VSR_EMD-32114_M	12
7UTL_EMD-0728_A	19
7UTL_EMD-0728_S	0
7UTL_EMD-0728_W	0
7UTL_EMD-0728_Y	0
7UTL_EMD-0728_Z	0
7PKY_EMD-13482_A	0
7WJI_EMD-32544_A	15
7WJI_EMD-32544_B	2
7WJI_EMD-32544_C	10
7WJI_EMD-32544_D	4
7WJI_EMD-32544_E	2
7VWX_EMD-32164_A	22
7VWX_EMD-32164_C	18
7VWX_EMD-32164_CA	0
7WLU_EMD-32593_A	16
7WSV_EMD-32768_A	3
7WUV_EMD-32843_A	0
7WZ8_EMD-32906_A	11
7WZN_EMD-32907_A	13
7WZN_EMD-32907_B	9
7WZN_EMD-32907_C	4
7WZN_EMD-32907_D	10
7WZN_EMD-32907_E	5
7WZN_EMD-32907_F	4
7WZN_EMD-32907_G	7
7WZN_EMD-32907_H	0
7WZN_EMD-32907_I	0
7WZN_EMD-32907_J	0
7WZN_EMD-32907_K	0
7WZN_EMD-32907_L	0
7WZN_EMD-32907_M	0
7WZN_EMD-32907_N	0
7WZN_EMD-32907_O	0
7WZN_EMD-32907_P	0
7WB4_EMD-32394_A	12
7WB4_EMD-32394_B	3
7WB4_EMD-32394_C	30
7WB4_EMD-32394_D	26
7WB4_EMD-32394_E	34
7WB4_EMD-32394_H	24
7WB4_EMD-32394_K	0
7WB4_EMD-32394_L	11
7WB4_EMD-32394_M	2
7WB4_EMD-32394_P	38
7WB4_EMD-32394_R	0
7WB4_EMD-32394_S	0
7WB4_EMD-32394_Z	0
7X3K_EMD-32991_A	3
7X3K_EMD-32991_B	26
7X59_EMD-33012_A	15
7WZR_EMD-32912_A	0
7WZR_EMD-32912_B	0
7XLC_EMD-31673_A	67
7XW7_EMD-33493_A	22
7XW7_EMD-33493_B	0
7XXL_EMD-33506_A	19
7XXL_EMD-33506_B	15
7XXL_EMD-33506_C	21
7X6Q_EMD-33025_A	23
7X6Q_EMD-33025_B	23
7X6Q_EMD-33025_C	0
7X6Q_EMD-33025_D	0
7X6Q_EMD-33025_E	29
7X6Q_EMD-33025_F	0
7X6Q_EMD-33025_G	25
7X6Q_EMD-33025_H	25
7Y1A_EMD-33558_A	0
7Y1A_EMD-33558_B	0
7Y1Q_EMD-33570_A	0
7Y1Q_EMD-33570_B	0
7XY3_EMD-33509_A	79
7XY3_EMD-33509_D	12
7Y59_EMD-33613_A	26
7Y59_EMD-33613_E	29
7Y5D_EMD-33617_A	20
7Y5D_EMD-33617_B	25
7Y5D_EMD-33617_C	19
7Y5D_EMD-33617_D	20
7Y5D_EMD-33617_M	0
7Y5D_EMD-33617_N	0
7Y5D_EMD-33617_P	0
7Y5D_EMD-33617_S	0
7Y5D_EMD-33617_T	0
7WOW_EMD-32661_A	69
7WOW_EMD-32661_D	15
7WOW_EMD-32661_E	21
7Y5C_EMD-33616_A	27
7Y5C_EMD-33616_D	20
7Y5C_EMD-33616_G	7
7Y5C_EMD-33616_H	10
7Y5C_EMD-33616_I	0
7Y5C_EMD-33616_J	0
7Y5C_EMD-33616_K	0
7Y5C_EMD-33616_L	0
7YAR_EMD-33718_A	0
7YAR_EMD-33718_B	0
7YAR_EMD-33718_E	0
7YAR_EMD-33718_G	0
7Y5V_EMD-33626_A	3
7Y5V_EMD-33626_B	32
7Y5V_EMD-33626_C	32
7Y5V_EMD-33626_D	0
7Y5V_EMD-33626_E	0
7YFM_EMD-33793_A	36
7YFM_EMD-33793_B	24
7YFO_EMD-33795_A	40
7YFO_EMD-33795_B	33
7YJJ_EMD-33872_A	0
7YKK_EMD-32397_A	18
7YKT_EMD-32400_A	22
7YKL_EMD-32399_A	17
7YLM_EMD-33914_A	9
7YLM_EMD-33914_B	8
7YLM_EMD-33914_C	5
7YQH_EMD-34025_A	25
7YQH_EMD-34025_B	22
7YQH_EMD-34025_C	5
7YQH_EMD-34025_D	3
7YQH_EMD-34025_E	5
7YQH_EMD-34025_F	15
7YQH_EMD-34025_G	6
7YQH_EMD-34025_H	3
7YL9_EMD-33215_A	0
7YLU_EMD-33917_A	24
7YLU_EMD-33917_B	24
7YLU_EMD-33917_C	0
7YLU_EMD-33917_D	22
7YLU_EMD-33917_E	21
7YLU_EMD-33917_F	0
7YLU_EMD-33917_G	20
7YLU_EMD-33917_H	22
7YLU_EMD-33917_Q	22
7YU7_EMD-34101_A	6
7YU7_EMD-34101_B	28
7YU7_EMD-34101_C	0
7YU7_EMD-34101_D	0
7YU7_EMD-34101_E	0
7YU8_EMD-34102_A	6
7YU8_EMD-34102_B	28
7YU8_EMD-34102_C	0
7YU8_EMD-34102_D	0
7YU8_EMD-34102_E	0
7YSQ_EMD-34080_A	14
7YSQ_EMD-34080_B	18
7YSJ_EMD-34076_A	31
7YUU_EMD-34111_A	19
7YZY_EMD-14399_A	24
7YZY_EMD-14399_B	2
7YZY_EMD-14399_C	0
7Z4A_EMD-14489_A	6
7Z4A_EMD-14489_C	20
7Z4A_EMD-14489_D	20
7Z4A_EMD-14489_G	18
7Z4A_EMD-14489_I	22
7Z4Y_EMD-14510_A	3
7Z4Y_EMD-14510_B	31
7YV9_EMD-34121_A	27
7YV9_EMD-34121_B	4
7Z8L_EMD-14556_A	0
7Z8L_EMD-14556_B	0
7ZKB_EMD-14761_A	26
7ZNN_EMD-14812_A	77
7ZNN_EMD-14812_B	4
7ZNN_EMD-14812_C	0
7RMK_EMD-24575_A	25
7ZTD_EMD-14958_A	20
8A41_EMD-15134_A	42
8A5Y_EMD-15199_A	15
8A5Y_EMD-15199_B	0
8A5Y_EMD-15199_D	0
8A5Y_EMD-15199_G	0
8A5Y_EMD-15199_H	0
8A5Y_EMD-15199_I	5
8A5Y_EMD-15199_J	2
8A5Y_EMD-15199_K	0
8A5Y_EMD-15199_L	0
8A5Y_EMD-15199_N	2
8A5Y_EMD-15199_O	6
8A5Y_EMD-15199_P	0
8A5Y_EMD-15199_Q	32
8A61_EMD-15201_A	15
8A61_EMD-15201_B	0
8A61_EMD-15201_D	0
8A61_EMD-15201_G	0
8A61_EMD-15201_H	2
8A61_EMD-15201_I	5
8A61_EMD-15201_J	2
8A61_EMD-15201_K	0
8A61_EMD-15201_L	0
8A61_EMD-15201_N	2
8A61_EMD-15201_O	6
8A61_EMD-15201_P	0
8A61_EMD-15201_Q	32
8A6J_EMD-15209_A	37
8A7E_EMD-15221_A	1
8A7E_EMD-15221_B	0
8A8N_EMD-15234_A	9
8AFM_EMD-15402_A	0
8AFM_EMD-15402_C	10
8AFX_EMD-15411_A	31
7ZSK_EMD-14945_A	76
8AIA_EMD-15465_A	0
8AIA_EMD-15465_C	7
8AIX_EMD-15473_A	0
8AIX_EMD-15473_C	7
7ZHS_EMD-14736_A	19
7TNS_EMD-26019_A	0
7TNS_EMD-26019_AC	0
7TNS_EMD-26019_UC	0
7TNS_EMD-26019_Y	0
7TNS_EMD-26019_Z	0
7RMO_EMD-24576_A	0
7UN1_EMD-26611_A	0
7UN1_EMD-26611_B	1
7UN1_EMD-26611_C	0
8AKU_EMD-15493_A	0
8AT2_EMD-15631_A	0
8AT2_EMD-15631_B	1
8AT2_EMD-15631_C	1
8AT2_EMD-15631_D	0
8AKW_EMD-15495_A	0
8AKX_EMD-15496_A	0
8ATX_EMD-15668_A	84
8AKY_EMD-15497_A	0
8AVC_EMD-15678_A	1
8AVC_EMD-15678_B	58
8AVE_EMD-15680_A	0
8AVE_EMD-15680_B	56
8AVF_EMD-15681_A	0
8AVF_EMD-15681_B	58
8AVO_EMD-15683_A	1
8AVO_EMD-15683_B	56
8AY4_EMD-15710_A	21
8AY4_EMD-15710_B	19
8AY4_EMD-15710_C	16
8AY4_EMD-15710_D	0
8AY5_EMD-15711_A	17
8AY5_EMD-15711_B	19
8AY5_EMD-15711_C	16
8B2X_EMD-15820_A	0
8B42_EMD-15837_A	24
8B42_EMD-15837_E	22
8AUK_EMD-15672_A	84
8AUK_EMD-15672_C	13
8B6L_EMD-15870_A	8
8B6L_EMD-15870_B	0
8B6L_EMD-15870_C	0
8B6L_EMD-15870_E	8
8B6L_EMD-15870_F	11
8B6L_EMD-15870_G	0
8B6L_EMD-15870_H	8
8B6L_EMD-15870_I	16
8B6L_EMD-15870_J	2
8B6L_EMD-15870_K	0
8B6L_EMD-15870_L	1
8B6L_EMD-15870_M	0
8B6L_EMD-15870_N	30
8B6L_EMD-15870_O	36
8B6L_EMD-15870_P	28
8BBF_EMD-15955_A	60
8BBF_EMD-15955_B	65
8BBF_EMD-15955_C	15
8BXD_EMD-16315_A	18
8B5R_EMD-15861_A	21
8B5R_EMD-15861_H	0
8B5R_EMD-15861_I	1
8B5R_EMD-15861_J	0
8B5R_EMD-15861_K	0
8C50_EMD-16431_A	42
8AUW_EMD-15675_A	90
8AUW_EMD-15675_C	1
8B40_EMD-15835_A	26
8AKZ_EMD-15498_A	0
8CRB_EMD-16807_A	20
8CRB_EMD-16807_B	19
8CRB_EMD-16807_C	2
8C0W_EMD-16373_A	42
8C0W_EMD-16373_B	26
8COA_EMD-16774_A	41
8COA_EMD-16774_D	14
8COA_EMD-16774_Q	0
8CTJ_EMD-26992_A	12
8CO6_EMD-16772_A	37
8CO6_EMD-16772_BA	0
8CO6_EMD-16772_D	14
8CO6_EMD-16772_P	0
8CZD_EMD-27095_A	0
8DDW_EMD-27344_A	15
8DDW_EMD-27344_I	30
8DDW_EMD-27344_J	0
8DAN_EMD-27271_A	33
8DAN_EMD-27271_B	36
8DAN_EMD-27271_C	23
8DEC_EMD-27389_A	38
8DEC_EMD-27389_B	32
8DEC_EMD-27389_C	0
8DH8_EMD-27432_A	66
8DH8_EMD-27432_C	1
8DH9_EMD-27433_A	51
8DH9_EMD-27433_C	1
8DEQ_EMD-27395_A	33
8DEQ_EMD-27395_G	0
8DEQ_EMD-27395_H	11
8DIT_EMD-27442_A	22
8DIT_EMD-27442_B	33
8DIT_EMD-27442_C	30
8DS6_EMD-27684_A	12
8DME_EMD-27534_A	43
8DTL_EMD-27704_A	68
8DTL_EMD-27704_B	68
8DUO_EMD-27724_A	13
8DYO_EMD-27780_A	0
8DYO_EMD-27780_B	11
8DWT_EMD-27759_A	20
8E2Y_EMD-27851_A	11
8E2Y_EMD-27851_B	10
8E2Y_EMD-27851_C	14
7VRT_EMD-32103_A	0
7VRT_EMD-32103_AG	0
8E3A_EMD-27861_A	11
8E3A_EMD-27861_B	16
8E3A_EMD-27861_C	14
8E3A_EMD-27861_D	0
8E34_EMD-27856_A	4
8E3B_EMD-27862_A	15
8E3B_EMD-27862_B	14
8E3B_EMD-27862_C	17
8E3C_EMD-27863_A	11
8E3C_EMD-27863_B	17
8E3C_EMD-27863_C	12
8E05_EMD-27817_A	95
8EEQ_EMD-28055_A	4
8EEW_EMD-28063_A	12
8E6S_EMD-27924_A	21
8E6R_EMD-27923_A	28
8EJ1_EMD-28172_A	25
8EJ5_EMD-28176_A	15
8EJ5_EMD-28176_B	0
8EFF_EMD-28063_A	12
8EKI_EMD-28204_A	3
8EKI_EMD-28204_B	0
8EKI_EMD-28204_C	3
8EKI_EMD-28204_D	0
8EKI_EMD-28204_E	8
8EP0_EMD-28494_A	25
8EP0_EMD-28494_E	2
8EP1_EMD-28498_A	30
8EP1_EMD-28498_B	30
8EQB_EMD-28536_A	11
8EQB_EMD-28536_B	10
8EQB_EMD-28536_C	7
8EW5_EMD-28208_A	0
8EWY_EMD-28649_A	56
8EWY_EMD-28649_C	2
8AL0_EMD-15499_A	0
8EXQ_EMD-28659_A	17
8EXT_EMD-28662_A	13
8EYX_EMD-28723_A	72
8EYX_EMD-28723_C	0
8EYY_EMD-28724_A	66
8EYY_EMD-28724_C	2
8FB9_EMD-28962_A	0
8FB9_EMD-28962_B	0
8FB9_EMD-28962_Q	0
8FB9_EMD-28962_R	0
8FCK_EMD-28981_A	1
8FCK_EMD-28981_B	4
8FCK_EMD-28981_C	2
8FCK_EMD-28981_D	7
8FCK_EMD-28981_E	1
8FCK_EMD-28981_F	3
8FCK_EMD-28981_G	0
8FCK_EMD-28981_H	2
8FEJ_EMD-29029_A	27
8FEL_EMD-29032_A	17
8FFJ_EMD-29044_A	0
8FFJ_EMD-29044_B	0
8FFJ_EMD-29044_C	0
8FFJ_EMD-29044_D	0
8FMB_EMD-29291_A	9
8ET2_EMD-28584_A	14
8FOE_EMD-29347_A	12
8FOE_EMD-29347_B	4
8FOE_EMD-29347_C	34
8FOE_EMD-29347_D	0
8FQ1_EMD-29373_A	4
8FQ1_EMD-29373_E	5
8FTK_EMD-29439_A	29
8EZ9_EMD-28731_B	0
8FZC_EMD-29607_A	0
7Z4B_EMD-14492_A	0
7Z4B_EMD-14492_AD	0
7Z4B_EMD-14492_DD	0
7Z4B_EMD-14492_RC	0
7Z4B_EMD-14492_UC	0
7Z4B_EMD-14492_WC	0
7Z4B_EMD-14492_XC	0
8G72_EMD-29794_A	10
8G72_EMD-29794_B	14
8G79_EMD-29803_A	20
8G79_EMD-29803_D	16
8G79_EMD-29803_E	0
8GBS_EMD-29921_A	1
8GF7_EMD-29980_A	14
8GHA_EMD-40029_A	0
8GHA_EMD-40029_B	35
8GHA_EMD-40029_C	0
8C5C_EMD-16435_A	18
8C5C_EMD-16435_N	18
8FNW_EMD-29328_A	15
8FNW_EMD-29328_M	14
8GP3_EMD-34188_A	24
8GP3_EMD-34188_B	25
8GP3_EMD-34188_E	0
8GP3_EMD-34188_G	0
8GTC_EMD-34249_A	10
8GTC_EMD-34249_G	18
8GTC_EMD-34249_M	98
8GTC_EMD-34249_P	17
8GTC_EMD-34249_S	24
8GTF_EMD-34252_A	0
8GTF_EMD-34252_G	0
8GTF_EMD-34252_M	7
8GTD_EMD-34250_A	13
8GTD_EMD-34250_B	13
8H33_EMD-34449_A	33
8H33_EMD-34449_E	7
8H33_EMD-34449_F	10
8H34_EMD-34450_A	32
8H34_EMD-34450_C	8
8H34_EMD-34450_E	7
8H36_EMD-34452_A	28
8H36_EMD-34452_B	31
8H36_EMD-34452_C	8
8H36_EMD-34452_D	5
8H37_EMD-34453_A	34
8H37_EMD-34453_E	5
8H37_EMD-34453_I	0
8H37_EMD-34453_J	0
8H3A_EMD-34462_A	3
8H3A_EMD-34462_B	5
8H3A_EMD-34462_C	5
8H3A_EMD-34462_D	3
8H3A_EMD-34462_E	8
8H3A_EMD-34462_F	11
8H3A_EMD-34462_G	3
8H3A_EMD-34462_H	3
8H3A_EMD-34462_I	29
8H3A_EMD-34462_J	0
8H3A_EMD-34462_L	6
8H3F_EMD-34467_A	5
8H3F_EMD-34467_B	6
8H3F_EMD-34467_C	6
8H3F_EMD-34467_D	3
8H3F_EMD-34467_E	8
8H3F_EMD-34467_F	11
8H3F_EMD-34467_G	3
8H3F_EMD-34467_H	3
8H3F_EMD-34467_I	32
8H3F_EMD-34467_J	0
8H3F_EMD-34467_L	7
8H3R_EMD-34474_A	33
8H3R_EMD-34474_C	8
8H3R_EMD-34474_D	6
8H3S_EMD-32829_A	33
8H3S_EMD-32829_B	18
8H3S_EMD-32829_C	17
8H3U_EMD-32828_A	45
8H3U_EMD-32828_B	24
8FXR_EMD-29541_A	0
8FXR_EMD-29541_AC	1
8FXR_EMD-29541_AE	1
8FXR_EMD-29541_AG	0
8FXR_EMD-29541_F	0
8FXR_EMD-29541_FG	0
8FXR_EMD-29541_GG	0
8FXR_EMD-29541_R	0
8FXR_EMD-29541_X	1
8FXR_EMD-29541_Y	1
8GLT_EMD-40208_A	0
8GLT_EMD-40208_B	0
8HC6_EMD-34653_A	0
8HC6_EMD-34653_B	24
8HC6_EMD-34653_C	24
8HC6_EMD-34653_D	0
8HC7_EMD-34654_A	12
8HC7_EMD-34654_B	0
8HC7_EMD-34654_C	38
8HC7_EMD-34654_D	0
8HAE_EMD-34586_A	17
8HGJ_EMD-34740_A	29
8HGJ_EMD-34740_B	4
8HCR_EMD-34664_A	19
8HCR_EMD-34664_B	16
8HCR_EMD-34664_C	5
8HCR_EMD-34664_D	0
8HCR_EMD-34664_E	15
8HCR_EMD-34664_F	5
8HCR_EMD-34664_G	0
8HCR_EMD-34664_H	1
8HCR_EMD-34664_I	2
8HIA_EMD-34813_A	2
8H35_EMD-34451_A	32
8H35_EMD-34451_C	8
8H35_EMD-34451_E	7
8HMF_EMD-34898_A	17
8HMF_EMD-34898_B	0
8HMF_EMD-34898_C	0
8HMD_EMD-34896_A	58
8HMD_EMD-34896_B	63
8HMD_EMD-34896_C	2
8HMD_EMD-34896_D	0
8HRG_EMD-34972_A	0
8HRE_EMD-34968_A	50
8I13_EMD-35116_A	23
8I13_EMD-35116_B	27
8I13_EMD-35116_C	7
8I13_EMD-35116_D	0
8I13_EMD-35116_E	0
8I13_EMD-35116_F	11
8HSL_EMD-35000_A	19
8HSL_EMD-35000_C	21
8HSL_EMD-35000_D	20
8HSL_EMD-35000_E	21
8HSL_EMD-35000_F	20
8I2H_EMD-35136_A	25
8I21_EMD-35128_A	0
8I21_EMD-35128_B	0
8I21_EMD-35128_C	7
8I4V_EMD-35185_A	0
8I4V_EMD-35185_B	0
8I4V_EMD-35185_C	5
8I4V_EMD-35185_D	0
8I4U_EMD-35184_A	12
8I4U_EMD-35184_B	6
8I4U_EMD-35184_C	9
8I4W_EMD-35186_A	14
8I4W_EMD-35186_B	17
8I4W_EMD-35186_C	0
8I4W_EMD-35186_D	3
8I6U_EMD-35207_A	11
8HWL_EMD-35059_A	34
8I8C_EMD-35247_A	0
8I8C_EMD-35247_C	0
8I9J_EMD-35274_A	2
8I9J_EMD-35274_B	0
8I9J_EMD-35274_C	5
8I9M_EMD-35276_A	2
8I9M_EMD-35276_B	6
8HEU_EMD-34692_A	14
8IEL_EMD-35385_A	0
8IER_EMD-35391_A	0
8IF6_EMD-35402_A	34
8IF6_EMD-35402_B	3
8IF6_EMD-35402_C	10
8IGQ_EMD-35437_A	13
8IGQ_EMD-35437_B	11
8IGQ_EMD-35437_D	5
8IQF_EMD-35660_A	3
8IQF_EMD-35660_B	32
8IQF_EMD-35660_C	32
8IQF_EMD-35660_D	0
8IQF_EMD-35660_E	0
8IZN_EMD-35866_A	8
8IZN_EMD-35866_B	7
8J5Z_EMD-35996_A	10
8IC2_EMD-35352_A	0
8IC2_EMD-35352_AA	0
8IC2_EMD-35352_AB	0
8IC2_EMD-35352_B	2
8IC2_EMD-35352_BA	0
8IC2_EMD-35352_BB	0
8IC2_EMD-35352_C	0
8IC2_EMD-35352_CA	0
8IC2_EMD-35352_CB	0
8IC2_EMD-35352_D	0
8IC2_EMD-35352_DA	0
8IC2_EMD-35352_DB	0
8IC2_EMD-35352_E	0
8IC2_EMD-35352_EA	0
8IC2_EMD-35352_EB	0
8IC2_EMD-35352_F	1
8IC2_EMD-35352_FA	0
8IC2_EMD-35352_FB	1
8IC2_EMD-35352_G	1
8IC2_EMD-35352_GA	0
8IC2_EMD-35352_GB	0
8IC2_EMD-35352_H	0
8IC2_EMD-35352_HA	0
8IC2_EMD-35352_HB	0
8IC2_EMD-35352_I	0
8IC2_EMD-35352_IA	0
8IC2_EMD-35352_J	0
8IC2_EMD-35352_JA	0
8IC2_EMD-35352_JB	0
8IC2_EMD-35352_K	0
8IC2_EMD-35352_KA	0
8IC2_EMD-35352_KB	0
8IC2_EMD-35352_L	0
8IC2_EMD-35352_LA	0
8IC2_EMD-35352_M	1
8IC2_EMD-35352_MA	0
8IC2_EMD-35352_N	1
8IC2_EMD-35352_NA	0
8IC2_EMD-35352_O	1
8IC2_EMD-35352_OA	0
8IC2_EMD-35352_P	1
8IC2_EMD-35352_PA	0
8IC2_EMD-35352_Q	1
8IC2_EMD-35352_QA	1
8IC2_EMD-35352_R	0
8IC2_EMD-35352_RA	0
8IC2_EMD-35352_S	0
8IC2_EMD-35352_SA	0
8IC2_EMD-35352_T	0
8IC2_EMD-35352_V	0
8IC2_EMD-35352_W	0
8IC2_EMD-35352_X	0
8IC2_EMD-35352_Y	0
8IC2_EMD-35352_Z	0
8JF7_EMD-36209_A	33
8JF7_EMD-36209_B	26
8JF7_EMD-36209_D	39
8JF7_EMD-36209_E	12
8JF7_EMD-36209_F	19
8JF7_EMD-36209_I	0
8JF7_EMD-36209_J	24
8JN3_EMD-36431_A	0
8JN3_EMD-36431_B	0
8JN3_EMD-36431_G	0
8JN3_EMD-36431_H	0
8JHK_EMD-36271_A	14
8JHK_EMD-36271_B	50
8JYS_EMD-36730_A	0
8JYS_EMD-36730_B	14
8JPG_EMD-36479_A	21
8JPG_EMD-36479_E	21
8K9B_EMD-36983_A	20
8K9B_EMD-36983_B	20
8K9B_EMD-36983_C	65
8K9J_EMD-36988_A	19
8K9J_EMD-36988_B	19
8K9J_EMD-36988_C	66
8KC3_EMD-37091_A	10
8KC3_EMD-37091_D	31
8KC3_EMD-37091_E	59
8ODU_EMD-16817_A	8
8ODU_EMD-16817_C	2
8K9M_EMD-36991_A	20
8K9M_EMD-36991_B	22
8K9M_EMD-36991_C	65
8ODV_EMD-16819_A	8
8ODV_EMD-16819_C	2
8OJJ_EMD-16914_A	3
8OOH_EMD-17015_A	8
8OOK_EMD-17017_A	0
8OF8_EMD-16850_A	4
8OF8_EMD-16850_G	0
8OF8_EMD-16850_J	20
8OSH_EMD-17153_A	8
8P0V_EMD-17339_A	0
8P0V_EMD-17339_B	0
8P0V_EMD-17339_C	0
8P0V_EMD-17339_D	0
8P0V_EMD-17339_E	0
8P0X_EMD-17341_A	0
8P0X_EMD-17341_B	0
8P0X_EMD-17341_C	0
8P0X_EMD-17341_D	0
8P0X_EMD-17341_E	0
8P13_EMD-17344_A	6
8P13_EMD-17344_B	28
8P13_EMD-17344_C	0
8P13_EMD-17344_D	0
8P13_EMD-17344_E	0
8P13_EMD-17344_F	0
8P13_EMD-17344_G	0
8P15_EMD-17345_A	5
8P15_EMD-17345_B	28
8P15_EMD-17345_C	0
8P15_EMD-17345_D	0
8P15_EMD-17345_E	0
8P15_EMD-17345_F	0
8P15_EMD-17345_G	0
8PHT_EMD-17674_A	0
8OVF_EMD-17213_A	28
8PQZ_EMD-17829_A	73
8PQZ_EMD-17829_B	29
8PQZ_EMD-17829_F	0
8PQZ_EMD-17829_H	0
8PU7_EMD-17930_A	0
8PUD_EMD-17936_A	0
8PUE_EMD-17937_A	0
8PUF_EMD-17940_A	0
8PUG_EMD-17942_A	0
8PUH_EMD-17943_A	0
8PWL_EMD-17994_A	14
8Q4G_EMD-18147_A	21
8Q4G_EMD-18147_G	0
8Q4L_EMD-18149_A	12
8Q4L_EMD-18149_B	0
8Q5H_EMD-18179_A	0
8Q5H_EMD-18179_B	0
8Q5H_EMD-18179_C	0
8Q5H_EMD-18179_D	2
8Q5H_EMD-18179_E	0
8Q5H_EMD-18179_F	0
8Q5H_EMD-18179_G	0
8QFV_EMD-18384_A	0
8QHV_EMD-18420_A	0
8QHW_EMD-18421_A	0
8QHX_EMD-18426_A	0
8QHY_EMD-18427_A	0
8QHZ_EMD-18428_A	0
8QI0_EMD-18429_A	0
8QI1_EMD-18430_A	0
8QI2_EMD-18431_A	0
8QI3_EMD-18432_A	0
8QI4_EMD-18433_A	0
8QI5_EMD-18434_A	0
8QI6_EMD-18435_A	0
8QPU_EMD-18562_A	45
8QPU_EMD-18562_B	41
8QPU_EMD-18562_C	8
8QPU_EMD-18562_D	0
8QPU_EMD-18562_E	7
8QPU_EMD-18562_F	4
8QPU_EMD-18562_G	0
8QPW_EMD-18564_A	42
8QPW_EMD-18564_B	36
8QPW_EMD-18564_C	0
8QPW_EMD-18564_D	0
8QPW_EMD-18564_E	6
8QPW_EMD-18564_F	3
8QPW_EMD-18564_G	0
8QQL_EMD-18595_A	6
8QQM_EMD-18596_A	0
8QQM_EMD-18596_B	0
8QQM_EMD-18596_C	1
8QQM_EMD-18596_E	0
8EFR_EMD-28063_A	12
8QX8_EMD-18701_A	30
8QX8_EMD-18701_B	32
8QX8_EMD-18701_C	24
8QX8_EMD-18701_D	17
8QX8_EMD-18701_E	0
8QX8_EMD-18701_F	34
8RBG_EMD-19031_A	29
8RHN_EMD-19177_A	2
8RHN_EMD-19177_E	12
8RHN_EMD-19177_G	15
8RHN_EMD-19177_I	16
8QV0_EMD-18664_A	15
8QV0_EMD-18664_B	19
8RK4_EMD-19259_A	0
8RK5_EMD-19260_A	23
8RK5_EMD-19260_B	24
8RJK_EMD-19250_A	7
8CT1_EMD-26977_A	0
8CT9_EMD-26984_A	0
8RTA_EMD-19484_A	0
8RTA_EMD-19484_E	9
8RTY_EMD-19499_A	19
8RTY_EMD-19499_E	6
8RTY_EMD-19499_G	0
8RTY_EMD-19499_J	1
8RRU_EMD-19465_A	8
8RRU_EMD-19465_E	126
8RRU_EMD-19465_I	8
8S41_EMD-19708_A	2
8S90_EMD-40233_A	0
8SAL_EMD-40273_A	34
8SAL_EMD-40273_B	2
8SAL_EMD-40273_C	12
8SAL_EMD-40273_D	11
8SAT_EMD-40279_A	39
8SAT_EMD-40279_B	1
8SAT_EMD-40279_C	13
8SAT_EMD-40279_D	11
8SIM_EMD-40509_A	0
8SIM_EMD-40509_E	0
8SIN_EMD-40510_A	0
8SIN_EMD-40510_B	4
8SL3_EMD-40572_A	2
8SL3_EMD-40572_B	28
8SL3_EMD-40572_C	0
8SL4_EMD-40573_A	16
8SLI_EMD-40578_A	15
8SLQ_EMD-40580_A	15
8SQZ_EMD-40715_A	4
8SQZ_EMD-40715_C	0
8SQZ_EMD-40715_E	0
8SSL_EMD-40751_A	29
8STA_EMD-40758_A	31
8SXI_EMD-40853_A	43
8SXI_EMD-40853_B	1
8SXI_EMD-40853_C	11
8SXI_EMD-40853_D	11
8T1H_EMD-40967_A	9
8T1I_EMD-40968_A	21
8T1I_EMD-40968_B	0
8T1I_EMD-40968_C	2
8T1I_EMD-40968_D	0
8T1I_EMD-40968_E	0
8T1I_EMD-40968_F	0
8T1I_EMD-40968_G	0
8T1I_EMD-40968_H	0
8T1I_EMD-40968_I	37
8T1I_EMD-40968_J	2
8T1I_EMD-40968_K	29
8T1I_EMD-40968_L	14
8T1I_EMD-40968_M	13
8T1I_EMD-40968_N	0
8T1I_EMD-40968_O	7
8T1I_EMD-40968_P	0
8T1I_EMD-40968_Q	0
8T1I_EMD-40968_R	0
8T1I_EMD-40968_S	0
8T1I_EMD-40968_T	5
8T1I_EMD-40968_U	0
8T1I_EMD-40968_V	4
8T1I_EMD-40968_W	0
8T1I_EMD-40968_X	0
8T1I_EMD-40968_Y	0
8T1I_EMD-40968_Z	0
8T1L_EMD-40971_A	15
8T1L_EMD-40971_B	0
8T1L_EMD-40971_C	2
8T1L_EMD-40971_D	0
8T1L_EMD-40971_E	0
8T1L_EMD-40971_F	0
8T1L_EMD-40971_G	0
8T1L_EMD-40971_H	0
8T1L_EMD-40971_I	31
8T1L_EMD-40971_J	2
8T1L_EMD-40971_K	22
8T1L_EMD-40971_L	16
8T1L_EMD-40971_M	13
8T1L_EMD-40971_N	0
8T1L_EMD-40971_O	10
8T1L_EMD-40971_P	0
8T1L_EMD-40971_Q	0
8T1L_EMD-40971_R	0
8T1L_EMD-40971_S	0
8T1L_EMD-40971_T	4
8T1L_EMD-40971_U	0
8T1L_EMD-40971_V	6
8T1L_EMD-40971_W	0
8T1L_EMD-40971_X	0
8T1L_EMD-40971_Z	0
8T4I_EMD-41032_A	21
8T4I_EMD-41032_B	14
8T4I_EMD-41032_C	0
8T8F_EMD-41098_A	0
8T8F_EMD-41098_B	1
8T8F_EMD-41098_C	3
8T8F_EMD-41098_D	15
8T8F_EMD-41098_E	16
8T9D_EMD-41107_A	11
8T9D_EMD-41107_B	0
8T9D_EMD-41107_C	2
8T9D_EMD-41107_D	0
8T9D_EMD-41107_E	0
8T9D_EMD-41107_F	0
8T9D_EMD-41107_G	0
8T9D_EMD-41107_H	0
8T9D_EMD-41107_I	28
8T9D_EMD-41107_J	2
8T9D_EMD-41107_K	23
8T9D_EMD-41107_L	10
8T9D_EMD-41107_M	12
8T9D_EMD-41107_N	0
8T9D_EMD-41107_O	10
8T9D_EMD-41107_P	0
8T9D_EMD-41107_Q	0
8T9D_EMD-41107_R	0
8T9D_EMD-41107_S	0
8T9D_EMD-41107_T	5
8T9D_EMD-41107_U	0
8T9D_EMD-41107_V	4
8T9D_EMD-41107_W	0
8T9D_EMD-41107_X	0
8T9D_EMD-41107_Z	0
8T9L_EMD-41117_A	0
8T9L_EMD-41117_B	0
8TFC_EMD-41229_A	24
8TH8_EMD-41251_A	0
8TH8_EMD-41251_B	0
8TH8_EMD-41251_C	6
8TH8_EMD-41251_D	0
8TH8_EMD-41251_E	0
8TH8_EMD-41251_F	11
8TH8_EMD-41251_G	14
8TH8_EMD-41251_H	30
8TH8_EMD-41251_I	4
8TH8_EMD-41251_J	0
8TH8_EMD-41251_K	0
8TH8_EMD-41251_L	10
8TH8_EMD-41251_M	0
8TH8_EMD-41251_N	0
8TH8_EMD-41251_P	15
8I7O_EMD-35229_A	0
8I7O_EMD-35229_AE	1
8I7O_EMD-35229_AG	0
8I7O_EMD-35229_BG	0
8I7O_EMD-35229_C	0
8I7O_EMD-35229_CA	0
8I7O_EMD-35229_D	0
8I7O_EMD-35229_DB	0
8I7O_EMD-35229_DD	0
8I7O_EMD-35229_FC	0
8I7O_EMD-35229_H	0
8I7O_EMD-35229_HB	0
8I7O_EMD-35229_HE	0
8I7O_EMD-35229_JB	0
8I7O_EMD-35229_KD	0
8I7O_EMD-35229_MC	0
8I7O_EMD-35229_NA	0
8I7O_EMD-35229_OE	0
8I7O_EMD-35229_Q	0
8I7O_EMD-35229_QB	0
8I7O_EMD-35229_SD	0
8I7O_EMD-35229_VC	0
8I7O_EMD-35229_VF	1
8I7O_EMD-35229_YB	0
8G4L_EMD-29722_A	0
8G4L_EMD-29722_AA	0
8G4L_EMD-29722_AC	0
8G4L_EMD-29722_BC	0
8G4L_EMD-29722_C	0
8TUW_EMD-41633_A	2
8TUW_EMD-41633_B	0
8U5B_EMD-41915_A	5
8U5B_EMD-41915_B	9
8U5B_EMD-41915_C	0
8U5B_EMD-41915_D	0
8U8H_EMD-42024_A	0
8U95_EMD-42024_A	0
8UBU_EMD-42105_A	6
8UBU_EMD-42105_B	2
8UBU_EMD-42105_C	3
8UBU_EMD-42105_D	16
8UBU_EMD-42105_E	4
8UCR_EMD-42136_A	2
8UCR_EMD-42136_B	0
8UDG_EMD-42149_A	2
8UDG_EMD-42149_D	0
8UDG_EMD-42149_E	0
8UF8_EMD-42186_A	34
8TJ5_EMD-41300_AA	0
8TJ5_EMD-41300_BA	0
8TJ5_EMD-41300_CA	0
8TJ5_EMD-41300_EA	0
8TJ5_EMD-41300_FA	0
8TJ5_EMD-41300_S	2
8TJ5_EMD-41300_T	6
8TJ5_EMD-41300_U	4
8TJ5_EMD-41300_V	2
8TJ5_EMD-41300_W	4
8UK2_EMD-42343_A	0
8UK2_EMD-42343_B	0
8UGR_EMD-42233_A	0
8UGR_EMD-42233_AA	0
8UGR_EMD-42233_AB	0
8UGR_EMD-42233_AC	0
8UGR_EMD-42233_AE	1
8UGR_EMD-42233_AF	0
8UGR_EMD-42233_B	0
8UGR_EMD-42233_BA	0
8UGR_EMD-42233_BC	0
8UGR_EMD-42233_BE	0
8UGR_EMD-42233_BF	0
8UGR_EMD-42233_C	0
8UGR_EMD-42233_CA	0
8UGR_EMD-42233_CB	0
8UGR_EMD-42233_CC	0
8UGR_EMD-42233_CE	0
8UGR_EMD-42233_CF	0
8UGR_EMD-42233_D	0
8UGR_EMD-42233_DA	0
8UGR_EMD-42233_DB	1
8UGR_EMD-42233_E	1
8UGR_EMD-42233_EA	0
8UGR_EMD-42233_EB	1
8UGR_EMD-42233_F	0
8UGR_EMD-42233_FA	0
8UGR_EMD-42233_FB	0
8UGR_EMD-42233_G	1
8UGR_EMD-42233_GA	0
8UGR_EMD-42233_GB	1
8UGR_EMD-42233_H	0
8UGR_EMD-42233_HA	0
8UGR_EMD-42233_I	0
8UGR_EMD-42233_IA	0
8UGR_EMD-42233_J	0
8UGR_EMD-42233_JA	0
8UGR_EMD-42233_K	0
8UGR_EMD-42233_KA	0
8UGR_EMD-42233_L	0
8UGR_EMD-42233_LA	0
8UGR_EMD-42233_M	0
8UGR_EMD-42233_MA	0
8UGR_EMD-42233_N	0
8UGR_EMD-42233_NA	0
8UGR_EMD-42233_NB	0
8UGR_EMD-42233_O	0
8UGR_EMD-42233_OA	0
8UGR_EMD-42233_P	0
8UGR_EMD-42233_PA	0
8UGR_EMD-42233_PB	0
8UGR_EMD-42233_Q	0
8UGR_EMD-42233_QA	0
8UGR_EMD-42233_QB	0
8UGR_EMD-42233_R	0
8UGR_EMD-42233_RA	0
8UGR_EMD-42233_RB	0
8UGR_EMD-42233_S	1
8UGR_EMD-42233_SA	0
8UGR_EMD-42233_SB	0
8UGR_EMD-42233_T	0
8UGR_EMD-42233_TB	0
8UGR_EMD-42233_UB	0
8UGR_EMD-42233_V	0
8UGR_EMD-42233_VB	0
8UGR_EMD-42233_W	0
8UGR_EMD-42233_WB	0
8UGR_EMD-42233_X	0
8UGR_EMD-42233_Y	0
8UGR_EMD-42233_Z	0
8UK3_EMD-42344_A	0
8UK3_EMD-42344_B	0
8UP1_EMD-42442_A	7
8I7R_EMD-35230_A	0
8I7R_EMD-35230_AE	0
8I7R_EMD-35230_AL	0
8I7R_EMD-35230_AP	0
8I7R_EMD-35230_AQ	0
8I7R_EMD-35230_B	0
8I7R_EMD-35230_BD	0
8I7R_EMD-35230_BL	0
8I7R_EMD-35230_CJ	0
8I7R_EMD-35230_CP	0
8I7R_EMD-35230_DF	0
8I7R_EMD-35230_DH	0
8I7R_EMD-35230_DJ	0
8I7R_EMD-35230_EF	0
8I7R_EMD-35230_EH	0
8I7R_EMD-35230_F	0
8I7R_EMD-35230_G	0
8I7R_EMD-35230_GM	0
8I7R_EMD-35230_GQ	0
8I7R_EMD-35230_HN	0
8I7R_EMD-35230_HQ	0
8I7R_EMD-35230_JB	0
8I7R_EMD-35230_JC	0
8I7R_EMD-35230_KK	0
8I7R_EMD-35230_LC	0
8I7R_EMD-35230_LE	0
8I7R_EMD-35230_MI	0
8I7R_EMD-35230_NA	0
8I7R_EMD-35230_NG	0
8I7R_EMD-35230_NI	0
8I7R_EMD-35230_OE	0
8I7R_EMD-35230_OG	0
8I7R_EMD-35230_RL	0
8I7R_EMD-35230_S	0
8I7R_EMD-35230_UJ	0
8I7R_EMD-35230_WF	0
8I7R_EMD-35230_WH	0
8I7R_EMD-35230_XF	0
8UQI_EMD-42469_A	29
8UQK_EMD-42472_A	20
8UWW_EMD-42681_A	22
8UWW_EMD-42681_C	2
8UWW_EMD-42681_D	1
8UWW_EMD-42681_E	0
8UWW_EMD-42681_F	0
8UWX_EMD-42682_A	21
8UWX_EMD-42682_C	2
8UWX_EMD-42682_D	0
8UWX_EMD-42682_E	0
8UWX_EMD-42682_F	0
8UWY_EMD-42683_A	21
8UWY_EMD-42683_C	2
8UWY_EMD-42683_D	0
8UWY_EMD-42683_E	0
8UWY_EMD-42683_F	0
8UYD_EMD-42800_A	21
8UYD_EMD-42800_C	0
8UYD_EMD-42800_D	0
8UYD_EMD-42800_E	0
8UYD_EMD-42800_F	0
8UZ5_EMD-42833_A	21
8UZ5_EMD-42833_C	0
8UZ5_EMD-42833_D	0
8UZ5_EMD-42833_E	0
8UZ5_EMD-42833_F	0
8UZ6_EMD-42835_A	21
8UZ6_EMD-42835_C	0
8UZ6_EMD-42835_D	0
8UZ6_EMD-42835_E	0
8UZ6_EMD-42835_F	0
8UZX_EMD-42846_A	21
8UZX_EMD-42846_C	0
8UZX_EMD-42846_D	0
8UZX_EMD-42846_E	0
8UZX_EMD-42846_F	0
8UZY_EMD-42847_A	21
8UZY_EMD-42847_C	0
8UZY_EMD-42847_D	0
8UZY_EMD-42847_E	0
8UZY_EMD-42847_F	0
8V01_EMD-42849_A	21
8V01_EMD-42849_C	0
8V01_EMD-42849_D	0
8V01_EMD-42849_E	0
8V01_EMD-42849_F	0
8V0I_EMD-42856_A	21
8V0I_EMD-42856_C	2
8V0I_EMD-42856_D	2
8V0I_EMD-42856_E	0
8V0I_EMD-42856_F	0
8V0K_EMD-42858_A	21
8V0K_EMD-42858_C	2
8V0K_EMD-42858_D	0
8V0K_EMD-42858_E	0
8V0K_EMD-42858_F	0
8V0Y_EMD-42874_A	21
8V0Y_EMD-42874_C	2
8V0Y_EMD-42874_D	0
8V0Y_EMD-42874_E	0
8V0Y_EMD-42874_F	0
8RRT_EMD-19464_A	8
8RRT_EMD-19464_E	121
8RRT_EMD-19464_I	8
8PHU_EMD-17675_A	0
8PHU_EMD-17675_C	0
8PHU_EMD-17675_D	0
8PHU_EMD-17675_E	0
8PHU_EMD-17675_J	0
8PHU_EMD-17675_LN	0
8RVE_EMD-16844_A	1
8V2D_EMD-42906_A	0
8V2D_EMD-42906_J	0
8VA2_EMD-43085_A	0
8VA2_EMD-43085_C	0
8VAN_EMD-43096_A	6
8VAN_EMD-43096_B	7
8VAN_EMD-43096_E	9
8VAN_EMD-43096_F	30
8VDQ_EMD-43155_A	13
8VHI_EMD-43238_A	9
8VHJ_EMD-43239_A	10
8VHK_EMD-43240_A	9
8VIB_EMD-43256_A	0
8VIB_EMD-43256_B	0
8VIB_EMD-43256_C	0
8VIB_EMD-43256_D	0
8VID_EMD-43258_A	0
8VID_EMD-43258_B	0
8VID_EMD-43258_C	0
8VID_EMD-43258_D	0
8V41_EMD-42963_A	4
8V41_EMD-42963_B	20
8V41_EMD-42963_E	4
8V41_EMD-42963_G	21
8VJ7_EMD-43276_A	38
8V43_EMD-42964_A	4
8V43_EMD-42964_B	18
8V43_EMD-42964_C	18
8V43_EMD-42964_D	18
8V3B_EMD-42944_A	0
8V3B_EMD-42944_Y	0
8VLZ_EMD-43349_A	12
8VM4_EMD-43349_A	12
8VRD_EMD-43481_A	6
8VRD_EMD-43481_B	6
8VRD_EMD-43481_C	6
8VRD_EMD-43481_E	6
8VRD_EMD-43481_F	6
8VRD_EMD-43481_G	6
8VRD_EMD-43481_W	0
8VRD_EMD-43481_X	0
8RQE_EMD-19439_A	0
8RQE_EMD-19439_AGA	0
8RQE_EMD-19439_BGA	0
8RQE_EMD-19439_DFA	0
8RQE_EMD-19439_G	0
8RQE_EMD-19439_JFA	0
8VRJ_EMD-43482_A	6
8VRJ_EMD-43482_AB	0
8VRJ_EMD-43482_B	6
8VRJ_EMD-43482_C	6
8VRJ_EMD-43482_D	6
8VRJ_EMD-43482_F	6
8VRJ_EMD-43482_H	6
8VRJ_EMD-43482_I	4
8VRJ_EMD-43482_Q	16
8VRJ_EMD-43482_R	16
8VYV_EMD-43679_A	0
8VYV_EMD-43679_B	0
8VYW_EMD-43680_A	0
8VYW_EMD-43680_C	0
8VWI_EMD-43588_A	14
8VWI_EMD-43588_G	1
8VWI_EMD-43588_J	6
8VWI_EMD-43588_K	5
8VWI_EMD-43588_N	19
8VWI_EMD-43588_O	28
8VWI_EMD-43588_P	12
8W9P_EMD-37378_A	38
8W9P_EMD-37378_C	10
8W9P_EMD-37378_P	7
8W9P_EMD-37378_R	25
8W9P_EMD-37378_X	0
8VWJ_EMD-43589_A	16
8VWJ_EMD-43589_G	1
8VWJ_EMD-43589_J	6
8VWJ_EMD-43589_K	5
8VWJ_EMD-43589_N	19
8VWJ_EMD-43589_O	29
8VWJ_EMD-43589_P	12
8W9Q_EMD-37379_A	38
8W9Q_EMD-37379_C	10
8W9Q_EMD-37379_P	7
8W9Q_EMD-37379_R	26
8W9Q_EMD-37379_U	0
8WB6_EMD-37416_A	0
8WB7_EMD-37417_A	0
8WDC_EMD-37461_A	0
8WGC_EMD-37508_A	33
8WGC_EMD-37508_B	0
8W9R_EMD-37380_A	38
8W9R_EMD-37380_C	11
8W9R_EMD-37380_P	8
8WJL_EMD-37584_A	11
8WJL_EMD-37584_B	10
8WJL_EMD-37584_C	3
8WJN_EMD-37586_A	15
8WJN_EMD-37586_B	16
8WJN_EMD-37586_C	0
8WJN_EMD-37586_D	0
8WJN_EMD-37586_E	0
8WJO_EMD-37587_A	0
8WJO_EMD-37587_B	0
8WJO_EMD-37587_C	7
8WJO_EMD-37587_D	0
8W1I_EMD-43726_A	40
8WO0_EMD-37676_A	0
8WTJ_EMD-37835_A	71
8WTJ_EMD-37835_D	0
8X9W_EMD-38186_A	53
8X9W_EMD-38186_D	0
8X9W_EMD-38186_J	0
8X9W_EMD-38186_O	18
8X9W_EMD-38186_P	0
8X9W_EMD-38186_Q	0
8X9W_EMD-38186_S	0
8XA1_EMD-38191_A	47
8XA1_EMD-38191_B	0
8XA1_EMD-38191_C	55
8XA1_EMD-38191_E	0
8XA1_EMD-38191_G	14
8XKM_EMD-38420_A	58
8XKM_EMD-38420_C	2
8XM7_EMD-38466_A	13
8XM7_EMD-38466_B	34
8XM7_EMD-38466_C	0
8XOU_EMD-38541_A	2
8XOU_EMD-38541_M	0
8XVA_EMD-38694_A	0
8XVA_EMD-38694_B	21
8XVA_EMD-38694_C	0
8XVA_EMD-38694_D	0
8XVA_EMD-38694_G	0
8XVA_EMD-38694_K	0
8XWQ_EMD-38741_A	6
8XWQ_EMD-38741_B	28
8XWQ_EMD-38741_C	0
8XWQ_EMD-38741_D	25
8XWQ_EMD-38741_E	0
8XWQ_EMD-38741_F	0
8Y1L_EMD-38839_A	31
8Y1L_EMD-38839_D	12
8Y1L_EMD-38839_E	10
8TO0_EMD-41431_A	0
8TO0_EMD-41431_AL	0
8TO0_EMD-41431_AN	0
8TO0_EMD-41431_AP	0
8TO0_EMD-41431_AQ	0
8TO0_EMD-41431_B	0
8TO0_EMD-41431_BA	0
8TO0_EMD-41431_BD	0
8TO0_EMD-41431_CC	0
8TO0_EMD-41431_CQ	0
8TO0_EMD-41431_D	0
8TO0_EMD-41431_DG	0
8TO0_EMD-41431_DN	0
8TO0_EMD-41431_DP	0
8TO0_EMD-41431_E	0
8TO0_EMD-41431_EE	0
8TO0_EMD-41431_GQ	0
8TO0_EMD-41431_HH	0
8TO0_EMD-41431_IN	0
8TO0_EMD-41431_JJ	0
8TO0_EMD-41431_JQ	0
8TO0_EMD-41431_KC	0
8TO0_EMD-41431_KD	0
8TO0_EMD-41431_LI	0
8TO0_EMD-41431_LN	0
8TO0_EMD-41431_LQ	0
8TO0_EMD-41431_NB	0
8TO0_EMD-41431_PQ	0
8TO0_EMD-41431_Q	0
8TO0_EMD-41431_QQ	0
8TO0_EMD-41431_RQ	0
8TO0_EMD-41431_SP	0
8TO0_EMD-41431_UI	0
8TO0_EMD-41431_UQ	0
8TO0_EMD-41431_XF	0
8Y6Q_EMD-38995_A	0
8Y6Q_EMD-38995_F	0
8YAX_EMD-39107_A	73
8YAX_EMD-39107_C	24
8YBS_EMD-34546_A	21
8YBS_EMD-34546_B	72
8YBS_EMD-34546_C	21
8YBS_EMD-34546_D	68
8YB7_EMD-39112_A	10
8YB7_EMD-39112_C	26
8YBZ_EMD-34603_A	69
8YBZ_EMD-34603_D	15
8YBZ_EMD-34603_E	15
8YDX_EMD-39184_A	72
8YDX_EMD-39184_D	0
8YDY_EMD-39185_A	70
8YDY_EMD-39185_D	0
8YDZ_EMD-39186_A	73
8YDZ_EMD-39186_D	0
8YFU_EMD-39230_A	0
8YGA_EMD-39240_A	12
8YFG_EMD-39223_A	21
8YFG_EMD-39223_C	0
8YGF_EMD-39246_A	14
8YGF_EMD-39246_C	10
8VKQ_EMD-43327_A	0
8VKQ_EMD-43327_B	0
8VKQ_EMD-43327_C	1
8VKQ_EMD-43327_D	0
8YO9_EMD-39438_A	18
8YOD_EMD-39444_A	15
8YOD_EMD-39444_B	17
8VKR_EMD-43328_A	0
8VKR_EMD-43328_B	0
8VKR_EMD-43328_C	0
8VKR_EMD-43328_D	0
8YS2_EMD-38376_A	38
8YS2_EMD-38376_B	31
8YS2_EMD-38376_C	14
8YS2_EMD-38376_M	4
8YQF_EMD-39498_A	16
8YTC_EMD-39571_A	2
8YS4_EMD-38377_A	38
8YS4_EMD-38377_B	31
8YS4_EMD-38377_C	15
8YS4_EMD-38377_M	2
8YS4_EMD-38377_Q	2
8Z93_EMD-39853_A	0
8Z94_EMD-39854_A	1
8Z9V_EMD-39869_A	6
8Z9V_EMD-39869_B	0
8ZC6_EMD-39924_A	70
8ZC6_EMD-39924_D	70
8ZC6_EMD-39924_E	70
8ZIP_EMD-60125_A	0
8ZIP_EMD-60125_B	0
8Z6Q_EMD-39801_A	70
8Z6Q_EMD-39801_B	70
8Z6Q_EMD-39801_C	70
8ZJM_EMD-60150_A	7
8ZJM_EMD-60150_B	47
8ZJM_EMD-60150_C	6
8ZKM_EMD-60199_A	2
8ZKM_EMD-60199_B	11
8ZKM_EMD-60199_D	0
8ZKM_EMD-60199_E	50
8ZJ2_EMD-60136_A	18
8ZJ2_EMD-60136_B	47
8ZJ2_EMD-60136_E	9
8ZJ2_EMD-60136_G	8
9B8L_EMD-44349_A	116
9BD1_EMD-44443_A	48
9BD8_EMD-44446_A	27
9BD8_EMD-44446_B	22
9BQX_EMD-44828_A	0
9BRR_EMD-44841_A	0
9BRR_EMD-44841_AA	0
9BRR_EMD-44841_B	0
9BRR_EMD-44841_BA	0
9BRR_EMD-44841_CA	0
9BRR_EMD-44841_DA	0
9BRR_EMD-44841_EA	0
9BRR_EMD-44841_FA	0
9BRR_EMD-44841_K	0
9BRR_EMD-44841_N	0
9BRR_EMD-44841_Q	4
9BRR_EMD-44841_R	0
9BRR_EMD-44841_U	0
9BRR_EMD-44841_X	5
9BRR_EMD-44841_Y	0
9BRR_EMD-44841_Z	0
9BYW_EMD-45046_A	31
9BYW_EMD-45046_C	0
9BZ9_EMD-45057_A	31
9BZ9_EMD-45057_C	1
9BZH_EMD-45067_A	31
9BZH_EMD-45067_C	0
8WO5_EMD-37679_A	0
8WO5_EMD-37679_AB	0
8WO5_EMD-37679_AC	0
8WO5_EMD-37679_AG	0
8WO5_EMD-37679_AH	0
8WO5_EMD-37679_AI	0
8WO5_EMD-37679_AK	0
8WO5_EMD-37679_BJ	0
8WO5_EMD-37679_K	0
8WO5_EMD-37679_L	0
8WO5_EMD-37679_LB	0
8WO5_EMD-37679_M	0
8WO5_EMD-37679_OB	0
8WO5_EMD-37679_PB	0
8WO5_EMD-37679_V	0
9C58_EMD-45207_A	8
9C58_EMD-45207_B	0
9C58_EMD-45207_C	0
9C58_EMD-45207_D	0
9C58_EMD-45207_E	0
9C5B_EMD-45213_A	6
9C5B_EMD-45213_C	8
9C5B_EMD-45213_D	0
9C5B_EMD-45213_E	0
9C5B_EMD-45213_F	0
9C5B_EMD-45213_G	0
9C62_EMD-45240_A	25
9C62_EMD-45240_B	23
9C62_EMD-45240_F	24
9C62_EMD-45240_G	19
9C62_EMD-45240_H	5
9C62_EMD-45240_I	3
9C62_EMD-45240_J	18
9C62_EMD-45240_K	5
9C62_EMD-45240_M	17
9C62_EMD-45240_N	1
8YMJ_EMD-39395_A	0
9C82_EMD-45297_A	38
9C82_EMD-45297_B	19
9C82_EMD-45297_C	3
9C82_EMD-45297_D	11
9C82_EMD-45297_E	0
9C7P_EMD-45283_A	41
9C7P_EMD-45283_B	41
9C9U_EMD-45371_A	0
9C9U_EMD-45371_B	0
9C9U_EMD-45371_C	0
9CHO_EMD-45591_A	86
9AY5_EMD-43960_A	2
9AY5_EMD-43960_AB	1
9AY5_EMD-43960_AC	0
9AY5_EMD-43960_G	0
9AY5_EMD-43960_KA	0
9AY5_EMD-43960_M	0
9AY5_EMD-43960_S	0
9AY5_EMD-43960_Y	0
9CJL_EMD-45635_A	0
9CM5_EMD-45739_A	90
9CM5_EMD-45739_B	0
8UPL_EMD-42451_A	0
8UPL_EMD-42451_B	0
8UPL_EMD-42451_C	0
8UPL_EMD-42451_D	0
9CN0_EMD-45755_A	55
9CN0_EMD-45755_B	0
9CN0_EMD-45755_C	0
9CN1_EMD-45756_A	48
9CN1_EMD-45756_B	0
9CM2_EMD-45737_A	0
9CM2_EMD-45737_D	0
9C4K_EMD-45190_A	26
9C4K_EMD-45190_B	57
9C4K_EMD-45190_C	38
9C4K_EMD-45190_P	111
9C4K_EMD-45190_Q	55
8UOX_EMD-42439_A	0
8UOX_EMD-42439_B	0
8UOX_EMD-42439_C	0
8UOX_EMD-42439_D	1
9CTH_EMD-42405_A	59
9CTH_EMD-42405_B	8
9CTH_EMD-42405_C	20
9CTH_EMD-42405_D	28
9CTH_EMD-42405_E	48
9CS3_EMD-45886_A	25
9CS3_EMD-45886_B	19
9CS3_EMD-45886_C	0
9CS3_EMD-45886_D	22
9CS3_EMD-45886_E	21
9CS3_EMD-45886_F	0
9CS3_EMD-45886_M	0
9CS3_EMD-45886_O	0
9CS4_EMD-45887_A	23
9CS4_EMD-45887_B	19
9CS4_EMD-45887_C	0
9CS4_EMD-45887_D	17
9CS4_EMD-45887_E	15
9CS4_EMD-45887_F	0
9CS4_EMD-45887_G	10
9CS4_EMD-45887_H	22
9D5C_EMD-29980_A	9
9CR2_EMD-45830_A	25
9CR2_EMD-45830_C	0
9CR2_EMD-45830_E	28
9CR2_EMD-45830_G	23
9CR2_EMD-45830_I	0
9CR2_EMD-45830_K	0
9CR2_EMD-45830_M	0
9CR2_EMD-45830_O	0
9DHQ_EMD-46873_A	19
9DHQ_EMD-46873_E	6
9DLG_EMD-46977_A	8
9COD_EMD-45776_A	6
9DNN_EMD-47043_A	73
9DNN_EMD-47043_C	0
9DNN_EMD-47043_E	0
9DGT_EMD-46847_A	22
9DGT_EMD-46847_BA	0
9DGT_EMD-46847_DA	0
9DGT_EMD-46847_H	20
9DGT_EMD-46847_J	19
9DGT_EMD-46847_K	11
9DGT_EMD-46847_L	11
9DGT_EMD-46847_M	3
9DGT_EMD-46847_O	0
9DGT_EMD-46847_S	0
9DGT_EMD-46847_T	0
9DGT_EMD-46847_U	17
9DGT_EMD-46847_V	24
9DGT_EMD-46847_X	0
9DGT_EMD-46847_Z	4
9DRY_EMD-47134_A	7
9DRY_EMD-47134_B	7
9DRY_EMD-47134_C	0
9CBC_EMD-45422_A	19
9CBC_EMD-45422_B	43
9CBC_EMD-45422_C	33
9CBC_EMD-45422_P	108
9CBC_EMD-45422_Q	56
9DGU_EMD-46848_A	22
9DGU_EMD-46848_BA	0
9DGU_EMD-46848_DA	0
9DGU_EMD-46848_FA	0
9DGU_EMD-46848_H	19
9DGU_EMD-46848_J	19
9DGU_EMD-46848_K	12
9DGU_EMD-46848_L	12
9DGU_EMD-46848_M	3
9DGU_EMD-46848_O	0
9DGU_EMD-46848_S	0
9DGU_EMD-46848_T	0
9DGU_EMD-46848_U	17
9DGU_EMD-46848_V	23
9DGU_EMD-46848_X	0
9DVC_EMD-47200_A	0
9DVC_EMD-47200_B	0
9DVC_EMD-47200_C	0
9DVC_EMD-47200_D	0
9DVC_EMD-47200_E	0
9DWU_EMD-47265_A	36
9DWU_EMD-47265_B	0
9DWU_EMD-47265_C	6
9DW7_EMD-47237_A	23
9DW7_EMD-47237_B	0
9E0H_EMD-47356_A	0
9DSM_EMD-47147_A	0
9D2F_EMD-46494_A	50
9D2F_EMD-46494_AA	0
9D2F_EMD-46494_B	17
9D2F_EMD-46494_BA	0
9D2F_EMD-46494_D	23
9D2F_EMD-46494_E	14
9D2F_EMD-46494_F	19
9D2F_EMD-46494_G	21
9D2F_EMD-46494_J	64
9D2F_EMD-46494_K	68
9D2F_EMD-46494_L	2
9D2F_EMD-46494_N	0
9D2F_EMD-46494_O	17
9D2F_EMD-46494_P	3
9D2F_EMD-46494_Q	5
9D2F_EMD-46494_R	17
9D2F_EMD-46494_S	4
9D2F_EMD-46494_T	12
9D2F_EMD-46494_U	18
9D2F_EMD-46494_V	7
9D2F_EMD-46494_W	0
9D2F_EMD-46494_X	0
9D2F_EMD-46494_Y	0
9D2F_EMD-46494_Z	0
9E23_EMD-47430_A	5
9E23_EMD-47430_C	9
9E23_EMD-47430_D	34
9E23_EMD-47430_H	35
9E23_EMD-47430_J	0
9E23_EMD-47430_L	0
9EAD_EMD-47830_A	19
9EAD_EMD-47830_B	16
9EAD_EMD-47830_C	12
9EDD_EMD-47945_A	14
9EDD_EMD-47945_B	16
9EDE_EMD-47946_A	15
9EDE_EMD-47946_B	24
9EK1_EMD-47842_A	2
9EK3_EMD-52060_A	5
9ELD_EMD-48145_A	10
9EOF_EMD-19853_A	0
9EOF_EMD-19853_B	0
9EOF_EMD-19853_C	4
9EOF_EMD-19853_D	7
9EOM_EMD-19863_A	0
9EON_EMD-19864_A	0
9EPR_EMD-19884_A	5
9EPR_EMD-19884_B	29
9EPR_EMD-19884_C	0
9EPR_EMD-19884_D	0
9DRL_EMD-47128_A	4
9DRL_EMD-47128_B	4
9EUG_EMD-19969_A	9
9EUG_EMD-19969_B	27
9EUG_EMD-19969_C	18
9EUG_EMD-19969_E	26
9EUG_EMD-19969_F	2
9EUG_EMD-19969_H	1
9EUG_EMD-19969_L	15
9EUG_EMD-19969_M	16
9EUG_EMD-19969_P	37
9EUG_EMD-19969_R	13
8WIW_EMD-37570_A	2
8WIW_EMD-37570_B	0
8WIW_EMD-37570_C	1
8WIW_EMD-37570_D	0
8WIW_EMD-37570_E	0
9EVD_EMD-19999_A	0
9EVD_EMD-19999_B	0
9EVD_EMD-19999_C	0
9EVD_EMD-19999_D	0
9EVD_EMD-19999_E	0
9EVD_EMD-19999_F	0
9EVD_EMD-19999_G	0
9EVD_EMD-19999_H	0
9EVD_EMD-19999_I	0
9E12_EMD-47381_A	79
9E12_EMD-47381_C	32
9E12_EMD-47381_E	9
9E12_EMD-47381_G	5
9E12_EMD-47381_I	4
9E12_EMD-47381_K	4
9F5W_EMD-50201_A	16
9F5W_EMD-50201_B	18
9F5W_EMD-50201_C	0
9F5W_EMD-50201_D	2
9F5W_EMD-50201_E	0
9F5W_EMD-50201_F	0
9F9Q_EMD-16917_A	13
9F6Z_EMD-17349_A	29
9FCH_EMD-50314_A	9
9FNO_EMD-50600_A	0
9FNO_EMD-50600_B	0
9FNO_EMD-50600_C	0
9FNO_EMD-50600_D	18
9FNO_EMD-50600_E	70
9E13_EMD-47382_A	80
9E13_EMD-47382_C	32
9E13_EMD-47382_E	9
9E13_EMD-47382_G	5
9E13_EMD-47382_I	5
9E13_EMD-47382_K	4
9E13_EMD-47382_M	0
9FTM_EMD-50749_A	0
9E14_EMD-47383_A	80
9E14_EMD-47383_C	30
9E14_EMD-47383_E	10
9E14_EMD-47383_G	5
9E14_EMD-47383_I	4
9E14_EMD-47383_K	4
9E14_EMD-47383_M	0
9G3X_EMD-51017_A	0
9G3X_EMD-51017_B	0
9G3X_EMD-51017_C	0
9G3X_EMD-51017_D	0
9G3X_EMD-51017_E	0
9G3X_EMD-51017_F	0
9G69_EMD-51096_A	16
9G69_EMD-51096_C	7
9G93_EMD-45459_A	60
9GA2_EMD-51169_A	32
9GE8_EMD-51293_A	22
9GE8_EMD-51293_B	12
9GE8_EMD-51293_D	0
9GKO_EMD-51431_A	12
9GNH_EMD-51470_A	34
9G3Y_EMD-51018_A	4
9G3Y_EMD-51018_B	6
9G3Y_EMD-51018_I	6
9G3Y_EMD-51018_IA	0
9G3Y_EMD-51018_J	4
9G3Y_EMD-51018_L	8
9G3Y_EMD-51018_O	0
9G3Y_EMD-51018_Q	0
9G3Y_EMD-51018_U	0
8YJT_EMD-39349_A	0
8YJT_EMD-39349_B	0
8YJT_EMD-39349_C	1
8YJT_EMD-39349_D	0
9GVG_EMD-51635_A	0
9GVG_EMD-51635_B	0
9GVG_EMD-51635_C	0
9H2A_EMD-51791_A	8
9H2A_EMD-51791_C	7
9H2A_EMD-51791_E	16
9H2A_EMD-51791_F	31
9H2A_EMD-51791_G	13
9H2A_EMD-51791_I	2
9H2A_EMD-51791_L	18
9H2J_EMD-51808_A	9
9H2J_EMD-51808_C	7
9H2J_EMD-51808_E	31
9H2J_EMD-51808_F	10
9H2J_EMD-51808_H	0
9H2J_EMD-51808_K	18
9H2J_EMD-51808_N	0
9H2J_EMD-51808_O	5
9F62_EMD-50210_A	1
9F62_EMD-50210_AA	0
9F62_EMD-50210_AB	0
9F62_EMD-50210_AC	0
9F62_EMD-50210_AD	1
9F62_EMD-50210_AG	0
9F62_EMD-50210_AH	0
9F62_EMD-50210_BA	0
9F62_EMD-50210_BB	0
9F62_EMD-50210_BC	0
9F62_EMD-50210_BD	0
9F62_EMD-50210_BG	0
9F62_EMD-50210_BH	1
9F62_EMD-50210_C	1
9F62_EMD-50210_CB	0
9F62_EMD-50210_CC	0
9F62_EMD-50210_CD	0
9F62_EMD-50210_CG	1
9F62_EMD-50210_CH	0
9F62_EMD-50210_DB	0
9F62_EMD-50210_DC	0
9F62_EMD-50210_E	0
9F62_EMD-50210_EB	0
9F62_EMD-50210_EC	0
9F62_EMD-50210_FB	1
9F62_EMD-50210_FC	1
9F62_EMD-50210_G	0
9F62_EMD-50210_GB	0
9F62_EMD-50210_GC	0
9F62_EMD-50210_HB	0
9F62_EMD-50210_HC	0
9F62_EMD-50210_I	0
9F62_EMD-50210_IB	0
9F62_EMD-50210_IC	0
9F62_EMD-50210_JB	0
9F62_EMD-50210_JC	0
9F62_EMD-50210_K	0
9F62_EMD-50210_KB	0
9F62_EMD-50210_KC	0
9F62_EMD-50210_LB	0
9F62_EMD-50210_LC	0
9F62_EMD-50210_M	0
9F62_EMD-50210_MB	0
9F62_EMD-50210_MC	0
9F62_EMD-50210_NB	0
9F62_EMD-50210_NC	0
9F62_EMD-50210_O	0
9F62_EMD-50210_OB	0
9F62_EMD-50210_OC	0
9F62_EMD-50210_PB	0
9F62_EMD-50210_PC	0
9F62_EMD-50210_Q	0
9F62_EMD-50210_QB	0
9F62_EMD-50210_QC	0
9F62_EMD-50210_R	0
9F62_EMD-50210_RB	0
9F62_EMD-50210_RC	0
9F62_EMD-50210_SB	0
9F62_EMD-50210_SC	0
9F62_EMD-50210_TB	0
9F62_EMD-50210_TC	0
9F62_EMD-50210_U	0
9F62_EMD-50210_UB	0
9F62_EMD-50210_UC	0
9F62_EMD-50210_V	0
9F62_EMD-50210_VB	0
9F62_EMD-50210_W	0
9F62_EMD-50210_WB	0
9F62_EMD-50210_WC	0
9F62_EMD-50210_X	0
9F62_EMD-50210_Y	0
9F62_EMD-50210_Z	0
9H9P_EMD-21985_A	0
9H9P_EMD-21985_C	0
9H9P_EMD-21985_D	0
9H9P_EMD-21985_E	0
9H9P_EMD-21985_G	0
9HF2_EMD-52105_A	4
9FO3_EMD-50615_A	9
9HGE_EMD-52134_A	6
9HMF_EMD-16724_A	0
9HMF_EMD-16724_E	0
9HMF_EMD-16724_F	0
9HMF_EMD-16724_G	0
9HMF_EMD-16724_N	0
9HMF_EMD-16724_Q	0
9HHL_EMD-52171_A	22
9HHL_EMD-52171_B	22
9HHL_EMD-52171_CA	0
9HHL_EMD-52171_D	23
9HHL_EMD-52171_HA	0
9HHL_EMD-52171_J	18
9HHL_EMD-52171_L	11
9HHL_EMD-52171_M	1
9HHL_EMD-52171_MA	0
9HHL_EMD-52171_N	2
9HHL_EMD-52171_O	0
9HHL_EMD-52171_Q	3
9HHL_EMD-52171_U	22
9HHL_EMD-52171_W	25
9HHL_EMD-52171_X	0
9HHL_EMD-52171_Y	29
9DOG_EMD-47083_A	0
9DOG_EMD-47083_C	0
9GOT_EMD-51500_A	1
9H4I_EMD-51852_A	40
9GSX_EMD-51557_A	48
9GSX_EMD-51557_L	22
9GSX_EMD-51557_W	40
9HQ7_EMD-52340_A	1
9HZR_EMD-52531_A	0
9HQC_EMD-52341_A	1
9EUF_EMD-19968_A	2
9EUF_EMD-19968_AA	0
9EUF_EMD-19968_CA	0
9EUF_EMD-19968_EB	0
9EUF_EMD-19968_F	0
9EUF_EMD-19968_I	0
9EUF_EMD-19968_K	0
9EUF_EMD-19968_M	0
9EUF_EMD-19968_N	0
9EUF_EMD-19968_P	0
9EUF_EMD-19968_Q	0
9EUF_EMD-19968_S	0
9EUF_EMD-19968_W	1
9EUF_EMD-19968_X	1
9HZT_EMD-52533_A	0
9HZS_EMD-52532_A	0
9HZU_EMD-52534_A	0
9FQR_EMD-50664_A	0
9FQR_EMD-50664_AA	0
9FQR_EMD-50664_AB	0
9FQR_EMD-50664_AC	0
9FQR_EMD-50664_AEB	0
9FQR_EMD-50664_AF	0
9FQR_EMD-50664_AFB	0
9FQR_EMD-50664_AG	0
9FQR_EMD-50664_AGB	0
9FQR_EMD-50664_AH	0
9FQR_EMD-50664_AJ	0
9FQR_EMD-50664_AK	0
9FQR_EMD-50664_AL	0
9FQR_EMD-50664_AN	0
9FQR_EMD-50664_AO	0
9FQR_EMD-50664_AQ	0
9FQR_EMD-50664_AR	0
9FQR_EMD-50664_AS	0
9FQR_EMD-50664_AT	0
9FQR_EMD-50664_AV	0
9FQR_EMD-50664_AX	0
9FQR_EMD-50664_AY	0
9FQR_EMD-50664_B	0
9FQR_EMD-50664_BA	0
9FQR_EMD-50664_BF	0
9FQR_EMD-50664_BFB	0
9FQR_EMD-50664_BHA	0
9FQR_EMD-50664_BM	0
9FQR_EMD-50664_BO	0
9FQR_EMD-50664_BQ	0
9FQR_EMD-50664_BR	0
9FQR_EMD-50664_BT	0
9FQR_EMD-50664_BX	0
9FQR_EMD-50664_BY	0
9FQR_EMD-50664_CDA	0
9FQR_EMD-50664_CF	0
9FQR_EMD-50664_CFB	0
9FQR_EMD-50664_CO	0
9FQR_EMD-50664_CQ	0
9FQR_EMD-50664_CS	0
9FQR_EMD-50664_CT	0
9FQR_EMD-50664_CV	0
9FQR_EMD-50664_CX	0
9FQR_EMD-50664_CY	0
9FQR_EMD-50664_DA	0
9FQR_EMD-50664_DB	0
9FQR_EMD-50664_DC	0
9FQR_EMD-50664_DFB	0
9FQR_EMD-50664_DJ	0
9FQR_EMD-50664_DM	0
9FQR_EMD-50664_DS	0
9FQR_EMD-50664_DT	0
9FQR_EMD-50664_DX	0
9FQR_EMD-50664_DZ	0
9FQR_EMD-50664_EFB	0
9FQR_EMD-50664_EJ	0
9FQR_EMD-50664_EQ	0
9FQR_EMD-50664_ER	0
9FQR_EMD-50664_EV	0
9FQR_EMD-50664_EZ	0
9FQR_EMD-50664_FDB	0
9FQR_EMD-50664_FE	0
9FQR_EMD-50664_FFB	0
9FQR_EMD-50664_FLA	0
9FQR_EMD-50664_FQ	0
9FQR_EMD-50664_FR	0
9FQR_EMD-50664_FS	0
9FQR_EMD-50664_FT	0
9FQR_EMD-50664_GE	0
9FQR_EMD-50664_GFB	0
9FQR_EMD-50664_GG	0
9FQR_EMD-50664_GQ	0
9FQR_EMD-50664_GR	0
9FQR_EMD-50664_GS	0
9FQR_EMD-50664_GV	0
9FQR_EMD-50664_HH	0
9FQR_EMD-50664_HJ	0
9FQR_EMD-50664_HJA	0
9FQR_EMD-50664_HQ	0
9FQR_EMD-50664_HR	0
9FQR_EMD-50664_HS	0
9FQR_EMD-50664_HV	0
9FQR_EMD-50664_IB	0
9FQR_EMD-50664_IFB	0
9FQR_EMD-50664_IJA	0
9FQR_EMD-50664_IL	0
9FQR_EMD-50664_IMA	0
9FQR_EMD-50664_IQ	0
9FQR_EMD-50664_JAA	0
9FQR_EMD-50664_JB	0
9FQR_EMD-50664_JE	0
9FQR_EMD-50664_JFB	0
9FQR_EMD-50664_JJA	0
9FQR_EMD-50664_JL	0
9FQR_EMD-50664_JO	0
9FQR_EMD-50664_JOA	0
9FQR_EMD-50664_JT	0
9FQR_EMD-50664_JV	0
9FQR_EMD-50664_KH	0
9FQR_EMD-50664_KJA	0
9FQR_EMD-50664_KQ	0
9FQR_EMD-50664_KT	0
9FQR_EMD-50664_KV	0
9FQR_EMD-50664_LD	0
9FQR_EMD-50664_LFB	0
9FQR_EMD-50664_LH	0
9FQR_EMD-50664_LS	0
9FQR_EMD-50664_LU	0
9FQR_EMD-50664_LV	0
9FQR_EMD-50664_LX	0
9FQR_EMD-50664_MC	0
9FQR_EMD-50664_MOA	0
9FQR_EMD-50664_NO	0
9FQR_EMD-50664_NOA	0
9FQR_EMD-50664_NQ	0
9FQR_EMD-50664_NU	0
9FQR_EMD-50664_OB	0
9FQR_EMD-50664_OEB	0
9FQR_EMD-50664_OO	0
9FQR_EMD-50664_OOA	0
9FQR_EMD-50664_OV	0
9FQR_EMD-50664_OX	0
9FQR_EMD-50664_PE	0
9FQR_EMD-50664_PQ	0
9FQR_EMD-50664_PU	0
9FQR_EMD-50664_QEB	0
9FQR_EMD-50664_QOA	0
9FQR_EMD-50664_QU	0
9FQR_EMD-50664_RD	0
9FQR_EMD-50664_REB	0
9FQR_EMD-50664_RJ	0
9FQR_EMD-50664_ROA	0
9FQR_EMD-50664_RQ	0
9FQR_EMD-50664_RS	0
9FQR_EMD-50664_SEB	0
9FQR_EMD-50664_SGB	0
9FQR_EMD-50664_SLA	0
9FQR_EMD-50664_SOA	0
9FQR_EMD-50664_SS	0
9FQR_EMD-50664_TEB	0
9FQR_EMD-50664_TQ	0
9FQR_EMD-50664_TS	0
9FQR_EMD-50664_TZ	0
9FQR_EMD-50664_UDA	0
9FQR_EMD-50664_UEB	0
9FQR_EMD-50664_UO	0
9FQR_EMD-50664_V	0
9FQR_EMD-50664_VEB	0
9FQR_EMD-50664_VL	0
9FQR_EMD-50664_VN	0
9FQR_EMD-50664_W	0
9FQR_EMD-50664_WEB	0
9FQR_EMD-50664_WGB	0
9FQR_EMD-50664_WO	0
9FQR_EMD-50664_X	0
9FQR_EMD-50664_XEB	0
9FQR_EMD-50664_XQ	0
9FQR_EMD-50664_XU	0
9FQR_EMD-50664_YEB	0
9FQR_EMD-50664_YU	0
9FQR_EMD-50664_YZ	0
9FQR_EMD-50664_ZI	0
9FQR_EMD-50664_ZU	0
9FQR_EMD-50664_ZX	0
9FQR_EMD-50664_ZZ	0
9I1I_EMD-52570_A	90
9HZV_EMD-52535_A	0
9HZW_EMD-52536_A	0
9HZX_EMD-52537_A	0
9I8N_EMD-52730_A	6
9I8N_EMD-52730_B	2
9I8N_EMD-52730_I	6
9I8N_EMD-52730_J	6
9I8N_EMD-52730_L	4
9I8N_EMD-52730_MA	0
9I8N_EMD-52730_P	19
9I8N_EMD-52730_U	0
9I8N_EMD-52730_Y	0
9ILV_EMD-60675_A	8
9ITR_EMD-60876_A	0
9ITR_EMD-60876_K	0
9ITR_EMD-60876_M	0
9ITY_EMD-60883_A	0
9ITY_EMD-60883_E	0
9ITY_EMD-60883_O	0
9IU0_EMD-60885_A	0
9IU0_EMD-60885_E	0
9IU0_EMD-60885_F	0
9JCH_EMD-61366_A	7
9JCT_EMD-61374_A	5
9JS6_EMD-61767_A	0
9JS6_EMD-61767_B	0
9JS6_EMD-61767_G	0
9JS6_EMD-61767_H	0
9JSD_EMD-61770_A	0
9K6V_EMD-62137_A	22
9K6W_EMD-62138_A	16
9KHT_EMD-62354_A	9
9KHT_EMD-62354_B	4
9KHT_EMD-62354_I	0
9KHT_EMD-62354_J	0
9KYV_EMD-61452_A	0
9KYW_EMD-61461_A	0
9KYW_EMD-61461_B	18
9KYX_EMD-61456_A	0
9KYY_EMD-61455_A	0
9I3N_EMD-52601_A	2
9L46_EMD-62807_A	13
9L46_EMD-62807_C	4
9L4F_EMD-62812_A	5
9L4F_EMD-62812_C	0
9LHX_EMD-63107_A	0
9LWO_EMD-63452_A	4
9LWO_EMD-63452_B	0
9LWO_EMD-63452_C	0
9LX0_EMD-63464_A	14
9LX0_EMD-63464_B	47
9LX0_EMD-63464_C	8
9LX0_EMD-63464_D	6
9LXH_EMD-63477_A	14
9LXH_EMD-63477_B	35
9LXH_EMD-63477_C	7
9M7Z_EMD-63698_A	91
9M7Z_EMD-63698_B	60
9M7Z_EMD-63698_C	17
9M7Z_EMD-63698_E	0
9M7Z_EMD-63698_F	0
9MDJ_EMD-48172_A	37
9MDJ_EMD-48172_C	0
9MDN_EMD-48174_A	42
9MDN_EMD-48174_D	0
9MDP_EMD-48175_A	42
9MET_EMD-48219_A	17
9MET_EMD-48219_E	0
9MET_EMD-48219_F	0
9L8P_EMD-62702_A	23
9L8P_EMD-62702_O	13
9MHH_EMD-48278_A	49
9MHH_EMD-48278_B	27
9MHH_EMD-48278_C	3
9MHH_EMD-48278_D	11
9MHH_EMD-48278_E	10
9MO4_EMD-48447_A	21
9MO4_EMD-48447_G	0
9MO4_EMD-48447_H	1
9MO4_EMD-48447_I	0
9MO4_EMD-48447_K	0
9MO5_EMD-48448_A	21
9MO5_EMD-48448_G	4
9MO5_EMD-48448_H	0
9MO5_EMD-48448_I	0
9MO5_EMD-48448_K	0
9MO6_EMD-48449_A	21
9MO6_EMD-48449_G	0
9MO6_EMD-48449_H	1
9MO6_EMD-48449_I	0
9MO6_EMD-48449_K	0
9MO7_EMD-48450_A	21
9MO7_EMD-48450_G	0
9MO7_EMD-48450_H	0
9MO7_EMD-48450_I	0
9MO7_EMD-48450_K	0
9HZY_EMD-52538_A	0
9MO9_EMD-48452_A	21
9MO9_EMD-48452_G	0
9MO9_EMD-48452_H	1
9MO9_EMD-48452_I	0
9MO9_EMD-48452_K	0
9MO8_EMD-48451_A	21
9MO8_EMD-48451_H	2
9MO8_EMD-48451_I	2
9MO8_EMD-48451_J	0
9MO8_EMD-48451_L	0
9MOA_EMD-48453_A	21
9MOA_EMD-48453_G	0
9MOA_EMD-48453_H	1
9MOA_EMD-48453_I	0
9MOA_EMD-48453_K	0
9MOB_EMD-48454_A	21
9MOB_EMD-48454_H	2
9MOB_EMD-48454_I	1
9MOB_EMD-48454_J	0
9MOB_EMD-48454_L	0
9MOC_EMD-48455_A	21
9MOC_EMD-48455_H	4
9MOC_EMD-48455_I	1
9MOC_EMD-48455_J	0
9MOC_EMD-48455_L	0
9MOD_EMD-48456_A	21
9MOD_EMD-48456_H	2
9MOD_EMD-48456_I	1
9MOD_EMD-48456_J	0
9MOD_EMD-48456_L	0
9HZZ_EMD-52539_A	0
9MOI_EMD-48467_A	21
9MOI_EMD-48467_G	0
9MOI_EMD-48467_H	0
9MOI_EMD-48467_I	0
9MOI_EMD-48467_K	0
9I00_EMD-52540_A	0
9MOK_EMD-48468_A	21
9MOK_EMD-48468_H	2
9MOK_EMD-48468_I	1
9MOK_EMD-48468_J	0
9MOK_EMD-48468_L	0
9MOL_EMD-48469_A	21
9MOL_EMD-48469_H	2
9MOL_EMD-48469_I	1
9MOL_EMD-48469_J	0
9MOL_EMD-48469_L	0
9MOM_EMD-48470_A	21
9MOM_EMD-48470_H	2
9MOM_EMD-48470_I	0
9MOM_EMD-48470_J	0
9MOM_EMD-48470_L	0
9MOO_EMD-48476_A	21
9MOO_EMD-48476_G	0
9MOO_EMD-48476_H	1
9MOO_EMD-48476_I	0
9MOO_EMD-48476_K	0
9MOP_EMD-48477_A	21
9MOP_EMD-48477_G	0
9MOP_EMD-48477_H	0
9MOP_EMD-48477_I	0
9MOP_EMD-48477_K	0
9MON_EMD-48471_A	21
9MON_EMD-48471_H	0
9MON_EMD-48471_I	0
9MON_EMD-48471_J	0
9MON_EMD-48471_L	0
9MOU_EMD-48482_A	21
9MOU_EMD-48482_H	2
9MOU_EMD-48482_I	0
9MOU_EMD-48482_J	0
9MOU_EMD-48482_L	0
9MRM_EMD-48559_A	16
9MRM_EMD-48559_E	5
9MOW_EMD-48483_A	21
9MOW_EMD-48483_H	0
9MOW_EMD-48483_I	0
9MOW_EMD-48483_J	0
9MOW_EMD-48483_L	0
9MOX_EMD-48484_A	21
9MOX_EMD-48484_G	2
9MOX_EMD-48484_H	0
9MOX_EMD-48484_I	0
9MOX_EMD-48484_K	0
9NA9_EMD-49183_A	0
9NA9_EMD-49183_B	0
9NA9_EMD-49183_C	0
9NA9_EMD-49183_D	0
9NBB_EMD-49225_A	0
9NBB_EMD-49225_B	0
9NBB_EMD-49225_C	0
9NBB_EMD-49225_D	0
9NBB_EMD-49225_E	0
9NBB_EMD-49225_F	0
9N5K_EMD-48924_A	73
9N5K_EMD-48924_B	0
9MVT_EMD-48669_A	3
9I01_EMD-52541_A	0
9N1I_EMD-48813_A	24
9NRY_EMD-49741_A	0
9NRY_EMD-49741_C	0
9NRY_EMD-49741_G	36
9NTT_EMD-49762_A	4
9NTT_EMD-49762_B	12
9NV0_EMD-49825_A	15
9NJT_EMD-49490_A	13
9NVD_EMD-49833_A	14
9NXP_EMD-49910_A	18
9O13_EMD-49996_A	0
9OT2_EMD-70819_A	17
9OT2_EMD-70819_B	17
9NG2_EMD-49380_A	18
9NG2_EMD-49380_G	0
9NG2_EMD-49380_J	0
9NG2_EMD-49380_K	1
9NG2_EMD-49380_L	0
9PZM_EMD-72072_A	0
9PZM_EMD-72072_B	0
9PZM_EMD-72072_C	0
9PZM_EMD-72072_D	0
9PZM_EMD-72072_E	0
9PZM_EMD-72072_F	0
9PZM_EMD-72072_G	0
9NRX_EMD-49740_A	0
9NRX_EMD-49740_C	0
9NRX_EMD-49740_G	34
9NH0_EMD-49398_A	0
9NH0_EMD-49398_AE	0
9NH0_EMD-49398_B	0
9NH0_EMD-49398_BE	0
9NH0_EMD-49398_C	0
9NH0_EMD-49398_D	0
9NH0_EMD-49398_E	0
9NH0_EMD-49398_ED	0
9NH0_EMD-49398_F	0
9Q6D_EMD-72267_A	4
9QEJ_EMD-0366_A	0
9QEJ_EMD-0366_B	0
9QEJ_EMD-0366_C	3
9QF9_EMD-53102_A	24
9QGO_EMD-53140_A	0
9QGO_EMD-53140_D	0
9QF0_EMD-0367_A	0
9QF0_EMD-0367_B	0
9QQ6_EMD-53294_A	21
9QQ6_EMD-53294_C	12
9QPQ_EMD-53278_A	1
9QPQ_EMD-53278_C	0
9QPQ_EMD-53278_E	2
9QPQ_EMD-53278_G	2
9QPQ_EMD-53278_K	0
9QPQ_EMD-53278_L	9
9QPQ_EMD-53278_O	0
9QPQ_EMD-53278_P	8
9QTU_EMD-53362_A	16
9QTU_EMD-53362_C	35
9NVJ_EMD-49837_A	0
9PD1_EMD-71523_A	16
9PD1_EMD-71523_G	0
9PD1_EMD-71523_H	0
9PD1_EMD-71523_K	0
9QWZ_EMD-53431_A	0
9QWZ_EMD-53431_B	45
9QQR_EMD-53312_A	7
9QX2_EMD-53434_A	0
9R3E_EMD-53555_A	0
9R7E_EMD-53305_A	1
9R0S_EMD-53488_A	7
9RPD_EMD-54160_A	16
9RPD_EMD-54160_B	18
9RPD_EMD-54160_C	16
9RPD_EMD-54160_D	18
9RPD_EMD-54160_F	0
9RPD_EMD-54161_A	16
9RPD_EMD-54161_B	18
9RPD_EMD-54161_C	16
9RPD_EMD-54161_D	18
9RPD_EMD-54161_F	0
9SZR_EMD-55382_A	31
9SZR_EMD-55382_C	4
9SZR_EMD-55382_E	6
9T32_EMD-55480_A	0
9T32_EMD-55480_B	0
9T32_EMD-55480_C	12
9T32_EMD-55480_D	10
9T32_EMD-55480_I	9
9U6L_EMD-63912_A	0
9U6L_EMD-63912_B	0
9U6M_EMD-63913_A	0
9U6M_EMD-63913_B	0
9VKS_EMD-65141_A	0
9RMX_EMD-54071_A	10
9RMX_EMD-54071_M	0
9Y5Q_EMD-72519_A	0
9Y5Q_EMD-72519_E	0
9QE0_EMD-53035_A	38
9QE0_EMD-53035_C	0
9QE0_EMD-53035_D	15
9QVM_EMD-53399_A	6
9QVM_EMD-53399_D	8
9QVM_EMD-53399_GA	0
9QVM_EMD-53399_K	6
9QVM_EMD-53399_LA	0
9QVM_EMD-53399_M	9
9QVM_EMD-53399_MA	0
9QVM_EMD-53399_N	6
9QVM_EMD-53399_OA	0
9QVM_EMD-53399_TA	0
9QVM_EMD-53399_UA	0
9QVN_EMD-53400_A	6
9QVN_EMD-53400_D	8
9QVN_EMD-53400_EA	0
9QVN_EMD-53400_I	6
9QVN_EMD-53400_JA	0
9QVN_EMD-53400_K	6
9QVN_EMD-53400_KA	0
9QVN_EMD-53400_L	11
9QVN_EMD-53400_NA	0
9I3O_EMD-52602_A	2
9NTM_EMD-49760_A	0
9NTM_EMD-49760_F	0
9NTM_EMD-49760_G	0
9IJJ_EMD-60633_A	0
9IJJ_EMD-60633_AB	0
9IJJ_EMD-60633_AD	0
9IJJ_EMD-60633_AL	0
9IJJ_EMD-60633_AM	0
9IJJ_EMD-60633_AN	0
9IJJ_EMD-60633_AO	0
9IJJ_EMD-60633_AP	0
9IJJ_EMD-60633_B	0
9IJJ_EMD-60633_BA	0
9IJJ_EMD-60633_BP	0
9IJJ_EMD-60633_CO	0
9IJJ_EMD-60633_CP	0
9IJJ_EMD-60633_DA	0
9IJJ_EMD-60633_FA	0
9IJJ_EMD-60633_FN	0
9IJJ_EMD-60633_G	0
9IJJ_EMD-60633_GA	0
9IJJ_EMD-60633_HA	0
9IJJ_EMD-60633_IP	0
9IJJ_EMD-60633_IQ	0
9IJJ_EMD-60633_J	0
9IJJ_EMD-60633_JA	0
9IJJ_EMD-60633_KP	0
9IJJ_EMD-60633_LO	0
9IJJ_EMD-60633_LP	0
9IJJ_EMD-60633_MN	0
9IJJ_EMD-60633_NN	0
9IJJ_EMD-60633_NO	0
9IJJ_EMD-60633_O	0
9IJJ_EMD-60633_R	0
9IJJ_EMD-60633_RQ	0
9IJJ_EMD-60633_SO	0
9IJJ_EMD-60633_T	0
9IJJ_EMD-60633_TA	0
9IJJ_EMD-60633_UQ	0
9IJJ_EMD-60633_VQ	0
9IJJ_EMD-60633_W	0
9IJJ_EMD-60633_Y	0
