fasta_id	beta_res	helix_res	beta_strands	helices
6LNT_EMD-0932_I	0	0	0	0
6LNT_EMD-0932_H	0	0	0	0
6LNT_EMD-0932_G	0	0	0	0
6LNT_EMD-0932_D	0	0	0	0
6LNT_EMD-0932_A	0	0	0	0
6TBA_EMD-10443_A	0	0	0	0
6TBA_EMD-10443_BH	0	0	0	0
6TBA_EMD-10443_BI	0	0	0	0
6TBA_EMD-10443_KJ	0	0	0	0
6TBA_EMD-10443_AK	0	0	0	0
6TBA_EMD-10443_AI	0	0	0	0
6TBA_EMD-10443_BJ	0	0	0	0
6TBA_EMD-10443_AJ	0	0	0	0
6TBA_EMD-10443_AC	0	0	0	0
6TBA_EMD-10443_MJ	0	0	0	0
6TBA_EMD-10443_LJ	0	0	0	0
6TML_EMD-10525_I	0	0	0	0
6TML_EMD-10525_H	0	0	0	0
6TML_EMD-10525_G	0	0	0	0
6TML_EMD-10525_F	0	0	0	0
6TML_EMD-10525_AF	0	0	0	0
6TML_EMD-10525_BC	0	0	0	0
6TML_EMD-10525_C	0	0	0	0
6TML_EMD-10525_EF	0	0	0	0
6TML_EMD-10525_IE	0	0	0	0
6TML_EMD-10525_X	0	0	0	0
6TML_EMD-10525_W	0	0	0	0
6TML_EMD-10525_V	0	0	0	0
6TML_EMD-10525_U	0	0	0	0
6TML_EMD-10525_T	0	0	0	0
6TML_EMD-10525_B	0	0	0	0
6TML_EMD-10525_S	0	0	0	0
6TML_EMD-10525_R	0	0	0	0
6TML_EMD-10525_Q	0	0	0	0
6TML_EMD-10525_P	0	0	0	0
6TML_EMD-10525_O	0	0	0	0
6TML_EMD-10525_N	0	0	0	0
6TML_EMD-10525_M	0	0	0	0
6TML_EMD-10525_L	0	0	0	0
6TML_EMD-10525_K	0	0	0	0
6TML_EMD-10525_J	0	0	0	0
6TML_EMD-10525_A	0	0	0	0
6TZ9_EMD-20590_A	0	0	0	0
6YW7_EMD-10960_G	0	0	0	0
6YW7_EMD-10960_F	0	0	0	0
6YW7_EMD-10960_E	0	0	0	0
6YW7_EMD-10960_D	0	0	0	0
6YW7_EMD-10960_C	0	0	0	0
6YW7_EMD-10960_B	0	0	0	0
6YW7_EMD-10960_A	0	0	0	0
6ZGA_EMD-11199_D	0	0	0	0
6ZNA_EMD-0667_P	0	0	0	0
6ZNA_EMD-0667_O	0	0	0	0
6ZNA_EMD-0667_M	0	0	0	0
6ZNA_EMD-0667_L	0	0	0	0
6ZNA_EMD-0667_J	0	0	0	0
6ZNA_EMD-0667_B	0	0	0	0
6ZNA_EMD-0667_Q	0	0	0	0
6ZNA_EMD-0667_A	0	0	0	0
6ZVS_EMD-11469_A	0	0	0	0
6ZVT_EMD-11470_A	0	0	0	0
6ZW4_EMD-11478_A	0	0	0	0
6ZW5_EMD-11481_A	0	0	0	0
6ZW6_EMD-11482_A	0	0	0	0
7A4H_EMD-11633_A	0	0	0	0
7A4I_EMD-11634_A	0	0	0	0
7BUE_EMD-30196_C	0	0	0	0
7BUE_EMD-30196_B	0	0	0	0
7BUE_EMD-30196_A	0	0	0	0
7BUF_EMD-30197_D	0	0	0	0
7BUF_EMD-30197_C	0	0	0	0
7BUF_EMD-30197_B	0	0	0	0
7BUF_EMD-30197_A	0	0	0	0
7CVY_EMD-30476_E	0	0	0	0
7CVY_EMD-30476_D	0	0	0	0
7CVY_EMD-30476_C	0	0	0	0
7CVY_EMD-30476_B	0	0	0	0
7CVY_EMD-30476_A	0	0	0	0
7CVZ_EMD-30477_E	0	0	0	0
7CVZ_EMD-30477_D	0	0	0	0
7CVZ_EMD-30477_C	0	0	0	0
7CVZ_EMD-30477_B	0	0	0	0
7CVZ_EMD-30477_A	0	0	0	0
7CW0_EMD-30478_E	0	0	0	0
7CW0_EMD-30478_D	0	0	0	0
7CW0_EMD-30478_C	0	0	0	0
7CW0_EMD-30478_B	0	0	0	0
7CW0_EMD-30478_A	0	0	0	0
7CW2_EMD-30479_K	0	0	0	0
7CW2_EMD-30479_J	0	0	0	0
7CW2_EMD-30479_G	0	0	0	0
7CW2_EMD-30479_B	0	0	0	0
7CW2_EMD-30479_A	0	0	0	0
7DGQ_EMD-30673_H	0	0	0	0
7DGQ_EMD-30673_G	0	0	0	0
7DGQ_EMD-30673_BC	0	0	0	0
7DGQ_EMD-30673_AC	0	0	0	0
7DGQ_EMD-30673_OB	0	0	0	0
7DGQ_EMD-30673_NB	0	0	0	0
7DGQ_EMD-30673_MB	0	0	0	0
7DGQ_EMD-30673_LB	0	0	0	0
7DGQ_EMD-30673_KB	0	0	0	0
7DGQ_EMD-30673_F	0	0	0	0
7DGQ_EMD-30673_HB	0	0	0	0
7DGQ_EMD-30673_GB	0	0	0	0
7DGQ_EMD-30673_EB	0	0	0	0
7DGQ_EMD-30673_DB	0	0	0	0
7DGQ_EMD-30673_CB	0	0	0	0
7DGQ_EMD-30673_BB	0	0	0	0
7DGQ_EMD-30673_AB	0	0	0	0
7DGQ_EMD-30673_ZA	0	0	0	0
7DGQ_EMD-30673_YA	0	0	0	0
7DGQ_EMD-30673_XA	0	0	0	0
7DGQ_EMD-30673_WA	0	0	0	0
7DGQ_EMD-30673_VA	0	0	0	0
7DGQ_EMD-30673_UA	0	0	0	0
7DGQ_EMD-30673_TA	0	0	0	0
7DGQ_EMD-30673_SA	0	0	0	0
7DGQ_EMD-30673_FB	0	0	0	0
7DGQ_EMD-30673_QA	0	0	0	0
7DGQ_EMD-30673_PA	0	0	0	0
7DGQ_EMD-30673_OA	0	0	0	0
7DGQ_EMD-30673_NA	0	0	0	0
7DGQ_EMD-30673_D	0	0	0	0
7DGQ_EMD-30673_MA	0	0	0	0
7DGQ_EMD-30673_LA	0	0	0	0
7DGQ_EMD-30673_KA	0	0	0	0
7DGQ_EMD-30673_JA	0	0	0	0
7DGQ_EMD-30673_HA	0	0	0	0
7DGQ_EMD-30673_GA	0	0	0	0
7DGQ_EMD-30673_FA	0	0	0	0
7DGQ_EMD-30673_EA	0	0	0	0
7DGQ_EMD-30673_DA	0	0	0	0
7DGQ_EMD-30673_C	0	0	0	0
7DGQ_EMD-30673_CA	0	0	0	0
7DGQ_EMD-30673_BA	0	0	0	0
7DGQ_EMD-30673_Z	0	0	0	0
7DGQ_EMD-30673_Y	0	0	0	0
7DGQ_EMD-30673_V	0	0	0	0
7DGQ_EMD-30673_U	0	0	0	0
7DGQ_EMD-30673_T	0	0	0	0
7DGQ_EMD-30673_S	0	0	0	0
7DGQ_EMD-30673_R	0	0	0	0
7DGQ_EMD-30673_Q	0	0	0	0
7DGQ_EMD-30673_P	0	0	0	0
7DGQ_EMD-30673_M	0	0	0	0
7DGQ_EMD-30673_L	0	0	0	0
7DGR_EMD-30674_H	0	0	0	0
7DGR_EMD-30674_G	0	0	0	0
7DGR_EMD-30674_BC	0	0	0	0
7DGR_EMD-30674_AC	0	0	0	0
7DGR_EMD-30674_ZB	0	0	0	0
7DGR_EMD-30674_YB	0	0	0	0
7DGR_EMD-30674_XB	0	0	0	0
7DGR_EMD-30674_WB	0	0	0	0
7DGR_EMD-30674_VB	0	0	0	0
7DGR_EMD-30674_F	0	0	0	0
7DGR_EMD-30674_QB	0	0	0	0
7DGR_EMD-30674_PB	0	0	0	0
7DGR_EMD-30674_DB	0	0	0	0
7DGR_EMD-30674_CB	0	0	0	0
7DGR_EMD-30674_BB	0	0	0	0
7DGR_EMD-30674_AB	0	0	0	0
7DGR_EMD-30674_KB	0	0	0	0
7DGR_EMD-30674_JB	0	0	0	0
7DGR_EMD-30674_E	0	0	0	0
7DGR_EMD-30674_HB	0	0	0	0
7DGR_EMD-30674_GB	0	0	0	0
7DGR_EMD-30674_FB	0	0	0	0
7DGR_EMD-30674_EB	0	0	0	0
7DGR_EMD-30674_RA	0	0	0	0
7DGR_EMD-30674_QA	0	0	0	0
7DGR_EMD-30674_PA	0	0	0	0
7DGR_EMD-30674_OA	0	0	0	0
7DGR_EMD-30674_NA	0	0	0	0
7DGR_EMD-30674_D	0	0	0	0
7DGR_EMD-30674_MA	0	0	0	0
7DGR_EMD-30674_LA	0	0	0	0
7DGR_EMD-30674_KA	0	0	0	0
7DGR_EMD-30674_JA	0	0	0	0
7DGR_EMD-30674_IA	0	0	0	0
7DGR_EMD-30674_HA	0	0	0	0
7DGR_EMD-30674_GA	0	0	0	0
7DGR_EMD-30674_FA	0	0	0	0
7DGR_EMD-30674_EA	0	0	0	0
7DGR_EMD-30674_DA	0	0	0	0
7DGR_EMD-30674_CA	0	0	0	0
7DGR_EMD-30674_BA	0	0	0	0
7DGR_EMD-30674_Z	0	0	0	0
7DGR_EMD-30674_Y	0	0	0	0
7DGR_EMD-30674_X	0	0	0	0
7DGR_EMD-30674_W	0	0	0	0
7DGR_EMD-30674_V	0	0	0	0
7DGR_EMD-30674_U	0	0	0	0
7DGR_EMD-30674_R	0	0	0	0
7DGR_EMD-30674_Q	0	0	0	0
7DGR_EMD-30674_P	0	0	0	0
7DGR_EMD-30674_O	0	0	0	0
7DGR_EMD-30674_N	0	0	0	0
7DGR_EMD-30674_M	0	0	0	0
7DGR_EMD-30674_L	0	0	0	0
7DGS_EMD-30675_I	0	0	0	0
7DGS_EMD-30675_H	0	0	0	0
7DGS_EMD-30675_G	0	0	0	0
7DGS_EMD-30675_BC	0	0	0	0
7DGS_EMD-30675_AC	0	0	0	0
7DGS_EMD-30675_ZB	0	0	0	0
7DGS_EMD-30675_YB	0	0	0	0
7DGS_EMD-30675_XB	0	0	0	0
7DGS_EMD-30675_WB	0	0	0	0
7DGS_EMD-30675_VB	0	0	0	0
7DGS_EMD-30675_F	0	0	0	0
7DGS_EMD-30675_RB	0	0	0	0
7DGS_EMD-30675_QB	0	0	0	0
7DGS_EMD-30675_PB	0	0	0	0
7DGS_EMD-30675_DB	0	0	0	0
7DGS_EMD-30675_CB	0	0	0	0
7DGS_EMD-30675_BB	0	0	0	0
7DGS_EMD-30675_AB	0	0	0	0
7DGS_EMD-30675_KB	0	0	0	0
7DGS_EMD-30675_JB	0	0	0	0
7DGS_EMD-30675_E	0	0	0	0
7DGS_EMD-30675_GB	0	0	0	0
7DGS_EMD-30675_FB	0	0	0	0
7DGS_EMD-30675_EB	0	0	0	0
7DGS_EMD-30675_RA	0	0	0	0
7DGS_EMD-30675_QA	0	0	0	0
7DGS_EMD-30675_PA	0	0	0	0
7DGS_EMD-30675_OA	0	0	0	0
7DGS_EMD-30675_NA	0	0	0	0
7DGS_EMD-30675_D	0	0	0	0
7DGS_EMD-30675_MA	0	0	0	0
7DGS_EMD-30675_LA	0	0	0	0
7DGS_EMD-30675_KA	0	0	0	0
7DGS_EMD-30675_JA	0	0	0	0
7DGS_EMD-30675_IA	0	0	0	0
7DGS_EMD-30675_HA	0	0	0	0
7DGS_EMD-30675_GA	0	0	0	0
7DGS_EMD-30675_FA	0	0	0	0
7DGS_EMD-30675_EA	0	0	0	0
7DGS_EMD-30675_DA	0	0	0	0
7DGS_EMD-30675_CA	0	0	0	0
7DGS_EMD-30675_BA	0	0	0	0
7DGS_EMD-30675_Z	0	0	0	0
7DGS_EMD-30675_Y	0	0	0	0
7DGS_EMD-30675_X	0	0	0	0
7DGS_EMD-30675_W	0	0	0	0
7DGS_EMD-30675_V	0	0	0	0
7DGS_EMD-30675_R	0	0	0	0
7DGS_EMD-30675_Q	0	0	0	0
7DGS_EMD-30675_P	0	0	0	0
7DGS_EMD-30675_O	0	0	0	0
7DGS_EMD-30675_N	0	0	0	0
7DGS_EMD-30675_M	0	0	0	0
7KZM_EMD-23082_X	0	0	0	0
7KZM_EMD-23082_U	0	0	0	0
7KZM_EMD-23082_T	0	0	0	0
7KZM_EMD-23082_Q	0	0	0	0
7KZM_EMD-23082_KA	0	0	0	0
7KZM_EMD-23082_HA	0	0	0	0
7KZM_EMD-23082_EA	0	0	0	0
7KZM_EMD-23082_CA	0	0	0	0
7KZM_EMD-23082_W	0	0	0	0
7KZM_EMD-23082_V	0	0	0	0
7MUQ_EMD-24018_L	0	0	0	0
7MUQ_EMD-24018_K	0	0	0	0
7MUQ_EMD-24018_J	0	0	0	0
7MUQ_EMD-24018_I	0	0	0	0
7MUQ_EMD-24018_H	0	0	0	0
7MUQ_EMD-24018_E	0	0	0	0
7MUQ_EMD-24018_D	0	0	0	0
7MUQ_EMD-24018_B	0	0	0	0
7MUQ_EMD-24018_A	0	0	0	0
7MUS_EMD-24020_I	0	0	0	0
7MUS_EMD-24020_H	0	0	0	0
7MUS_EMD-24020_G	0	0	0	0
7MUS_EMD-24020_F	0	0	0	0
7MUS_EMD-24020_E	0	0	0	0
7MUS_EMD-24020_C	0	0	0	0
7MUS_EMD-24020_B	0	0	0	0
7MUS_EMD-24020_DB	0	0	0	0
7MUS_EMD-24020_A	0	0	0	0
7MUV_EMD-24023_I	0	0	0	0
7MUV_EMD-24023_H	0	0	0	0
7MUV_EMD-24023_E	0	0	0	0
7MUV_EMD-24023_D	0	0	0	0
7MUV_EMD-24023_C	0	0	0	0
7MUV_EMD-24023_B	0	0	0	0
7MUV_EMD-24023_BB	0	0	0	0
7MUV_EMD-24023_U	0	0	0	0
7MUV_EMD-24023_A	0	0	0	0
7MUW_EMD-24024_I	0	0	0	0
7MUW_EMD-24024_F	0	0	0	0
7MUW_EMD-24024_E	0	0	0	0
7MUW_EMD-24024_D	0	0	0	0
7MUW_EMD-24024_C	0	0	0	0
7MUW_EMD-24024_B	0	0	0	0
7MUW_EMD-24024_W	0	0	0	0
7MUW_EMD-24024_J	0	0	0	0
7MUW_EMD-24024_A	0	0	0	0
7MUY_EMD-24026_I	0	0	0	0
7MUY_EMD-24026_H	0	0	0	0
7MUY_EMD-24026_G	0	0	0	0
7MUY_EMD-24026_F	0	0	0	0
7MUY_EMD-24026_E	0	0	0	0
7MUY_EMD-24026_C	0	0	0	0
7MUY_EMD-24026_B	0	0	0	0
7MUY_EMD-24026_Q	0	0	0	0
7MUY_EMD-24026_A	0	0	0	0
7N97_EMD-24251_B	0	0	0	0
7N97_EMD-24251_A	0	0	0	0
7N9Q_EMD-24259_A	0	0	0	0
7N9R_EMD-24260_A	0	0	0	0
7N9S_EMD-24261_B	0	0	0	0
7N9S_EMD-24261_A	0	0	0	0
7N9Y_EMD-24264_B	0	0	0	0
7N9Y_EMD-24264_A	0	0	0	0
7NBX_EMD-12262_C	0	0	0	0
7NPV_EMD-12522_M	0	0	0	0
7NPV_EMD-12522_A	0	0	0	0
7PKY_EMD-13482_A	0	0	0	0
7R0C_EMD-14221_B	0	0	0	0
7RI6_EMD-24475_C	0	0	0	0
7RI7_EMD-24476_C	0	0	0	0
7RI8_EMD-24477_C	0	0	0	0
7RI9_EMD-24478_C	0	0	0	0
7RMO_EMD-24576_A	0	0	0	0
7TNS_EMD-26019_UC	0	0	0	0
7TNS_EMD-26019_AC	0	0	0	0
7TNS_EMD-26019_Z	0	0	0	0
7TNS_EMD-26019_Y	0	0	0	0
7TNS_EMD-26019_A	0	0	0	0
7U6F_EMD-24964_C	0	0	0	0
7U6F_EMD-24964_A	0	0	0	0
7UN1_EMD-26611_C	0	0	0	0
7UN1_EMD-26611_A	0	0	0	0
7V3J_EMD-31681_F	0	0	0	0
7V3J_EMD-31681_E	0	0	0	0
7V3J_EMD-31681_B	0	0	0	0
7V3J_EMD-31681_A	0	0	0	0
7VRT_EMD-32103_AG	0	0	0	0
7VRT_EMD-32103_A	0	0	0	0
7WUV_EMD-32843_A	0	0	0	0
7YAR_EMD-33718_G	0	0	0	0
7YAR_EMD-33718_E	0	0	0	0
7YAR_EMD-33718_B	0	0	0	0
7YAR_EMD-33718_A	0	0	0	0
7Z4B_EMD-14492_DD	0	0	0	0
7Z4B_EMD-14492_AD	0	0	0	0
7Z4B_EMD-14492_XC	0	0	0	0
7Z4B_EMD-14492_WC	0	0	0	0
7Z4B_EMD-14492_UC	0	0	0	0
7Z4B_EMD-14492_RC	0	0	0	0
7Z4B_EMD-14492_A	0	0	0	0
8B5R_EMD-15861_J	0	0	0	0
8CT1_EMD-26977_A	0	0	0	0
8CT9_EMD-26984_A	0	0	0	0
8FXR_EMD-29541_FG	0	0	0	0
8FXR_EMD-29541_R	0	0	0	0
8FXR_EMD-29541_F	0	0	0	0
8FXR_EMD-29541_GG	0	0	0	0
8FXR_EMD-29541_A	0	0	0	0
8G4L_EMD-29722_BC	0	0	0	0
8G4L_EMD-29722_AC	0	0	0	0
8G4L_EMD-29722_AA	0	0	0	0
8G4L_EMD-29722_C	0	0	0	0
8G4L_EMD-29722_A	0	0	0	0
8GLT_EMD-40208_B	0	0	0	0
8GLT_EMD-40208_A	0	0	0	0
8I7O_EMD-35229_HB	0	0	0	0
8I7O_EMD-35229_DB	0	0	0	0
8I7O_EMD-35229_NA	0	0	0	0
8I7O_EMD-35229_CA	0	0	0	0
8I7O_EMD-35229_Q	0	0	0	0
8I7O_EMD-35229_H	0	0	0	0
8I7O_EMD-35229_BG	0	0	0	0
8I7O_EMD-35229_AG	0	0	0	0
8I7O_EMD-35229_OE	0	0	0	0
8I7O_EMD-35229_HE	0	0	0	0
8I7O_EMD-35229_SD	0	0	0	0
8I7O_EMD-35229_KD	0	0	0	0
8I7O_EMD-35229_DD	0	0	0	0
8I7O_EMD-35229_VC	0	0	0	0
8I7O_EMD-35229_MC	0	0	0	0
8I7O_EMD-35229_FC	0	0	0	0
8I7O_EMD-35229_YB	0	0	0	0
8I7O_EMD-35229_QB	0	0	0	0
8I7O_EMD-35229_JB	0	0	0	0
8I7O_EMD-35229_A	0	0	0	0
8I7R_EMD-35230_BD	0	0	0	0
8I7R_EMD-35230_JC	0	0	0	0
8I7R_EMD-35230_JB	0	0	0	0
8I7R_EMD-35230_NA	0	0	0	0
8I7R_EMD-35230_S	0	0	0	0
8I7R_EMD-35230_G	0	0	0	0
8I7R_EMD-35230_HQ	0	0	0	0
8I7R_EMD-35230_AQ	0	0	0	0
8I7R_EMD-35230_GQ	0	0	0	0
8I7R_EMD-35230_CP	0	0	0	0
8I7R_EMD-35230_AP	0	0	0	0
8I7R_EMD-35230_HN	0	0	0	0
8I7R_EMD-35230_GM	0	0	0	0
8I7R_EMD-35230_RL	0	0	0	0
8I7R_EMD-35230_BL	0	0	0	0
8I7R_EMD-35230_F	0	0	0	0
8I7R_EMD-35230_KK	0	0	0	0
8I7R_EMD-35230_UJ	0	0	0	0
8I7R_EMD-35230_AL	0	0	0	0
8I7R_EMD-35230_DJ	0	0	0	0
8I7R_EMD-35230_CJ	0	0	0	0
8I7R_EMD-35230_NI	0	0	0	0
8I7R_EMD-35230_MI	0	0	0	0
8I7R_EMD-35230_WH	0	0	0	0
8I7R_EMD-35230_EH	0	0	0	0
8I7R_EMD-35230_DH	0	0	0	0
8I7R_EMD-35230_B	0	0	0	0
8I7R_EMD-35230_OG	0	0	0	0
8I7R_EMD-35230_NG	0	0	0	0
8I7R_EMD-35230_XF	0	0	0	0
8I7R_EMD-35230_WF	0	0	0	0
8I7R_EMD-35230_EF	0	0	0	0
8I7R_EMD-35230_OE	0	0	0	0
8I7R_EMD-35230_LE	0	0	0	0
8I7R_EMD-35230_DF	0	0	0	0
8I7R_EMD-35230_AE	0	0	0	0
8I7R_EMD-35230_LC	0	0	0	0
8I7R_EMD-35230_A	0	0	0	0
8IC2_EMD-35352_I	0	0	0	0
8IC2_EMD-35352_H	0	0	0	0
8IC2_EMD-35352_DB	0	0	0	0
8IC2_EMD-35352_CB	0	0	0	0
8IC2_EMD-35352_KB	0	0	0	0
8IC2_EMD-35352_JB	0	0	0	0
8IC2_EMD-35352_E	0	0	0	0
8IC2_EMD-35352_HB	0	0	0	0
8IC2_EMD-35352_GB	0	0	0	0
8IC2_EMD-35352_EB	0	0	0	0
8IC2_EMD-35352_SA	0	0	0	0
8IC2_EMD-35352_RA	0	0	0	0
8IC2_EMD-35352_PA	0	0	0	0
8IC2_EMD-35352_OA	0	0	0	0
8IC2_EMD-35352_D	0	0	0	0
8IC2_EMD-35352_NA	0	0	0	0
8IC2_EMD-35352_MA	0	0	0	0
8IC2_EMD-35352_LA	0	0	0	0
8IC2_EMD-35352_KA	0	0	0	0
8IC2_EMD-35352_JA	0	0	0	0
8IC2_EMD-35352_IA	0	0	0	0
8IC2_EMD-35352_HA	0	0	0	0
8IC2_EMD-35352_GA	0	0	0	0
8IC2_EMD-35352_FA	0	0	0	0
8IC2_EMD-35352_EA	0	0	0	0
8IC2_EMD-35352_C	0	0	0	0
8IC2_EMD-35352_DA	0	0	0	0
8IC2_EMD-35352_CA	0	0	0	0
8IC2_EMD-35352_BA	0	0	0	0
8IC2_EMD-35352_AA	0	0	0	0
8IC2_EMD-35352_Z	0	0	0	0
8IC2_EMD-35352_Y	0	0	0	0
8IC2_EMD-35352_W	0	0	0	0
8IC2_EMD-35352_V	0	0	0	0
8IC2_EMD-35352_T	0	0	0	0
8IC2_EMD-35352_S	0	0	0	0
8IC2_EMD-35352_R	0	0	0	0
8IC2_EMD-35352_L	0	0	0	0
8IC2_EMD-35352_K	0	0	0	0
8IC2_EMD-35352_J	0	0	0	0
8IC2_EMD-35352_A	0	0	0	0
8JN3_EMD-36431_H	0	0	0	0
8JN3_EMD-36431_G	0	0	0	0
8JN3_EMD-36431_B	0	0	0	0
8JN3_EMD-36431_A	0	0	0	0
8JYS_EMD-36730_A	0	0	0	0
8PHU_EMD-17675_LN	0	0	0	0
8PHU_EMD-17675_J	0	0	0	0
8PHU_EMD-17675_E	0	0	0	0
8PHU_EMD-17675_D	0	0	0	0
8PHU_EMD-17675_C	0	0	0	0
8PHU_EMD-17675_A	0	0	0	0
8QPW_EMD-18564_G	0	0	0	0
8RQE_EMD-19439_AGA	0	0	0	0
8RQE_EMD-19439_BGA	0	0	0	0
8RQE_EMD-19439_JFA	0	0	0	0
8RQE_EMD-19439_DFA	0	0	0	0
8RQE_EMD-19439_G	0	0	0	0
8RQE_EMD-19439_A	0	0	0	0
8RTY_EMD-19499_G	0	0	0	0
8T4I_EMD-41032_C	0	0	0	0
8TO0_EMD-41431_A	0	0	0	0
8TO0_EMD-41431_B	0	0	0	0
8TO0_EMD-41431_D	0	0	0	0
8TO0_EMD-41431_E	0	0	0	0
8TO0_EMD-41431_Q	0	0	0	0
8TO0_EMD-41431_BA	0	0	0	0
8TO0_EMD-41431_BD	0	0	0	0
8TO0_EMD-41431_JJ	0	0	0	0
8TO0_EMD-41431_NB	0	0	0	0
8TO0_EMD-41431_CC	0	0	0	0
8TO0_EMD-41431_KC	0	0	0	0
8TO0_EMD-41431_KD	0	0	0	0
8TO0_EMD-41431_EE	0	0	0	0
8TO0_EMD-41431_DP	0	0	0	0
8TO0_EMD-41431_XF	0	0	0	0
8TO0_EMD-41431_DG	0	0	0	0
8TO0_EMD-41431_HH	0	0	0	0
8TO0_EMD-41431_LI	0	0	0	0
8TO0_EMD-41431_UI	0	0	0	0
8TO0_EMD-41431_AL	0	0	0	0
8TO0_EMD-41431_SP	0	0	0	0
8TO0_EMD-41431_AN	0	0	0	0
8TO0_EMD-41431_DN	0	0	0	0
8TO0_EMD-41431_IN	0	0	0	0
8TO0_EMD-41431_LN	0	0	0	0
8TO0_EMD-41431_AP	0	0	0	0
8TO0_EMD-41431_QQ	0	0	0	0
8TO0_EMD-41431_AQ	0	0	0	0
8TO0_EMD-41431_CQ	0	0	0	0
8TO0_EMD-41431_GQ	0	0	0	0
8TO0_EMD-41431_JQ	0	0	0	0
8TO0_EMD-41431_LQ	0	0	0	0
8TO0_EMD-41431_PQ	0	0	0	0
8TO0_EMD-41431_RQ	0	0	0	0
8TO0_EMD-41431_UQ	0	0	0	0
8TUW_EMD-41633_B	0	0	0	0
8UCR_EMD-42136_B	0	0	0	0
8UGR_EMD-42233_O	0	0	0	0
8UGR_EMD-42233_TB	0	0	0	0
8UGR_EMD-42233_H	0	0	0	0
8UGR_EMD-42233_CC	0	0	0	0
8UGR_EMD-42233_BC	0	0	0	0
8UGR_EMD-42233_AC	0	0	0	0
8UGR_EMD-42233_CF	0	0	0	0
8UGR_EMD-42233_BF	0	0	0	0
8UGR_EMD-42233_AF	0	0	0	0
8UGR_EMD-42233_WB	0	0	0	0
8UGR_EMD-42233_VB	0	0	0	0
8UGR_EMD-42233_UB	0	0	0	0
8UGR_EMD-42233_F	0	0	0	0
8UGR_EMD-42233_SB	0	0	0	0
8UGR_EMD-42233_RB	0	0	0	0
8UGR_EMD-42233_QB	0	0	0	0
8UGR_EMD-42233_PB	0	0	0	0
8UGR_EMD-42233_NB	0	0	0	0
8UGR_EMD-42233_CB	0	0	0	0
8UGR_EMD-42233_AB	0	0	0	0
8UGR_EMD-42233_CE	0	0	0	0
8UGR_EMD-42233_BE	0	0	0	0
8UGR_EMD-42233_FB	0	0	0	0
8UGR_EMD-42233_SA	0	0	0	0
8UGR_EMD-42233_RA	0	0	0	0
8UGR_EMD-42233_QA	0	0	0	0
8UGR_EMD-42233_PA	0	0	0	0
8UGR_EMD-42233_OA	0	0	0	0
8UGR_EMD-42233_D	0	0	0	0
8UGR_EMD-42233_NA	0	0	0	0
8UGR_EMD-42233_MA	0	0	0	0
8UGR_EMD-42233_LA	0	0	0	0
8UGR_EMD-42233_KA	0	0	0	0
8UGR_EMD-42233_JA	0	0	0	0
8UGR_EMD-42233_HA	0	0	0	0
8UGR_EMD-42233_GA	0	0	0	0
8UGR_EMD-42233_FA	0	0	0	0
8UGR_EMD-42233_EA	0	0	0	0
8UGR_EMD-42233_C	0	0	0	0
8UGR_EMD-42233_DA	0	0	0	0
8UGR_EMD-42233_CA	0	0	0	0
8UGR_EMD-42233_BA	0	0	0	0
8UGR_EMD-42233_AA	0	0	0	0
8UGR_EMD-42233_Z	0	0	0	0
8UGR_EMD-42233_Y	0	0	0	0
8UGR_EMD-42233_X	0	0	0	0
8UGR_EMD-42233_W	0	0	0	0
8UGR_EMD-42233_V	0	0	0	0
8UGR_EMD-42233_T	0	0	0	0
8UGR_EMD-42233_R	0	0	0	0
8UGR_EMD-42233_Q	0	0	0	0
8UGR_EMD-42233_P	0	0	0	0
8UGR_EMD-42233_N	0	0	0	0
8UGR_EMD-42233_M	0	0	0	0
8UGR_EMD-42233_L	0	0	0	0
8UGR_EMD-42233_A	0	0	0	0
8UOX_EMD-42439_C	0	0	0	0
8UOX_EMD-42439_B	0	0	0	0
8UOX_EMD-42439_A	0	0	0	0
8UPL_EMD-42451_D	0	0	0	0
8UPL_EMD-42451_C	0	0	0	0
8UPL_EMD-42451_B	0	0	0	0
8UPL_EMD-42451_A	0	0	0	0
8VKQ_EMD-43327_D	0	0	0	0
8VKQ_EMD-43327_B	0	0	0	0
8VKQ_EMD-43327_A	0	0	0	0
8VKR_EMD-43328_D	0	0	0	0
8VKR_EMD-43328_C	0	0	0	0
8VKR_EMD-43328_B	0	0	0	0
8VKR_EMD-43328_A	0	0	0	0
8VYW_EMD-43680_C	0	0	0	0
8WDC_EMD-37461_A	0	0	0	0
8WIW_EMD-37570_E	0	0	0	0
8WIW_EMD-37570_D	0	0	0	0
8WIW_EMD-37570_B	0	0	0	0
8WO5_EMD-37679_PB	0	0	0	0
8WO5_EMD-37679_OB	0	0	0	0
8WO5_EMD-37679_LB	0	0	0	0
8WO5_EMD-37679_AB	0	0	0	0
8WO5_EMD-37679_V	0	0	0	0
8WO5_EMD-37679_M	0	0	0	0
8WO5_EMD-37679_L	0	0	0	0
8WO5_EMD-37679_K	0	0	0	0
8WO5_EMD-37679_AK	0	0	0	0
8WO5_EMD-37679_BJ	0	0	0	0
8WO5_EMD-37679_AI	0	0	0	0
8WO5_EMD-37679_AH	0	0	0	0
8WO5_EMD-37679_AG	0	0	0	0
8WO5_EMD-37679_AC	0	0	0	0
8WO5_EMD-37679_A	0	0	0	0
8XOU_EMD-38541_M	0	0	0	0
8YJT_EMD-39349_D	0	0	0	0
8YJT_EMD-39349_B	0	0	0	0
8YJT_EMD-39349_A	0	0	0	0
8YMJ_EMD-39395_A	0	0	0	0
8Z93_EMD-39853_A	0	0	0	0
9AY5_EMD-43960_AC	0	0	0	0
9AY5_EMD-43960_KA	0	0	0	0
9AY5_EMD-43960_Y	0	0	0	0
9AY5_EMD-43960_S	0	0	0	0
9AY5_EMD-43960_M	0	0	0	0
9AY5_EMD-43960_G	0	0	0	0
9C9U_EMD-45371_C	0	0	0	0
9C9U_EMD-45371_B	0	0	0	0
9C9U_EMD-45371_A	0	0	0	0
9DOG_EMD-47083_C	0	0	0	0
9DOG_EMD-47083_A	0	0	0	0
9EUF_EMD-19968_S	0	0	0	0
9EUF_EMD-19968_P	0	0	0	0
9EUF_EMD-19968_EB	0	0	0	0
9EUF_EMD-19968_CA	0	0	0	0
9F5W_EMD-50201_E	0	0	0	0
9F62_EMD-50210_Q	0	0	0	0
9F62_EMD-50210_O	0	0	0	0
9F62_EMD-50210_CD	0	0	0	0
9F62_EMD-50210_BD	0	0	0	0
9F62_EMD-50210_M	0	0	0	0
9F62_EMD-50210_CH	0	0	0	0
9F62_EMD-50210_AH	0	0	0	0
9F62_EMD-50210_WC	0	0	0	0
9F62_EMD-50210_UC	0	0	0	0
9F62_EMD-50210_TC	0	0	0	0
9F62_EMD-50210_SC	0	0	0	0
9F62_EMD-50210_RC	0	0	0	0
9F62_EMD-50210_QC	0	0	0	0
9F62_EMD-50210_PC	0	0	0	0
9F62_EMD-50210_K	0	0	0	0
9F62_EMD-50210_OC	0	0	0	0
9F62_EMD-50210_NC	0	0	0	0
9F62_EMD-50210_MC	0	0	0	0
9F62_EMD-50210_LC	0	0	0	0
9F62_EMD-50210_KC	0	0	0	0
9F62_EMD-50210_JC	0	0	0	0
9F62_EMD-50210_IC	0	0	0	0
9F62_EMD-50210_HC	0	0	0	0
9F62_EMD-50210_GC	0	0	0	0
9F62_EMD-50210_I	0	0	0	0
9F62_EMD-50210_EC	0	0	0	0
9F62_EMD-50210_DC	0	0	0	0
9F62_EMD-50210_CC	0	0	0	0
9F62_EMD-50210_BC	0	0	0	0
9F62_EMD-50210_AC	0	0	0	0
9F62_EMD-50210_BG	0	0	0	0
9F62_EMD-50210_WB	0	0	0	0
9F62_EMD-50210_VB	0	0	0	0
9F62_EMD-50210_G	0	0	0	0
9F62_EMD-50210_UB	0	0	0	0
9F62_EMD-50210_TB	0	0	0	0
9F62_EMD-50210_SB	0	0	0	0
9F62_EMD-50210_RB	0	0	0	0
9F62_EMD-50210_QB	0	0	0	0
9F62_EMD-50210_OB	0	0	0	0
9F62_EMD-50210_NB	0	0	0	0
9F62_EMD-50210_MB	0	0	0	0
9F62_EMD-50210_E	0	0	0	0
9F62_EMD-50210_KB	0	0	0	0
9F62_EMD-50210_JB	0	0	0	0
9F62_EMD-50210_EB	0	0	0	0
9F62_EMD-50210_DB	0	0	0	0
9F62_EMD-50210_CB	0	0	0	0
9F62_EMD-50210_BB	0	0	0	0
9F62_EMD-50210_AB	0	0	0	0
9F62_EMD-50210_BA	0	0	0	0
9F62_EMD-50210_AA	0	0	0	0
9F62_EMD-50210_Y	0	0	0	0
9F62_EMD-50210_X	0	0	0	0
9F62_EMD-50210_W	0	0	0	0
9F62_EMD-50210_U	0	0	0	0
9F62_EMD-50210_R	0	0	0	0
9FNO_EMD-50600_C	0	0	0	0
9FQR_EMD-50664_VEB	0	0	0	0
9FQR_EMD-50664_CT	0	0	0	0
9FQR_EMD-50664_BT	0	0	0	0
9FQR_EMD-50664_AT	0	0	0	0
9FQR_EMD-50664_TS	0	0	0	0
9FQR_EMD-50664_SS	0	0	0	0
9FQR_EMD-50664_RS	0	0	0	0
9FQR_EMD-50664_LS	0	0	0	0
9FQR_EMD-50664_HS	0	0	0	0
9FQR_EMD-50664_GS	0	0	0	0
9FQR_EMD-50664_FS	0	0	0	0
9FQR_EMD-50664_DA	0	0	0	0
9FQR_EMD-50664_DS	0	0	0	0
9FQR_EMD-50664_CS	0	0	0	0
9FQR_EMD-50664_AS	0	0	0	0
9FQR_EMD-50664_CX	0	0	0	0
9FQR_EMD-50664_HR	0	0	0	0
9FQR_EMD-50664_GR	0	0	0	0
9FQR_EMD-50664_FR	0	0	0	0
9FQR_EMD-50664_ER	0	0	0	0
9FQR_EMD-50664_AR	0	0	0	0
9FQR_EMD-50664_LX	0	0	0	0
9FQR_EMD-50664_BY	0	0	0	0
9FQR_EMD-50664_XQ	0	0	0	0
9FQR_EMD-50664_TQ	0	0	0	0
9FQR_EMD-50664_RQ	0	0	0	0
9FQR_EMD-50664_PQ	0	0	0	0
9FQR_EMD-50664_GV	0	0	0	0
9FQR_EMD-50664_KQ	0	0	0	0
9FQR_EMD-50664_DX	0	0	0	0
9FQR_EMD-50664_IQ	0	0	0	0
9FQR_EMD-50664_HQ	0	0	0	0
9FQR_EMD-50664_GQ	0	0	0	0
9FQR_EMD-50664_BA	0	0	0	0
9FQR_EMD-50664_FQ	0	0	0	0
9FQR_EMD-50664_EQ	0	0	0	0
9FQR_EMD-50664_CQ	0	0	0	0
9FQR_EMD-50664_BQ	0	0	0	0
9FQR_EMD-50664_AQ	0	0	0	0
9FQR_EMD-50664_WO	0	0	0	0
9FQR_EMD-50664_BX	0	0	0	0
9FQR_EMD-50664_UO	0	0	0	0
9FQR_EMD-50664_AX	0	0	0	0
9FQR_EMD-50664_NQ	0	0	0	0
9FQR_EMD-50664_AA	0	0	0	0
9FQR_EMD-50664_OO	0	0	0	0
9FQR_EMD-50664_NO	0	0	0	0
9FQR_EMD-50664_JO	0	0	0	0
9FQR_EMD-50664_CO	0	0	0	0
9FQR_EMD-50664_PU	0	0	0	0
9FQR_EMD-50664_EZ	0	0	0	0
9FQR_EMD-50664_BR	0	0	0	0
9FQR_EMD-50664_VL	0	0	0	0
9FQR_EMD-50664_IL	0	0	0	0
9FQR_EMD-50664_BO	0	0	0	0
9FQR_EMD-50664_X	0	0	0	0
9FQR_EMD-50664_DM	0	0	0	0
9FQR_EMD-50664_JV	0	0	0	0
9FQR_EMD-50664_AO	0	0	0	0
9FQR_EMD-50664_HJ	0	0	0	0
9FQR_EMD-50664_EJ	0	0	0	0
9FQR_EMD-50664_AJ	0	0	0	0
9FQR_EMD-50664_ZI	0	0	0	0
9FQR_EMD-50664_VN	0	0	0	0
9FQR_EMD-50664_JL	0	0	0	0
9FQR_EMD-50664_LH	0	0	0	0
9FQR_EMD-50664_W	0	0	0	0
9FQR_EMD-50664_KH	0	0	0	0
9FQR_EMD-50664_HH	0	0	0	0
9FQR_EMD-50664_BM	0	0	0	0
9FQR_EMD-50664_GG	0	0	0	0
9FQR_EMD-50664_PE	0	0	0	0
9FQR_EMD-50664_AL	0	0	0	0
9FQR_EMD-50664_BF	0	0	0	0
9FQR_EMD-50664_GE	0	0	0	0
9FQR_EMD-50664_FE	0	0	0	0
9FQR_EMD-50664_DJ	0	0	0	0
9FQR_EMD-50664_V	0	0	0	0
9FQR_EMD-50664_RD	0	0	0	0
9FQR_EMD-50664_AF	0	0	0	0
9FQR_EMD-50664_LD	0	0	0	0
9FQR_EMD-50664_RJ	0	0	0	0
9FQR_EMD-50664_AG	0	0	0	0
9FQR_EMD-50664_MC	0	0	0	0
9FQR_EMD-50664_JE	0	0	0	0
9FQR_EMD-50664_CY	0	0	0	0
9FQR_EMD-50664_DC	0	0	0	0
9FQR_EMD-50664_AC	0	0	0	0
9FQR_EMD-50664_B	0	0	0	0
9FQR_EMD-50664_FT	0	0	0	0
9FQR_EMD-50664_OB	0	0	0	0
9FQR_EMD-50664_JB	0	0	0	0
9FQR_EMD-50664_WGB	0	0	0	0
9FQR_EMD-50664_AGB	0	0	0	0
9FQR_EMD-50664_LFB	0	0	0	0
9FQR_EMD-50664_JFB	0	0	0	0
9FQR_EMD-50664_IFB	0	0	0	0
9FQR_EMD-50664_GFB	0	0	0	0
9FQR_EMD-50664_IB	0	0	0	0
9FQR_EMD-50664_FFB	0	0	0	0
9FQR_EMD-50664_EFB	0	0	0	0
9FQR_EMD-50664_DFB	0	0	0	0
9FQR_EMD-50664_CFB	0	0	0	0
9FQR_EMD-50664_BFB	0	0	0	0
9FQR_EMD-50664_AFB	0	0	0	0
9FQR_EMD-50664_YEB	0	0	0	0
9FQR_EMD-50664_XEB	0	0	0	0
9FQR_EMD-50664_WEB	0	0	0	0
9FQR_EMD-50664_DB	0	0	0	0
9FQR_EMD-50664_UEB	0	0	0	0
9FQR_EMD-50664_TEB	0	0	0	0
9FQR_EMD-50664_SEB	0	0	0	0
9FQR_EMD-50664_REB	0	0	0	0
9FQR_EMD-50664_QEB	0	0	0	0
9FQR_EMD-50664_OEB	0	0	0	0
9FQR_EMD-50664_AEB	0	0	0	0
9FQR_EMD-50664_FDB	0	0	0	0
9FQR_EMD-50664_SGB	0	0	0	0
9FQR_EMD-50664_SOA	0	0	0	0
9FQR_EMD-50664_AB	0	0	0	0
9FQR_EMD-50664_ROA	0	0	0	0
9FQR_EMD-50664_QOA	0	0	0	0
9FQR_EMD-50664_OOA	0	0	0	0
9FQR_EMD-50664_NOA	0	0	0	0
9FQR_EMD-50664_MOA	0	0	0	0
9FQR_EMD-50664_JOA	0	0	0	0
9FQR_EMD-50664_IMA	0	0	0	0
9FQR_EMD-50664_SLA	0	0	0	0
9FQR_EMD-50664_FLA	0	0	0	0
9FQR_EMD-50664_KJA	0	0	0	0
9FQR_EMD-50664_AN	0	0	0	0
9FQR_EMD-50664_JJA	0	0	0	0
9FQR_EMD-50664_IJA	0	0	0	0
9FQR_EMD-50664_HJA	0	0	0	0
9FQR_EMD-50664_BHA	0	0	0	0
9FQR_EMD-50664_UDA	0	0	0	0
9FQR_EMD-50664_CDA	0	0	0	0
9FQR_EMD-50664_JAA	0	0	0	0
9FQR_EMD-50664_ZZ	0	0	0	0
9FQR_EMD-50664_YZ	0	0	0	0
9FQR_EMD-50664_TZ	0	0	0	0
9FQR_EMD-50664_AK	0	0	0	0
9FQR_EMD-50664_AY	0	0	0	0
9FQR_EMD-50664_ZX	0	0	0	0
9FQR_EMD-50664_OX	0	0	0	0
9FQR_EMD-50664_OV	0	0	0	0
9FQR_EMD-50664_LV	0	0	0	0
9FQR_EMD-50664_KV	0	0	0	0
9FQR_EMD-50664_HV	0	0	0	0
9FQR_EMD-50664_EV	0	0	0	0
9FQR_EMD-50664_CV	0	0	0	0
9FQR_EMD-50664_AV	0	0	0	0
9FQR_EMD-50664_CF	0	0	0	0
9FQR_EMD-50664_ZU	0	0	0	0
9FQR_EMD-50664_YU	0	0	0	0
9FQR_EMD-50664_XU	0	0	0	0
9FQR_EMD-50664_QU	0	0	0	0
9FQR_EMD-50664_NU	0	0	0	0
9FQR_EMD-50664_LU	0	0	0	0
9FQR_EMD-50664_DZ	0	0	0	0
9FQR_EMD-50664_KT	0	0	0	0
9FQR_EMD-50664_JT	0	0	0	0
9FQR_EMD-50664_DT	0	0	0	0
9FQR_EMD-50664_AH	0	0	0	0
9FQR_EMD-50664_A	0	0	0	0
9HMF_EMD-16724_Q	0	0	0	0
9HMF_EMD-16724_N	0	0	0	0
9HMF_EMD-16724_G	0	0	0	0
9HMF_EMD-16724_F	0	0	0	0
9HMF_EMD-16724_E	0	0	0	0
9HMF_EMD-16724_A	0	0	0	0
9IJJ_EMD-60633_Y	0	0	0	0
9IJJ_EMD-60633_W	0	0	0	0
9IJJ_EMD-60633_T	0	0	0	0
9IJJ_EMD-60633_R	0	0	0	0
9IJJ_EMD-60633_O	0	0	0	0
9IJJ_EMD-60633_VQ	0	0	0	0
9IJJ_EMD-60633_UQ	0	0	0	0
9IJJ_EMD-60633_RQ	0	0	0	0
9IJJ_EMD-60633_IQ	0	0	0	0
9IJJ_EMD-60633_LP	0	0	0	0
9IJJ_EMD-60633_KP	0	0	0	0
9IJJ_EMD-60633_J	0	0	0	0
9IJJ_EMD-60633_IP	0	0	0	0
9IJJ_EMD-60633_CP	0	0	0	0
9IJJ_EMD-60633_BP	0	0	0	0
9IJJ_EMD-60633_AP	0	0	0	0
9IJJ_EMD-60633_SO	0	0	0	0
9IJJ_EMD-60633_NO	0	0	0	0
9IJJ_EMD-60633_LO	0	0	0	0
9IJJ_EMD-60633_G	0	0	0	0
9IJJ_EMD-60633_CO	0	0	0	0
9IJJ_EMD-60633_AO	0	0	0	0
9IJJ_EMD-60633_MN	0	0	0	0
9IJJ_EMD-60633_FN	0	0	0	0
9IJJ_EMD-60633_AN	0	0	0	0
9IJJ_EMD-60633_AM	0	0	0	0
9IJJ_EMD-60633_NN	0	0	0	0
9IJJ_EMD-60633_B	0	0	0	0
9IJJ_EMD-60633_AL	0	0	0	0
9IJJ_EMD-60633_AB	0	0	0	0
9IJJ_EMD-60633_AD	0	0	0	0
9IJJ_EMD-60633_TA	0	0	0	0
9IJJ_EMD-60633_JA	0	0	0	0
9IJJ_EMD-60633_HA	0	0	0	0
9IJJ_EMD-60633_GA	0	0	0	0
9IJJ_EMD-60633_FA	0	0	0	0
9IJJ_EMD-60633_DA	0	0	0	0
9IJJ_EMD-60633_BA	0	0	0	0
9IJJ_EMD-60633_A	0	0	0	0
9JS6_EMD-61767_H	0	0	0	0
9JS6_EMD-61767_G	0	0	0	0
9JS6_EMD-61767_B	0	0	0	0
9JS6_EMD-61767_A	0	0	0	0
9NH0_EMD-49398_BE	0	0	0	0
9NH0_EMD-49398_ED	0	0	0	0
9NH0_EMD-49398_F	0	0	0	0
9NH0_EMD-49398_E	0	0	0	0
9NH0_EMD-49398_D	0	0	0	0
9NH0_EMD-49398_C	0	0	0	0
9NH0_EMD-49398_B	0	0	0	0
9NH0_EMD-49398_A	0	0	0	0
9NTM_EMD-49760_G	0	0	0	0
9NTM_EMD-49760_A	0	0	0	0
