mmseqs_rep	chosen_rep	beta_strands
6K4M_EMD-9915_A	6K4M_EMD-9915_A	0
6KN7_EMD-0728_T	6KN7_EMD-0728_T	0
6KN8_EMD-0729_R	6KN8_EMD-0729_R	0
6KN8_EMD-0729_U	6KN8_EMD-0729_U	0
6L62_EMD-0838_A	6L62_EMD-0838_A	15
6L62_EMD-0838_B	6L62_EMD-0838_B	0
6L62_EMD-0838_C	6L62_EMD-0838_C	0
6L6Z_EMD-0840_A	6L6Z_EMD-0840_A	30
6LGN_EMD-0881_B	6LGN_EMD-0881_B	53
6LGN_EMD-0881_EA	6LGN_EMD-0881_EA	0
6LK8_EMD-0909_D	6LK8_EMD-0909_D	32
6LK8_EMD-0909_H	6LK8_EMD-0909_H	27
6LK8_EMD-0909_K	6LK8_EMD-0909_K	0
6LNT_EMD-0932_A	6LNT_EMD-0932_A	0
6LNT_EMD-0932_G	6LNT_EMD-0932_G	0
6LNT_EMD-0932_H	6LNT_EMD-0932_H	0
6LNT_EMD-0932_I	6LNT_EMD-0932_I	0
6LQI_EMD-0946_A	6LQI_EMD-0946_A	18
6LT4_EMD-0967_A	6LT4_EMD-0967_A	19
6M1D_EMD-30041_A	6M1D_EMD-30041_A	4
6M5V_EMD-30094_A	6M5V_EMD-30094_A	21
6M5V_EMD-30094_B	6M5V_EMD-30094_B	6
6M5V_EMD-30094_C	6M5V_EMD-30094_C	0
6M6H_EMD-30124_A	6M6H_EMD-30124_A	58
6M6H_EMD-30124_G	6M6H_EMD-30124_G	27
6M6H_EMD-30124_H	6M6H_EMD-30124_H	4
6M6H_EMD-30124_J	6M6H_EMD-30124_J	0
6M6H_EMD-30124_P	6M6H_EMD-30124_P	0
6M6H_EMD-30124_R	6M6H_EMD-30124_R	16
6M6H_EMD-30124_T	6M6H_EMD-30124_T	19
6M6Z_EMD-30126_A	6M6Z_EMD-30126_A	0
6PSN_EMD-20459_A	6PSN_EMD-20459_A	39
6PSN_EMD-20459_H	6PSN_EMD-20459_H	0
6PV6_EMD-20486_A	6PV6_EMD-20486_A	9
6PV6_EMD-20486_E	6PV6_EMD-20486_E	119
6Q7M_EMD-4470_A	6Q7M_EMD-4470_A	33
6ROW_EMD-4975_A	6ROW_EMD-4975_A	8
6ROW_EMD-4975_E	6ROW_EMD-4975_E	24
6ROW_EMD-4975_G	6ROW_EMD-4975_G	7
6RRT_EMD-4990_A	6RRT_EMD-4990_A	6
6RWY_EMD-10046_BA	6RWY_EMD-10046_BA	0
6RWY_EMD-10046_CA	6RWY_EMD-10046_CA	0
6RWY_EMD-10046_L	6RWY_EMD-10046_L	0
6RWY_EMD-10046_W	6RWY_EMD-10046_W	0
6S2F_EMD-10089_A	6S2F_EMD-10089_A	45
6S2F_EMD-10089_B	6S2F_EMD-10089_B	17
6S2F_EMD-10089_C	6S2F_EMD-10089_C	0
6S2F_EMD-10089_D	6S2F_EMD-10089_D	9
6SB5_EMD-10135_A	6SB5_EMD-10135_A	31
6SH5_EMD-10194_A	6SH5_EMD-10194_A	14
6SMX_EMD-10247_C	6SMX_EMD-10247_C	0
6SO3_EMD-7029_A	6SO3_EMD-7029_A	22
6SO3_EMD-7029_B	6SO3_EMD-7029_B	27
6SO3_EMD-7029_C	6SO3_EMD-7029_C	4
6SZA_EMD-10351_A	6SZA_EMD-10351_A	24
6T6V_EMD-10387_A	6T6V_EMD-10387_A	7
6T7S_EMD-10371_A	6T7S_EMD-10371_A	0
6TA4_EMD-10422_C	6TA4_EMD-10422_C	0
6TBA_EMD-10443_A	6TBA_EMD-10443_A	0
6TBA_EMD-10443_AC	6TBA_EMD-10443_AC	0
6TBA_EMD-10443_AI	6TBA_EMD-10443_AI	0
6TBA_EMD-10443_AJ	6TBA_EMD-10443_AJ	0
6TBA_EMD-10443_AK	6TBA_EMD-10443_AK	0
6TBA_EMD-10443_BH	6TBA_EMD-10443_BH	0
6TBA_EMD-10443_BI	6TBA_EMD-10443_BI	0
6TBA_EMD-10443_BJ	6TBA_EMD-10443_BJ	0
6TBA_EMD-10443_KJ	6TBA_EMD-10443_KJ	0
6TBA_EMD-10443_LJ	6TBA_EMD-10443_LJ	0
6TBA_EMD-10443_MJ	6TBA_EMD-10443_MJ	0
6TML_EMD-10525_A	6TML_EMD-10525_A	0
6TML_EMD-10525_AB	6TML_EMD-10525_AB	1
6TML_EMD-10525_AC	6TML_EMD-10525_AC	1
6TML_EMD-10525_AF	6TML_EMD-10525_AF	0
6TML_EMD-10525_AI	6TML_EMD-10525_AI	1
6TML_EMD-10525_B	6TML_EMD-10525_B	0
6TML_EMD-10525_BC	6TML_EMD-10525_BC	0
6TML_EMD-10525_C	6TML_EMD-10525_C	0
6TML_EMD-10525_D	6TML_EMD-10525_D	0
6TML_EMD-10525_DI	6TML_EMD-10525_DI	0
6TML_EMD-10525_E	6TML_EMD-10525_E	0
6TML_EMD-10525_EF	6TML_EMD-10525_EF	0
6TML_EMD-10525_F	6TML_EMD-10525_F	0
6TML_EMD-10525_G	6TML_EMD-10525_G	0
6TML_EMD-10525_H	6TML_EMD-10525_H	0
6TML_EMD-10525_I	6TML_EMD-10525_I	0
6TML_EMD-10525_IE	6TML_EMD-10525_IE	0
6TML_EMD-10525_J	6TML_EMD-10525_J	0
6TML_EMD-10525_K	6TML_EMD-10525_K	0
6TML_EMD-10525_L	6TML_EMD-10525_L	0
6TML_EMD-10525_M	6TML_EMD-10525_M	0
6TML_EMD-10525_N	6TML_EMD-10525_N	0
6TML_EMD-10525_O	6TML_EMD-10525_O	0
6TML_EMD-10525_P	6TML_EMD-10525_P	0
6TML_EMD-10525_Q	6TML_EMD-10525_Q	0
6TML_EMD-10525_R	6TML_EMD-10525_R	0
6TML_EMD-10525_S	6TML_EMD-10525_S	0
6TML_EMD-10525_T	6TML_EMD-10525_T	0
6TML_EMD-10525_U	6TML_EMD-10525_U	0
6TML_EMD-10525_V	6TML_EMD-10525_V	0
6TML_EMD-10525_W	6TML_EMD-10525_W	0
6TML_EMD-10525_X	6TML_EMD-10525_X	0
6TMX_EMD-10530_A	6TMX_EMD-10530_A	26
6TY4_EMD-10616_A	6TY4_EMD-10616_A	29
6TZ9_EMD-20590_A	6TZ9_EMD-20590_A	0
6TZA_EMD-20591_A	6TZA_EMD-20591_A	0
6U1S_EMD-20613_A	6U1S_EMD-20613_A	0
6UC0_EMD-20724_H	6UC0_EMD-20724_H	0
6UVT_EMD-20916_A	6UVT_EMD-20916_A	3
6UX7_EMD-20930_A	6UX7_EMD-20930_A	12
6UXV_EMD-20933_A	6UXV_EMD-20933_A	0
6UXV_EMD-20933_B	6UXV_EMD-20933_B	4
6UXV_EMD-20933_C	6UXV_EMD-20933_C	8
6UXV_EMD-20933_D	6UXV_EMD-20933_D	1
6UXV_EMD-20933_H	6UXV_EMD-20933_H	3
6UXV_EMD-20933_I	6UXV_EMD-20933_I	0
6UZC_EMD-20956_EA	6UZC_EMD-20956_EA	0
6V86_EMD-21096_A	6V86_EMD-21096_A	33
6V86_EMD-21096_B	6V86_EMD-21096_B	0
6V9I_EMD-21121_A	6V9I_EMD-21121_A	0
6V9I_EMD-21121_B	6V9I_EMD-21121_B	0
6VAC_EMD-21136_B	6VAC_EMD-21136_B	31
6VE4_EMD-21154_A	6VE4_EMD-21154_A	14
6VEJ_EMD-21363_A	6VEJ_EMD-21363_A	37
6VEJ_EMD-21363_D	6VEJ_EMD-21363_D	0
6VFI_EMD-21173_A	6VFI_EMD-21173_A	0
6VFI_EMD-21173_B	6VFI_EMD-21173_B	0
6VFJ_EMD-21174_A	6VFJ_EMD-21174_A	7
6VFJ_EMD-21174_B	6VFJ_EMD-21174_B	0
6VL6_EMD-21231_A	6VL6_EMD-21231_A	0
6VL6_EMD-21231_B	6VL6_EMD-21231_B	0
6VM1_EMD-21235_G	6VM1_EMD-21235_G	0
6VM1_EMD-21235_H	6VM1_EMD-21235_H	0
6VM1_EMD-21235_I	6VM1_EMD-21235_I	0
6VM1_EMD-21235_K	6VM1_EMD-21235_K	0
6VM1_EMD-21235_M	6VM1_EMD-21235_M	0
6VMD_EMD-21240_G	6VMD_EMD-21240_G	0
6VMD_EMD-21240_I	6VMD_EMD-21240_I	0
6VMG_EMD-21241_H	6VMG_EMD-21241_H	0
6VMG_EMD-21241_I	6VMG_EMD-21241_I	0
6VQK_EMD-21353_A	6VQK_EMD-21353_A	0
6VQK_EMD-21353_B	6VQK_EMD-21353_B	0
6VQK_EMD-21353_E	6VQK_EMD-21353_E	0
6VQK_EMD-21353_H	6VQK_EMD-21353_H	0
6VY0_EMD-21454_A	6VY0_EMD-21454_A	8
6VY1_EMD-21455_A	6VY1_EMD-21455_A	4
6VYV_EMD-21473_A	6VYV_EMD-21473_A	30
6VYV_EMD-21473_E	6VYV_EMD-21473_E	34
6VYV_EMD-21473_I	6VYV_EMD-21473_I	26
6W09_EMD-21496_J	6W09_EMD-21496_J	22
6W09_EMD-21496_Q	6W09_EMD-21496_Q	2
6W0K_EMD-21497_A	6W0K_EMD-21497_A	0
6W19_EMD-21504_A	6W19_EMD-21504_A	61
6W19_EMD-21504_GA	6W19_EMD-21504_GA	0
6W19_EMD-21504_MA	6W19_EMD-21504_MA	0
6W19_EMD-21504_Q	6W19_EMD-21504_Q	0
6W2U_EMD-21532_A	6W2U_EMD-21532_A	33
6W2U_EMD-21532_E	6W2U_EMD-21532_E	33
6W4O_EMD-21535_M	6W4O_EMD-21535_M	6
6WBL_EMD-21592_A	6WBL_EMD-21592_A	4
6WC7_EMD-21602_A	6WC7_EMD-21602_A	2
6WC7_EMD-21602_B	6WC7_EMD-21602_B	0
6WCJ_EMD-21611_A	6WCJ_EMD-21611_A	0
6WCJ_EMD-21611_B	6WCJ_EMD-21611_B	0
6WGF_EMD-21664_A	6WGF_EMD-21664_A	0
6WGF_EMD-21664_B	6WGF_EMD-21664_B	0
6WGF_EMD-21664_C	6WGF_EMD-21664_C	0
6WGF_EMD-21664_D	6WGF_EMD-21664_D	0
6WGF_EMD-21664_E	6WGF_EMD-21664_E	0
6WGF_EMD-21664_F	6WGF_EMD-21664_F	0
6WJD_EMD-21691_B	6WJD_EMD-21691_B	17
6WJD_EMD-21691_D	6WJD_EMD-21691_D	10
6WJD_EMD-21691_E	6WJD_EMD-21691_E	10
6WJD_EMD-21691_F	6WJD_EMD-21691_F	15
6WJD_EMD-21691_H	6WJD_EMD-21691_H	14
6WJD_EMD-21691_J	6WJD_EMD-21691_J	14
6WJD_EMD-21691_K	6WJD_EMD-21691_K	11
6WJD_EMD-21691_L	6WJD_EMD-21691_L	10
6WJD_EMD-21691_M	6WJD_EMD-21691_M	11
6WJF_EMD-21692_A	6WJF_EMD-21692_A	10
6WJG_EMD-21693_C	6WJG_EMD-21693_C	10
6WJN_EMD-21696_H	6WJN_EMD-21696_H	11
6WJN_EMD-21696_J	6WJN_EMD-21696_J	10
6WJN_EMD-21696_T	6WJN_EMD-21696_T	14
6WJN_EMD-21696_W	6WJN_EMD-21696_W	4
6WKK_EMD-21695_A	6WKK_EMD-21695_A	15
6WKK_EMD-21695_G	6WKK_EMD-21695_G	12
6WOV_EMD-21862_A	6WOV_EMD-21862_A	93
6X0V_EMD-21985_A	6X0V_EMD-21985_A	0
6X34_EMD-22017_B	6X34_EMD-22017_B	115
6X36_EMD-22019_B	6X36_EMD-22019_B	102
6XE6_EMD-22144_A	6XE6_EMD-22144_A	8
6XF8_EMD-22166_F	6XF8_EMD-22166_F	32
6XJX_EMD-22216_A	6XJX_EMD-22216_A	0
6XJX_EMD-22216_B	6XJX_EMD-22216_B	2
6XJX_EMD-22216_I	6XJX_EMD-22216_I	0
6XJX_EMD-22216_J	6XJX_EMD-22216_J	0
6XKW_EMD-22227_A	6XKW_EMD-22227_A	0
6XKW_EMD-22227_B	6XKW_EMD-22227_B	0
6XKW_EMD-22227_C	6XKW_EMD-22227_C	0
6XKW_EMD-22227_D	6XKW_EMD-22227_D	9
6XKW_EMD-22227_E	6XKW_EMD-22227_E	10
6XKW_EMD-22227_F	6XKW_EMD-22227_F	0
6XKW_EMD-22227_G	6XKW_EMD-22227_G	0
6XKW_EMD-22227_H	6XKW_EMD-22227_H	0
6XKZ_EMD-22230_I	6XKZ_EMD-22230_I	0
6XOW_EMD-22282_A	6XOW_EMD-22282_A	35
6XPF_EMD-22287_A	6XPF_EMD-22287_A	4
6XRE_EMD-22294_A	6XRE_EMD-22294_A	52
6XRE_EMD-22294_B	6XRE_EMD-22294_B	61
6XRE_EMD-22294_C	6XRE_EMD-22294_C	12
6XRE_EMD-22294_D	6XRE_EMD-22294_D	3
6XRE_EMD-22294_E	6XRE_EMD-22294_E	13
6XRE_EMD-22294_F	6XRE_EMD-22294_F	4
6XRE_EMD-22294_G	6XRE_EMD-22294_G	16
6XRE_EMD-22294_H	6XRE_EMD-22294_H	12
6XRE_EMD-22294_I	6XRE_EMD-22294_I	8
6XRE_EMD-22294_J	6XRE_EMD-22294_J	0
6XRE_EMD-22294_K	6XRE_EMD-22294_K	4
6XRE_EMD-22294_L	6XRE_EMD-22294_L	2
6XRE_EMD-22294_M	6XRE_EMD-22294_M	10
6XTY_EMD-10621_A	6XTY_EMD-10621_A	7
6XTY_EMD-10621_B	6XTY_EMD-10621_B	7
6XTY_EMD-10621_C	6XTY_EMD-10621_C	3
6XTY_EMD-10621_D	6XTY_EMD-10621_D	5
6XTY_EMD-10621_E	6XTY_EMD-10621_E	22
6XTY_EMD-10621_F	6XTY_EMD-10621_F	25
6XTY_EMD-10621_G	6XTY_EMD-10621_G	25
6XTY_EMD-10621_H	6XTY_EMD-10621_H	25
6XTY_EMD-10621_I	6XTY_EMD-10621_I	0
6XTY_EMD-10621_J	6XTY_EMD-10621_J	0
6XTY_EMD-10621_K	6XTY_EMD-10621_K	0
6XTY_EMD-10621_L	6XTY_EMD-10621_L	0
6Y92_EMD-10732_A	6Y92_EMD-10732_A	2
6Y92_EMD-10732_B	6Y92_EMD-10732_B	2
6Y92_EMD-10732_C	6Y92_EMD-10732_C	17
6YBT_EMD-10773_A	6YBT_EMD-10773_A	0
6YBT_EMD-10773_B	6YBT_EMD-10773_B	0
6YBT_EMD-10773_C	6YBT_EMD-10773_C	0
6YRG_EMD-10889_A	6YRG_EMD-10889_A	43
6YTX_EMD-10925_A	6YTX_EMD-10925_A	0
6YVD_EMD-10944_B	6YVD_EMD-10944_B	7
6YVU_EMD-10951_A	6YVU_EMD-10951_A	22
6YVV_EMD-10952_B	6YVV_EMD-10952_B	18
6YVV_EMD-10952_C	6YVV_EMD-10952_C	4
6YVV_EMD-10952_D	6YVV_EMD-10952_D	0
6YW7_EMD-10960_A	6YW7_EMD-10960_A	0
6YW7_EMD-10960_B	6YW7_EMD-10960_B	0
6YW7_EMD-10960_C	6YW7_EMD-10960_C	0
6YW7_EMD-10960_D	6YW7_EMD-10960_D	0
6YW7_EMD-10960_E	6YW7_EMD-10960_E	0
6YW7_EMD-10960_F	6YW7_EMD-10960_F	0
6YW7_EMD-10960_G	6YW7_EMD-10960_G	0
6Z05_EMD-11003_A	6Z05_EMD-11003_A	29
6Z12_EMD-4460_A	6Z12_EMD-4460_A	33
6Z2K_EMD-11042_A	6Z2K_EMD-11042_A	0
6Z2K_EMD-11042_E	6Z2K_EMD-11042_E	14
6Z2K_EMD-11042_I	6Z2K_EMD-11042_I	16
6Z3W_EMD-11058_B	6Z3W_EMD-11058_B	0
6Z3W_EMD-11058_C	6Z3W_EMD-11058_C	0
6Z3W_EMD-11058_D	6Z3W_EMD-11058_D	0
6Z3W_EMD-11058_E	6Z3W_EMD-11058_E	0
6Z3W_EMD-11058_F	6Z3W_EMD-11058_F	0
6Z3W_EMD-11058_G	6Z3W_EMD-11058_G	6
6Z3W_EMD-11058_H	6Z3W_EMD-11058_H	7
6Z3W_EMD-11058_I	6Z3W_EMD-11058_I	11
6Z47_EMD-11069_A	6Z47_EMD-11069_A	24
6Z47_EMD-11069_C	6Z47_EMD-11069_C	4
6Z47_EMD-11069_E	6Z47_EMD-11069_E	5
6Z5J_EMD-11078_A	6Z5J_EMD-11078_A	0
6ZD0_EMD-11172_A	6ZD0_EMD-11172_A	27
6ZD0_EMD-11172_B	6ZD0_EMD-11172_B	6
6ZDG_EMD-11173_B	6ZDG_EMD-11173_B	21
6ZDJ_EMD-11176_G	6ZDJ_EMD-11176_G	2
6ZG0_EMD-11190_A	6ZG0_EMD-11190_A	0
6ZGA_EMD-11199_A	6ZGA_EMD-11199_A	38
6ZGA_EMD-11199_B	6ZGA_EMD-11199_B	37
6ZGA_EMD-11199_D	6ZGA_EMD-11199_D	0
6ZGA_EMD-11199_G	6ZGA_EMD-11199_G	8
6ZIU_EMD-11230_A	6ZIU_EMD-11230_A	0
6ZIU_EMD-11230_B	6ZIU_EMD-11230_B	0
6ZIU_EMD-11230_C	6ZIU_EMD-11230_C	7
6ZIU_EMD-11230_G	6ZIU_EMD-11230_G	0
6ZIU_EMD-11230_I	6ZIU_EMD-11230_I	0
6ZIU_EMD-11230_J	6ZIU_EMD-11230_J	0
6ZIU_EMD-11230_K	6ZIU_EMD-11230_K	0
6ZJN_EMD-11237_D	6ZJN_EMD-11237_D	0
6ZJN_EMD-11237_E	6ZJN_EMD-11237_E	0
6ZJN_EMD-11237_F	6ZJN_EMD-11237_F	0
6ZJN_EMD-11237_G	6ZJN_EMD-11237_G	0
6ZJN_EMD-11237_H	6ZJN_EMD-11237_H	4
6ZJN_EMD-11237_I	6ZJN_EMD-11237_I	0
6ZJY_EMD-11238_A	6ZJY_EMD-11238_A	0
6ZJY_EMD-11238_B	6ZJY_EMD-11238_B	0
6ZJY_EMD-11238_C	6ZJY_EMD-11238_C	0
6ZJY_EMD-11238_J	6ZJY_EMD-11238_J	2
6ZJY_EMD-11238_K	6ZJY_EMD-11238_K	0
6ZJY_EMD-11238_L	6ZJY_EMD-11238_L	5
6ZJY_EMD-11238_M	6ZJY_EMD-11238_M	9
6ZJY_EMD-11238_N	6ZJY_EMD-11238_N	6
6ZJY_EMD-11238_O	6ZJY_EMD-11238_O	0
6ZM1_EMD-11277_A	6ZM1_EMD-11277_A	17
6ZM1_EMD-11277_B	6ZM1_EMD-11277_B	79
6ZNA_EMD-0667_A	6ZNA_EMD-0667_A	0
6ZNA_EMD-0667_B	6ZNA_EMD-0667_B	0
6ZNA_EMD-0667_J	6ZNA_EMD-0667_J	0
6ZNA_EMD-0667_K	6ZNA_EMD-0667_K	0
6ZNA_EMD-0667_L	6ZNA_EMD-0667_L	0
6ZNA_EMD-0667_M	6ZNA_EMD-0667_M	0
6ZNA_EMD-0667_N	6ZNA_EMD-0667_N	0
6ZNA_EMD-0667_O	6ZNA_EMD-0667_O	0
6ZNA_EMD-0667_P	6ZNA_EMD-0667_P	0
6ZNA_EMD-0667_Q	6ZNA_EMD-0667_Q	0
6ZNN_EMD-11318_A	6ZNN_EMD-11318_A	0
6ZQW_EMD-11372_A	6ZQW_EMD-11372_A	35
6ZQW_EMD-11372_B	6ZQW_EMD-11372_B	7
6ZTY_EMD-22164_A	6ZTY_EMD-22164_A	0
6ZTZ_EMD-22166_B	6ZTZ_EMD-22166_B	34
6ZTZ_EMD-22166_G	6ZTZ_EMD-22166_G	0
6ZTZ_EMD-22166_I	6ZTZ_EMD-22166_I	0
6ZVS_EMD-11469_A	6ZVS_EMD-11469_A	0
7A4I_EMD-11634_A	7A4I_EMD-11634_A	0
7A96_EMD-11686_D	7A96_EMD-11686_D	8
7AL3_EMD-11815_A	7AL3_EMD-11815_A	17
7AL3_EMD-11815_B	7AL3_EMD-11815_B	13
7AL3_EMD-11815_C	7AL3_EMD-11815_C	21
7AO9_EMD-11838_A	7AO9_EMD-11838_A	1
7AO9_EMD-11838_B	7AO9_EMD-11838_B	16
7AOD_EMD-11841_A	7AOD_EMD-11841_A	57
7AOD_EMD-11841_B	7AOD_EMD-11841_B	69
7AOD_EMD-11841_C	7AOD_EMD-11841_C	16
7AOD_EMD-11841_D	7AOD_EMD-11841_D	0
7AOD_EMD-11841_E	7AOD_EMD-11841_E	11
7AOD_EMD-11841_F	7AOD_EMD-11841_F	2
7AOD_EMD-11841_G	7AOD_EMD-11841_G	14
7AOD_EMD-11841_H	7AOD_EMD-11841_H	15
7AOD_EMD-11841_I	7AOD_EMD-11841_I	5
7AOD_EMD-11841_J	7AOD_EMD-11841_J	1
7AOD_EMD-11841_K	7AOD_EMD-11841_K	6
7AOD_EMD-11841_L	7AOD_EMD-11841_L	6
7AQO_EMD-11871_A	7AQO_EMD-11871_A	12
7AQO_EMD-11871_B	7AQO_EMD-11871_B	0
7AQO_EMD-11871_C	7AQO_EMD-11871_C	1
7AQO_EMD-11871_D	7AQO_EMD-11871_D	0
7AQO_EMD-11871_I	7AQO_EMD-11871_I	0
7AQO_EMD-11871_J	7AQO_EMD-11871_J	1
7ATA_EMD-11911_B	7ATA_EMD-11911_B	0
7B4M_EMD-12003_A	7B4M_EMD-12003_A	0
7B6E_EMD-12053_A	7B6E_EMD-12053_A	0
7B6H_EMD-12054_A	7B6H_EMD-12054_A	9
7B6R_EMD-12056_C	7B6R_EMD-12056_C	4
7B6R_EMD-12056_D	7B6R_EMD-12056_D	4
7B6R_EMD-12056_E	7B6R_EMD-12056_E	5
7B6R_EMD-12056_F	7B6R_EMD-12056_F	16
7B6R_EMD-12056_G	7B6R_EMD-12056_G	6
7B6R_EMD-12056_H	7B6R_EMD-12056_H	4
7B6R_EMD-12056_J	7B6R_EMD-12056_J	6
7BGJ_EMD-12181_A	7BGJ_EMD-12181_A	11
7BP0_EMD-30138_A	7BP0_EMD-30138_A	0
7BQT_EMD-30155_A	7BQT_EMD-30155_A	14
7BTR_EMD-30183_A	7BTR_EMD-30183_A	11
7BTR_EMD-30183_B	7BTR_EMD-30183_B	6
7BTR_EMD-30183_C	7BTR_EMD-30183_C	20
7BTR_EMD-30183_D	7BTR_EMD-30183_D	9
7BUA_EMD-30193_G	7BUA_EMD-30193_G	10
7BUA_EMD-30193_H	7BUA_EMD-30193_H	10
7BUE_EMD-30196_C	7BUE_EMD-30196_C	0
7BWA_EMD-30231_C	7BWA_EMD-30231_C	53
7BZW_EMD-30261_A	7BZW_EMD-30261_A	2
7CA5_EMD-30324_A	7CA5_EMD-30324_A	20
7CA5_EMD-30324_B	7CA5_EMD-30324_B	22
7CCS_EMD-30341_A	7CCS_EMD-30341_A	20
7CCS_EMD-30341_B	7CCS_EMD-30341_B	6
7CG3_EMD-30349_A	7CG3_EMD-30349_A	17
7CTF_EMD-30463_A	7CTF_EMD-30463_A	3
7CTF_EMD-30463_B	7CTF_EMD-30463_B	9
7CTG_EMD-30464_C	7CTG_EMD-30464_C	12
7CTG_EMD-30464_D	7CTG_EMD-30464_D	8
7CTG_EMD-30464_E	7CTG_EMD-30464_E	7
7CVY_EMD-30476_A	7CVY_EMD-30476_A	0
7CVY_EMD-30476_C	7CVY_EMD-30476_C	0
7CVY_EMD-30476_E	7CVY_EMD-30476_E	0
7CVZ_EMD-30477_A	7CVZ_EMD-30477_A	0
7CVZ_EMD-30477_D	7CVZ_EMD-30477_D	0
7D7N_EMD-30609_A	7D7N_EMD-30609_A	15
7DCX_EMD-30641_A	7DCX_EMD-30641_A	25
7DCX_EMD-30641_E	7DCX_EMD-30641_E	21
7DGQ_EMD-30673_A	7DGQ_EMD-30673_A	0
7DGQ_EMD-30673_AC	7DGQ_EMD-30673_AC	0
7DGQ_EMD-30673_BC	7DGQ_EMD-30673_BC	0
7DGQ_EMD-30673_F	7DGQ_EMD-30673_F	0
7DGQ_EMD-30673_G	7DGQ_EMD-30673_G	0
7DGQ_EMD-30673_H	7DGQ_EMD-30673_H	0
7DGQ_EMD-30673_HA	7DGQ_EMD-30673_HA	0
7DGQ_EMD-30673_IA	7DGQ_EMD-30673_IA	1
7DGQ_EMD-30673_J	7DGQ_EMD-30673_J	1
7DGQ_EMD-30673_JA	7DGQ_EMD-30673_JA	0
7DGQ_EMD-30673_K	7DGQ_EMD-30673_K	1
7DGQ_EMD-30673_KA	7DGQ_EMD-30673_KA	0
7DGQ_EMD-30673_L	7DGQ_EMD-30673_L	0
7DGQ_EMD-30673_LA	7DGQ_EMD-30673_LA	0
7DGQ_EMD-30673_LB	7DGQ_EMD-30673_LB	0
7DGQ_EMD-30673_M	7DGQ_EMD-30673_M	0
7DGQ_EMD-30673_MA	7DGQ_EMD-30673_MA	0
7DGQ_EMD-30673_MB	7DGQ_EMD-30673_MB	0
7DGQ_EMD-30673_NA	7DGQ_EMD-30673_NA	0
7DGQ_EMD-30673_OA	7DGQ_EMD-30673_OA	0
7DGQ_EMD-30673_OB	7DGQ_EMD-30673_OB	0
7DGQ_EMD-30673_PA	7DGQ_EMD-30673_PA	0
7DGR_EMD-30674_AC	7DGR_EMD-30674_AC	0
7DGR_EMD-30674_BC	7DGR_EMD-30674_BC	0
7DGR_EMD-30674_DA	7DGR_EMD-30674_DA	0
7DGR_EMD-30674_EA	7DGR_EMD-30674_EA	0
7DGR_EMD-30674_EB	7DGR_EMD-30674_EB	0
7DGR_EMD-30674_FA	7DGR_EMD-30674_FA	0
7DGR_EMD-30674_FB	7DGR_EMD-30674_FB	0
7DGR_EMD-30674_GA	7DGR_EMD-30674_GA	0
7DGR_EMD-30674_H	7DGR_EMD-30674_H	0
7DGR_EMD-30674_HA	7DGR_EMD-30674_HA	0
7DGR_EMD-30674_HB	7DGR_EMD-30674_HB	0
7DGR_EMD-30674_IA	7DGR_EMD-30674_IA	0
7DGR_EMD-30674_J	7DGR_EMD-30674_J	1
7DGR_EMD-30674_JA	7DGR_EMD-30674_JA	0
7DGR_EMD-30674_KA	7DGR_EMD-30674_KA	0
7DGR_EMD-30674_L	7DGR_EMD-30674_L	0
7DGR_EMD-30674_LA	7DGR_EMD-30674_LA	0
7DGR_EMD-30674_M	7DGR_EMD-30674_M	0
7DGR_EMD-30674_MA	7DGR_EMD-30674_MA	0
7DGR_EMD-30674_N	7DGR_EMD-30674_N	0
7DGR_EMD-30674_NA	7DGR_EMD-30674_NA	0
7DGR_EMD-30674_O	7DGR_EMD-30674_O	0
7DGR_EMD-30674_OA	7DGR_EMD-30674_OA	0
7DGR_EMD-30674_P	7DGR_EMD-30674_P	0
7DGR_EMD-30674_PA	7DGR_EMD-30674_PA	0
7DGR_EMD-30674_Q	7DGR_EMD-30674_Q	0
7DGR_EMD-30674_QA	7DGR_EMD-30674_QA	0
7DGR_EMD-30674_RA	7DGR_EMD-30674_RA	0
7DGR_EMD-30674_TB	7DGR_EMD-30674_TB	1
7DGR_EMD-30674_UB	7DGR_EMD-30674_UB	1
7DGR_EMD-30674_VB	7DGR_EMD-30674_VB	0
7DGR_EMD-30674_WB	7DGR_EMD-30674_WB	0
7DGR_EMD-30674_XB	7DGR_EMD-30674_XB	0
7DGR_EMD-30674_YB	7DGR_EMD-30674_YB	0
7DGR_EMD-30674_ZB	7DGR_EMD-30674_ZB	0
7DGS_EMD-30675_B	7DGS_EMD-30675_B	0
7DGS_EMD-30675_E	7DGS_EMD-30675_E	0
7DGS_EMD-30675_GB	7DGS_EMD-30675_GB	0
7DGS_EMD-30675_HB	7DGS_EMD-30675_HB	1
7DGS_EMD-30675_IB	7DGS_EMD-30675_IB	1
7DGS_EMD-30675_R	7DGS_EMD-30675_R	0
7DGS_EMD-30675_S	7DGS_EMD-30675_S	0
7DGS_EMD-30675_T	7DGS_EMD-30675_T	1
7DNK_EMD-30786_A	7DNK_EMD-30786_A	36
7DNK_EMD-30786_B	7DNK_EMD-30786_B	37
7DNK_EMD-30786_C	7DNK_EMD-30786_C	36
7E55_EMD-30990_A	7E55_EMD-30990_A	14
7E6U_EMD-30997_A	7E6U_EMD-30997_A	20
7E6U_EMD-30997_B	7E6U_EMD-30997_B	10
7E8H_EMD-31019_B	7E8H_EMD-31019_B	7
7E8H_EMD-31019_C	7E8H_EMD-31019_C	9
7E8H_EMD-31019_D	7E8H_EMD-31019_D	7
7E93_EMD-31027_A	7E93_EMD-31027_A	8
7E93_EMD-31027_B	7E93_EMD-31027_B	6
7E93_EMD-31027_C	7E93_EMD-31027_C	5
7E93_EMD-31027_E	7E93_EMD-31027_E	7
7E93_EMD-31027_G	7E93_EMD-31027_G	7
7E94_EMD-31028_D	7E94_EMD-31028_D	5
7E94_EMD-31028_H	7E94_EMD-31028_H	6
7E94_EMD-31028_I	7E94_EMD-31028_I	39
7E94_EMD-31028_J	7E94_EMD-31028_J	42
7E94_EMD-31028_K	7E94_EMD-31028_K	22
7ETM_EMD-31299_A	7ETM_EMD-31299_A	15
7EWR_EMD-31363_A	7EWR_EMD-31363_A	19
7EWR_EMD-31363_B	7EWR_EMD-31363_B	14
7EWR_EMD-31363_C	7EWR_EMD-31363_C	4
7EYE_EMD-31382_A	7EYE_EMD-31382_A	30
7EYF_EMD-31383_A	7EYF_EMD-31383_A	0
7EYQ_EMD-31384_A	7EYQ_EMD-31384_A	32
7F46_EMD-31444_C	7F46_EMD-31444_C	16
7F46_EMD-31444_D	7F46_EMD-31444_D	0
7F9O_EMD-31498_A	7F9O_EMD-31498_A	17
7F9O_EMD-31498_AA	7F9O_EMD-31498_AA	0
7F9O_EMD-31498_B	7F9O_EMD-31498_B	11
7F9O_EMD-31498_BA	7F9O_EMD-31498_BA	0
7F9O_EMD-31498_BB	7F9O_EMD-31498_BB	0
7F9O_EMD-31498_C	7F9O_EMD-31498_C	4
7F9O_EMD-31498_CA	7F9O_EMD-31498_CA	0
7F9O_EMD-31498_CB	7F9O_EMD-31498_CB	0
7F9O_EMD-31498_D	7F9O_EMD-31498_D	11
7F9O_EMD-31498_E	7F9O_EMD-31498_E	5
7F9O_EMD-31498_EA	7F9O_EMD-31498_EA	0
7F9O_EMD-31498_F	7F9O_EMD-31498_F	4
7F9O_EMD-31498_FA	7F9O_EMD-31498_FA	0
7F9O_EMD-31498_G	7F9O_EMD-31498_G	0
7F9O_EMD-31498_GA	7F9O_EMD-31498_GA	0
7F9O_EMD-31498_H	7F9O_EMD-31498_H	0
7F9O_EMD-31498_HA	7F9O_EMD-31498_HA	0
7F9O_EMD-31498_I	7F9O_EMD-31498_I	0
7F9O_EMD-31498_IA	7F9O_EMD-31498_IA	0
7F9O_EMD-31498_J	7F9O_EMD-31498_J	1
7F9O_EMD-31498_JA	7F9O_EMD-31498_JA	0
7F9O_EMD-31498_K	7F9O_EMD-31498_K	2
7F9O_EMD-31498_KA	7F9O_EMD-31498_KA	0
7F9O_EMD-31498_L	7F9O_EMD-31498_L	2
7F9O_EMD-31498_LA	7F9O_EMD-31498_LA	0
7F9O_EMD-31498_M	7F9O_EMD-31498_M	2
7F9O_EMD-31498_MA	7F9O_EMD-31498_MA	0
7F9O_EMD-31498_N	7F9O_EMD-31498_N	0
7F9O_EMD-31498_NA	7F9O_EMD-31498_NA	0
7F9O_EMD-31498_O	7F9O_EMD-31498_O	5
7F9O_EMD-31498_P	7F9O_EMD-31498_P	2
7F9O_EMD-31498_Q	7F9O_EMD-31498_Q	6
7F9O_EMD-31498_R	7F9O_EMD-31498_R	0
7F9O_EMD-31498_S	7F9O_EMD-31498_S	13
7F9O_EMD-31498_T	7F9O_EMD-31498_T	3
7F9O_EMD-31498_U	7F9O_EMD-31498_U	10
7F9O_EMD-31498_V	7F9O_EMD-31498_V	12
7F9O_EMD-31498_W	7F9O_EMD-31498_W	0
7F9O_EMD-31498_X	7F9O_EMD-31498_X	4
7F9O_EMD-31498_Y	7F9O_EMD-31498_Y	5
7F9O_EMD-31498_Z	7F9O_EMD-31498_Z	0
7FDB_EMD-31539_A	7FDB_EMD-31539_A	33
7FDB_EMD-31539_R	7FDB_EMD-31539_R	0
7FDC_EMD-31540_B	7FDC_EMD-31540_B	25
7FDC_EMD-31540_CA	7FDC_EMD-31540_CA	0
7FDC_EMD-31540_DA	7FDC_EMD-31540_DA	0
7FDC_EMD-31540_EA	7FDC_EMD-31540_EA	0
7FDC_EMD-31540_G	7FDC_EMD-31540_G	4
7FDC_EMD-31540_H	7FDC_EMD-31540_H	0
7FDC_EMD-31540_M	7FDC_EMD-31540_M	2
7FDC_EMD-31540_N	7FDC_EMD-31540_N	9
7FDC_EMD-31540_O	7FDC_EMD-31540_O	10
7FDC_EMD-31540_P	7FDC_EMD-31540_P	0
7FDC_EMD-31540_Q	7FDC_EMD-31540_Q	13
7FDC_EMD-31540_S	7FDC_EMD-31540_S	0
7FDC_EMD-31540_T	7FDC_EMD-31540_T	0
7FDC_EMD-31540_U	7FDC_EMD-31540_U	0
7FIF_EMD-31595_A	7FIF_EMD-31595_A	5
7FJ3_EMD-31612_A	7FJ3_EMD-31612_A	64
7FJ3_EMD-31612_B	7FJ3_EMD-31612_B	0
7FJ3_EMD-31612_F	7FJ3_EMD-31612_F	1
7FJ3_EMD-31612_I	7FJ3_EMD-31612_I	0
7JGF_EMD-22325_A	7JGF_EMD-22325_A	2
7JGG_EMD-22326_A	7JGG_EMD-22326_A	0
7JGJ_EMD-22328_A	7JGJ_EMD-22328_A	73
7JGJ_EMD-22328_B	7JGJ_EMD-22328_B	0
7JGJ_EMD-22328_C	7JGJ_EMD-22328_C	0
7JLX_EMD-22383_A	7JLX_EMD-22383_A	5
7JPU_EMD-22423_A	7JPU_EMD-22423_A	96
7JTI_EMD-22474_B	7JTI_EMD-22474_B	13
7JTI_EMD-22474_C	7JTI_EMD-22474_C	14
7JTI_EMD-22474_D	7JTI_EMD-22474_D	15
7JTI_EMD-22474_E	7JTI_EMD-22474_E	0
7JTI_EMD-22474_F	7JTI_EMD-22474_F	0
7JTS_EMD-22480_A	7JTS_EMD-22480_A	0
7JTS_EMD-22480_K	7JTS_EMD-22480_K	0
7JTS_EMD-22480_L	7JTS_EMD-22480_L	0
7JTS_EMD-22480_M	7JTS_EMD-22480_M	0
7K08_EMD-22589_A	7K08_EMD-22589_A	16
7K1V_EMD-22630_A	7K1V_EMD-22630_A	13
7K1W_EMD-22631_A	7K1W_EMD-22631_A	0
7K2V_EMD-22647_A	7K2V_EMD-22647_A	14
7K2V_EMD-22647_B	7K2V_EMD-22647_B	0
7K5B_EMD-22679_B	7K5B_EMD-22679_B	84
7K5B_EMD-22679_C	7K5B_EMD-22679_C	130
7K5B_EMD-22679_P	7K5B_EMD-22679_P	4
7K5B_EMD-22679_Q	7K5B_EMD-22679_Q	8
7K5B_EMD-22679_R	7K5B_EMD-22679_R	2
7K9L_EMD-22754_A	7K9L_EMD-22754_A	12
7KEK_EMD-22840_A	7KEK_EMD-22840_A	93
7KEK_EMD-22840_E	7KEK_EMD-22840_E	39
7KEK_EMD-22840_K	7KEK_EMD-22840_K	4
7KEK_EMD-22840_N	7KEK_EMD-22840_N	4
7KEK_EMD-22840_O	7KEK_EMD-22840_O	4
7KEK_EMD-22840_P	7KEK_EMD-22840_P	4
7KO4_EMD-22964_P	7KO4_EMD-22964_P	0
7KPW_EMD-22990_A	7KPW_EMD-22990_A	0
7KS0_EMD-23014_A	7KS0_EMD-23014_A	36
7KS3_EMD-23015_B	7KS3_EMD-23015_B	38
7KTP_EMD-23025_A	7KTP_EMD-23025_A	22
7KTP_EMD-23025_B	7KTP_EMD-23025_B	29
7KTP_EMD-23025_C	7KTP_EMD-23025_C	20
7KTP_EMD-23025_D	7KTP_EMD-23025_D	29
7KTV_EMD-23031_A	7KTV_EMD-23031_A	2
7KVD_EMD-23047_A	7KVD_EMD-23047_A	11
7KZM_EMD-23082_CA	7KZM_EMD-23082_CA	0
7KZM_EMD-23082_DA	7KZM_EMD-23082_DA	1
7KZM_EMD-23082_EA	7KZM_EMD-23082_EA	0
7KZM_EMD-23082_HA	7KZM_EMD-23082_HA	0
7KZM_EMD-23082_KA	7KZM_EMD-23082_KA	0
7KZM_EMD-23082_O	7KZM_EMD-23082_O	0
7KZM_EMD-23082_P	7KZM_EMD-23082_P	0
7KZM_EMD-23082_Q	7KZM_EMD-23082_Q	0
7KZM_EMD-23082_R	7KZM_EMD-23082_R	1
7KZM_EMD-23082_S	7KZM_EMD-23082_S	1
7KZM_EMD-23082_T	7KZM_EMD-23082_T	0
7KZM_EMD-23082_U	7KZM_EMD-23082_U	0
7KZM_EMD-23082_V	7KZM_EMD-23082_V	0
7KZM_EMD-23082_W	7KZM_EMD-23082_W	0
7KZM_EMD-23082_X	7KZM_EMD-23082_X	0
7L0S_EMD-23102_A	7L0S_EMD-23102_A	10
7L0S_EMD-23102_B	7L0S_EMD-23102_B	29
7L0S_EMD-23102_D	7L0S_EMD-23102_D	0
7L6M_EMD-23145_A	7L6M_EMD-23145_A	0
7L6M_EMD-23145_B	7L6M_EMD-23145_B	0
7L6N_EMD-23206_A	7L6N_EMD-23206_A	21
7L6N_EMD-23206_H	7L6N_EMD-23206_H	0
7LGE_EMD-23321_A	7LGE_EMD-23321_A	8
7LHI_EMD-23341_A	7LHI_EMD-23341_A	0
7LHI_EMD-23341_B	7LHI_EMD-23341_B	0
7LHI_EMD-23341_C	7LHI_EMD-23341_C	53
7LHI_EMD-23341_D	7LHI_EMD-23341_D	20
7LHI_EMD-23341_E	7LHI_EMD-23341_E	0
7LRG_EMD-23497_G	7LRG_EMD-23497_G	10
7LUM_EMD-23522_I	7LUM_EMD-23522_I	23
7LUP_EMD-23526_A	7LUP_EMD-23526_A	25
7LUP_EMD-23526_C	7LUP_EMD-23526_C	30
7LUP_EMD-23526_E	7LUP_EMD-23526_E	23
7LVT_EMD-23542_A	7LVT_EMD-23542_A	38
7LZ6_EMD-23603_A	7LZ6_EMD-23603_A	18
7LZ6_EMD-23603_C	7LZ6_EMD-23603_C	21
7LZ6_EMD-23603_D	7LZ6_EMD-23603_D	19
7MBZ_EMD-23751_A	7MBZ_EMD-23751_A	0
7MBZ_EMD-23751_B	7MBZ_EMD-23751_B	0
7MBZ_EMD-23751_D	7MBZ_EMD-23751_D	12
7MD4_EMD-23766_A	7MD4_EMD-23766_A	65
7MD4_EMD-23766_E	7MD4_EMD-23766_E	0
7MD4_EMD-23766_F	7MD4_EMD-23766_F	0
7MH0_EMD-23832_A	7MH0_EMD-23832_A	26
7MKQ_EMD-23903_A	7MKQ_EMD-23903_A	15
7MKQ_EMD-23903_C	7MKQ_EMD-23903_C	86
7MKQ_EMD-23903_D	7MKQ_EMD-23903_D	74
7MKQ_EMD-23903_F	7MKQ_EMD-23903_F	0
7MOB_EMD-23923_A	7MOB_EMD-23923_A	15
7MOB_EMD-23923_C	7MOB_EMD-23923_C	38
7MOQ_EMD-23926_D	7MOQ_EMD-23926_D	28
7MOQ_EMD-23926_F	7MOQ_EMD-23926_F	5
7MOQ_EMD-23926_G	7MOQ_EMD-23926_G	5
7MOQ_EMD-23926_H	7MOQ_EMD-23926_H	4
7MOQ_EMD-23926_M	7MOQ_EMD-23926_M	6
7MOQ_EMD-23926_N	7MOQ_EMD-23926_N	4
7MOQ_EMD-23926_O	7MOQ_EMD-23926_O	3
7MOQ_EMD-23926_P	7MOQ_EMD-23926_P	5
7MOQ_EMD-23926_R	7MOQ_EMD-23926_R	20
7MOQ_EMD-23926_T	7MOQ_EMD-23926_T	0
7MOQ_EMD-23926_X	7MOQ_EMD-23926_X	0
7MOQ_EMD-23926_Z	7MOQ_EMD-23926_Z	0
7MP5_EMD-23929_A	7MP5_EMD-23929_A	18
7MT9_EMD-23978_A	7MT9_EMD-23978_A	0
7MUS_EMD-24020_A	7MUS_EMD-24020_A	0
7MUS_EMD-24020_B	7MUS_EMD-24020_B	0
7MUS_EMD-24020_C	7MUS_EMD-24020_C	0
7MUS_EMD-24020_DB	7MUS_EMD-24020_DB	0
7MUS_EMD-24020_E	7MUS_EMD-24020_E	0
7MUV_EMD-24023_BB	7MUV_EMD-24023_BB	0
7MUV_EMD-24023_C	7MUV_EMD-24023_C	0
7MUV_EMD-24023_D	7MUV_EMD-24023_D	0
7MUV_EMD-24023_E	7MUV_EMD-24023_E	0
7N85_EMD-24232_A	7N85_EMD-24232_A	0
7N85_EMD-24232_B	7N85_EMD-24232_B	2
7N85_EMD-24232_Y	7N85_EMD-24232_Y	31
7N85_EMD-24232_Z	7N85_EMD-24232_Z	41
7N9R_EMD-24260_A	7N9R_EMD-24260_A	0
7N9S_EMD-24261_A	7N9S_EMD-24261_A	0
7N9Y_EMD-24264_A	7N9Y_EMD-24264_A	0
7NCS_EMD-12271_F	7NCS_EMD-12271_F	0
7NCS_EMD-12271_G	7NCS_EMD-12271_G	0
7ND0_EMD-12272_B	7ND0_EMD-12272_B	36
7NDG_EMD-12286_A	7NDG_EMD-12286_A	30
7NDG_EMD-12286_B	7NDG_EMD-12286_B	25
7NDG_EMD-12286_C	7NDG_EMD-12286_C	14
7NDG_EMD-12286_D	7NDG_EMD-12286_D	30
7NGF_EMD-12313_A	7NGF_EMD-12313_A	20
7NH3_EMD-12319_A	7NH3_EMD-12319_A	20
7NOJ_EMD-12504_A	7NOJ_EMD-12504_A	0
7NPV_EMD-12522_A	7NPV_EMD-12522_A	0
7NPV_EMD-12522_G	7NPV_EMD-12522_G	2
7NPV_EMD-12522_M	7NPV_EMD-12522_M	0
7NSU_EMD-12577_A	7NSU_EMD-12577_A	24
7NSU_EMD-12577_D	7NSU_EMD-12577_D	17
7NSU_EMD-12577_E	7NSU_EMD-12577_E	30
7NSU_EMD-12577_F	7NSU_EMD-12577_F	41
7NTF_EMD-12588_A	7NTF_EMD-12588_A	19
7NYY_EMD-12658_A	7NYY_EMD-12658_A	26
7NYY_EMD-12658_C	7NYY_EMD-12658_C	10
7NYY_EMD-12658_E	7NYY_EMD-12658_E	8
7NYY_EMD-12658_G	7NYY_EMD-12658_G	2
7O17_EMD-12692_A	7O17_EMD-12692_A	42
7O17_EMD-12692_B	7O17_EMD-12692_B	16
7O17_EMD-12692_D	7O17_EMD-12692_D	0
7O41_EMD-12715_A	7O41_EMD-12715_A	35
7O41_EMD-12715_B	7O41_EMD-12715_B	32
7OA6_EMD-12766_A	7OA6_EMD-12766_A	8
7OGT_EMD-12887_A	7OGT_EMD-12887_A	8
7OGT_EMD-12887_B	7OGT_EMD-12887_B	9
7OH1_EMD-12891_A	7OH1_EMD-12891_A	42
7OH1_EMD-12891_B	7OH1_EMD-12891_B	0
7OH1_EMD-12891_C	7OH1_EMD-12891_C	0
7OTG_EMD-13059_A	7OTG_EMD-13059_A	23
7OU2_EMD-13073_A	7OU2_EMD-13073_A	28
7OVQ_EMD-13087_A	7OVQ_EMD-13087_A	3
7OWG_EMD-13097_A	7OWG_EMD-13097_A	0
7OWG_EMD-13097_B	7OWG_EMD-13097_B	11
7OWG_EMD-13097_C	7OWG_EMD-13097_C	0
7OWG_EMD-13097_D	7OWG_EMD-13097_D	0
7P3N_EMD-13181_A	7P3N_EMD-13181_A	26
7P3N_EMD-13181_D	7P3N_EMD-13181_D	21
7P3N_EMD-13181_G	7P3N_EMD-13181_G	0
7P3N_EMD-13181_Q	7P3N_EMD-13181_Q	0
7P3N_EMD-13181_R	7P3N_EMD-13181_R	0
7P3N_EMD-13181_S	7P3N_EMD-13181_S	0
7P3N_EMD-13181_T	7P3N_EMD-13181_T	0
7P3N_EMD-13181_U	7P3N_EMD-13181_U	0
7PCF_EMD-13319_A	7PCF_EMD-13319_A	0
7PCF_EMD-13319_B	7PCF_EMD-13319_B	0
7PCF_EMD-13319_C	7PCF_EMD-13319_C	0
7PDE_EMD-13335_A	7PDE_EMD-13335_A	19
7PDE_EMD-13335_B	7PDE_EMD-13335_B	8
7PE3_EMD-13346_A	7PE3_EMD-13346_A	8
7PG3_EMD-13387_A	7PG3_EMD-13387_A	64
7PIM_EMD-13442_A	7PIM_EMD-13442_A	9
7PIM_EMD-13442_B	7PIM_EMD-13442_B	9
7PKY_EMD-13482_A	7PKY_EMD-13482_A	0
7PTT_EMD-13637_A	7PTT_EMD-13637_A	60
7PTY_EMD-13643_A	7PTY_EMD-13643_A	11
7Q1V_EMD-13767_A	7Q1V_EMD-13767_A	0
7Q4V_EMD-13818_A	7Q4V_EMD-13818_A	26
7Q4V_EMD-13818_B	7Q4V_EMD-13818_B	26
7Q4V_EMD-13818_C	7Q4V_EMD-13818_C	5
7Q56_EMD-13827_A	7Q56_EMD-13827_A	19
7Q56_EMD-13827_B	7Q56_EMD-13827_B	25
7QCD_EMD-13895_F	7QCD_EMD-13895_F	6
7QE5_EMD-13930_A	7QE5_EMD-13930_A	0
7QE5_EMD-13930_B	7QE5_EMD-13930_B	11
7QID_EMD-10311_A	7QID_EMD-10311_A	52
7QID_EMD-10311_B	7QID_EMD-10311_B	8
7QIN_EMD-13991_L	7QIN_EMD-13991_L	28
7QJ0_EMD-14005_D	7QJ0_EMD-14005_D	0
7QJ0_EMD-14005_G	7QJ0_EMD-14005_G	12
7QJD_EMD-14018_C	7QJD_EMD-14018_C	8
7QJD_EMD-14018_D	7QJD_EMD-14018_D	8
7QJD_EMD-14018_G	7QJD_EMD-14018_G	8
7QO3_EMD-14082_A	7QO3_EMD-14082_A	11
7QO3_EMD-14082_C	7QO3_EMD-14082_C	14
7QO3_EMD-14082_D	7QO3_EMD-14082_D	14
7QO3_EMD-14082_E	7QO3_EMD-14082_E	11
7QO3_EMD-14082_F	7QO3_EMD-14082_F	11
7QO3_EMD-14082_G	7QO3_EMD-14082_G	12
7QO3_EMD-14082_H	7QO3_EMD-14082_H	0
7QO3_EMD-14082_I	7QO3_EMD-14082_I	0
7QO3_EMD-14082_J	7QO3_EMD-14082_J	0
7QO3_EMD-14082_K	7QO3_EMD-14082_K	0
7QO3_EMD-14082_NA	7QO3_EMD-14082_NA	0
7QO3_EMD-14082_OA	7QO3_EMD-14082_OA	0
7QO4_EMD-14083_C	7QO4_EMD-14083_C	0
7QO4_EMD-14083_D	7QO4_EMD-14083_D	0
7QO4_EMD-14083_E	7QO4_EMD-14083_E	0
7QO4_EMD-14083_F	7QO4_EMD-14083_F	0
7QO4_EMD-14083_G	7QO4_EMD-14083_G	0
7QO4_EMD-14083_H	7QO4_EMD-14083_H	16
7QO4_EMD-14083_I	7QO4_EMD-14083_I	11
7QO5_EMD-14084_B	7QO5_EMD-14084_B	14
7QO5_EMD-14084_CA	7QO5_EMD-14084_CA	0
7QO5_EMD-14084_DA	7QO5_EMD-14084_DA	0
7QO5_EMD-14084_EA	7QO5_EMD-14084_EA	0
7QO5_EMD-14084_FA	7QO5_EMD-14084_FA	0
7QO5_EMD-14084_GA	7QO5_EMD-14084_GA	0
7QO5_EMD-14084_HA	7QO5_EMD-14084_HA	0
7QO5_EMD-14084_IA	7QO5_EMD-14084_IA	0
7QO5_EMD-14084_JA	7QO5_EMD-14084_JA	0
7QO5_EMD-14084_L	7QO5_EMD-14084_L	13
7QO5_EMD-14084_M	7QO5_EMD-14084_M	10
7QO5_EMD-14084_N	7QO5_EMD-14084_N	10
7QO6_EMD-14085_KA	7QO6_EMD-14085_KA	0
7QO6_EMD-14085_LA	7QO6_EMD-14085_LA	0
7QO6_EMD-14085_MA	7QO6_EMD-14085_MA	0
7QO6_EMD-14085_PA	7QO6_EMD-14085_PA	0
7QOO_EMD-14098_A	7QOO_EMD-14098_A	0
7QOO_EMD-14098_B	7QOO_EMD-14098_B	0
7QOO_EMD-14098_C	7QOO_EMD-14098_C	1
7QOO_EMD-14098_D	7QOO_EMD-14098_D	0
7QOO_EMD-14098_E	7QOO_EMD-14098_E	0
7QOO_EMD-14098_F	7QOO_EMD-14098_F	0
7QOO_EMD-14098_G	7QOO_EMD-14098_G	0
7QOO_EMD-14098_H	7QOO_EMD-14098_H	0
7QOO_EMD-14098_I	7QOO_EMD-14098_I	2
7QOO_EMD-14098_J	7QOO_EMD-14098_J	0
7QOO_EMD-14098_K	7QOO_EMD-14098_K	3
7QOO_EMD-14098_L	7QOO_EMD-14098_L	16
7QOO_EMD-14098_M	7QOO_EMD-14098_M	5
7QOO_EMD-14098_N	7QOO_EMD-14098_N	12
7QY7_EMD-14209_A	7QY7_EMD-14209_A	14
7QY7_EMD-14209_AA	7QY7_EMD-14209_AA	0
7QY7_EMD-14209_C	7QY7_EMD-14209_C	10
7QY7_EMD-14209_CA	7QY7_EMD-14209_CA	0
7QY7_EMD-14209_N	7QY7_EMD-14209_N	16
7QY7_EMD-14209_R	7QY7_EMD-14209_R	13
7QY7_EMD-14209_T	7QY7_EMD-14209_T	15
7QY7_EMD-14209_W	7QY7_EMD-14209_W	3
7QY7_EMD-14209_Z	7QY7_EMD-14209_Z	12
7QYA_EMD-14210_BA	7QYA_EMD-14210_BA	0
7QYA_EMD-14210_DA	7QYA_EMD-14210_DA	0
7QYA_EMD-14210_EA	7QYA_EMD-14210_EA	0
7QYA_EMD-14210_FA	7QYA_EMD-14210_FA	0
7QYA_EMD-14210_G	7QYA_EMD-14210_G	12
7QYA_EMD-14210_I	7QYA_EMD-14210_I	11
7QYA_EMD-14210_O	7QYA_EMD-14210_O	16
7QYA_EMD-14210_P	7QYA_EMD-14210_P	15
7QYA_EMD-14210_Q	7QYA_EMD-14210_Q	13
7QYA_EMD-14210_S	7QYA_EMD-14210_S	15
7QYA_EMD-14210_U	7QYA_EMD-14210_U	11
7QYA_EMD-14210_V	7QYA_EMD-14210_V	5
7QYA_EMD-14210_X	7QYA_EMD-14210_X	0
7R0C_EMD-14221_A	7R0C_EMD-14221_A	1
7R0C_EMD-14221_B	7R0C_EMD-14221_B	0
7R0C_EMD-14221_D	7R0C_EMD-14221_D	23
7R7T_EMD-24304_A	7R7T_EMD-24304_A	18
7R7T_EMD-24304_G	7R7T_EMD-24304_G	0
7R9H_EMD-24325_A	7R9H_EMD-24325_A	0
7RD8_EMD-24415_A	7RD8_EMD-24415_A	33
7RDR_EMD-24425_A	7RDR_EMD-24425_A	0
7RIT_EMD-23804_A	7RIT_EMD-23804_A	13
7RJ5_EMD-24481_A	7RJ5_EMD-24481_A	45
7RJ5_EMD-24481_B	7RJ5_EMD-24481_B	37
7RJ5_EMD-24481_D	7RJ5_EMD-24481_D	0
7RJ5_EMD-24481_E	7RJ5_EMD-24481_E	4
7RJ5_EMD-24481_F	7RJ5_EMD-24481_F	0
7RMF_EMD-24566_A	7RMF_EMD-24566_A	25
7RO3_EMD-24586_A	7RO3_EMD-24586_A	0
7RSI_EMD-24672_A	7RSI_EMD-24672_A	0
7RSI_EMD-24672_B	7RSI_EMD-24672_B	0
7RUG_EMD-24705_A	7RUG_EMD-24705_A	2
7RWA_EMD-24712_A	7RWA_EMD-24712_A	2
7RWA_EMD-24712_B	7RWA_EMD-24712_B	1
7RWA_EMD-24712_C	7RWA_EMD-24712_C	0
7RWA_EMD-24712_D	7RWA_EMD-24712_D	0
7RWA_EMD-24712_E	7RWA_EMD-24712_E	0
7RYP_EMD-24744_A	7RYP_EMD-24744_A	21
7S0E_EMD-24788_C	7S0E_EMD-24788_C	0
7S64_EMD-24849_A	7S64_EMD-24849_A	92
7S9D_EMD-24933_A	7S9D_EMD-24933_A	15
7SOX_EMD-25362_A	7SOX_EMD-25362_A	12
7SQJ_EMD-25386_A	7SQJ_EMD-25386_A	32
7SQK_EMD-25387_A	7SQK_EMD-25387_A	1
7SQK_EMD-25387_B	7SQK_EMD-25387_B	0
7SQK_EMD-25387_C	7SQK_EMD-25387_C	3
7SQK_EMD-25387_D	7SQK_EMD-25387_D	2
7SQK_EMD-25387_E	7SQK_EMD-25387_E	4
7SQK_EMD-25387_F	7SQK_EMD-25387_F	2
7SQK_EMD-25387_G	7SQK_EMD-25387_G	0
7SQK_EMD-25387_H	7SQK_EMD-25387_H	0
7SXA_EMD-25496_A	7SXA_EMD-25496_A	0
7SZ6_EMD-25562_A	7SZ6_EMD-25562_A	0
7T17_EMD-25606_A	7T17_EMD-25606_A	38
7T17_EMD-25606_B	7T17_EMD-25606_B	0
7T17_EMD-25606_C	7T17_EMD-25606_C	38
7T17_EMD-25606_D	7T17_EMD-25606_D	0
7T17_EMD-25606_G	7T17_EMD-25606_G	12
7T54_EMD-25694_A	7T54_EMD-25694_A	20
7T8C_EMD-25744_A	7T8C_EMD-25744_A	28
7TC9_EMD-25806_C	7TC9_EMD-25806_C	0
7TDM_EMD-25834_A	7TDM_EMD-25834_A	4
7TDN_EMD-25835_B	7TDN_EMD-25835_B	11
7TDZ_EMD-25817_AA	7TDZ_EMD-25817_AA	0
7TDZ_EMD-25817_C	7TDZ_EMD-25817_C	5
7TDZ_EMD-25817_D	7TDZ_EMD-25817_D	30
7TDZ_EMD-25817_E	7TDZ_EMD-25817_E	25
7TDZ_EMD-25817_L	7TDZ_EMD-25817_L	15
7TDZ_EMD-25817_N	7TDZ_EMD-25817_N	0
7TDZ_EMD-25817_V	7TDZ_EMD-25817_V	0
7TDZ_EMD-25817_X	7TDZ_EMD-25817_X	0
7TEE_EMD-25845_E	7TEE_EMD-25845_E	0
7TEE_EMD-25845_F	7TEE_EMD-25845_F	0
7TER_EMD-25850_F	7TER_EMD-25850_F	0
7TES_EMD-25851_B	7TES_EMD-25851_B	37
7TES_EMD-25851_E	7TES_EMD-25851_E	0
7THZ_EMD-25907_A	7THZ_EMD-25907_A	8
7TIJ_EMD-25911_G	7TIJ_EMD-25911_G	0
7TK2_EMD-25954_AA	7TK2_EMD-25954_AA	0
7TK2_EMD-25954_K	7TK2_EMD-25954_K	0
7TK4_EMD-25956_Y	7TK4_EMD-25956_Y	0
7TK7_EMD-25959_V	7TK7_EMD-25959_V	0
7TK9_EMD-25961_N	7TK9_EMD-25961_N	0
7TK9_EMD-25961_Q	7TK9_EMD-25961_Q	0
7TKB_EMD-25963_Z	7TKB_EMD-25963_Z	0
7TKD_EMD-25965_A	7TKD_EMD-25965_A	22
7TKG_EMD-25968_R	7TKG_EMD-25968_R	0
7TKG_EMD-25968_S	7TKG_EMD-25968_S	0
7TKL_EMD-25973_W	7TKL_EMD-25973_W	0
7TKL_EMD-25973_X	7TKL_EMD-25973_X	0
7TKO_EMD-25976_T	7TKO_EMD-25976_T	0
7TKO_EMD-25976_U	7TKO_EMD-25976_U	0
7TKO_EMD-25976_V	7TKO_EMD-25976_V	0
7TNM_EMD-26014_A	7TNM_EMD-26014_A	25
7TNS_EMD-26019_A	7TNS_EMD-26019_A	0
7TNS_EMD-26019_AC	7TNS_EMD-26019_AC	0
7TNS_EMD-26019_UC	7TNS_EMD-26019_UC	0
7TNS_EMD-26019_Z	7TNS_EMD-26019_Z	0
7TSZ_EMD-26105_E	7TSZ_EMD-26105_E	6
7TUK_EMD-26117_A	7TUK_EMD-26117_A	0
7TUL_EMD-26118_A	7TUL_EMD-26118_A	0
7TW5_EMD-26151_A	7TW5_EMD-26151_A	23
7TW5_EMD-26151_D	7TW5_EMD-26151_D	0
7TW6_EMD-26153_C	7TW6_EMD-26153_C	0
7U0D_EMD-26256_D	7U0D_EMD-26256_D	0
7U14_EMD-26277_A	7U14_EMD-26277_A	12
7U23_EMD-26306_C	7U23_EMD-26306_C	0
7U6D_EMD-26363_A	7U6D_EMD-26363_A	0
7U6D_EMD-26363_B	7U6D_EMD-26363_B	21
7U6F_EMD-24964_A	7U6F_EMD-24964_A	0
7UBB_EMD-26437_A	7UBB_EMD-26437_A	0
7UIF_EMD-26544_A	7UIF_EMD-26544_A	68
7UIF_EMD-26544_AA	7UIF_EMD-26544_AA	0
7UIF_EMD-26544_B	7UIF_EMD-26544_B	70
7UIF_EMD-26544_BA	7UIF_EMD-26544_BA	0
7UIF_EMD-26544_C	7UIF_EMD-26544_C	12
7UIF_EMD-26544_CA	7UIF_EMD-26544_CA	0
7UIF_EMD-26544_D	7UIF_EMD-26544_D	3
7UIF_EMD-26544_DA	7UIF_EMD-26544_DA	0
7UIF_EMD-26544_E	7UIF_EMD-26544_E	14
7UIF_EMD-26544_EA	7UIF_EMD-26544_EA	0
7UIF_EMD-26544_F	7UIF_EMD-26544_F	5
7UIF_EMD-26544_FA	7UIF_EMD-26544_FA	0
7UIF_EMD-26544_G	7UIF_EMD-26544_G	15
7UIF_EMD-26544_H	7UIF_EMD-26544_H	8
7UIF_EMD-26544_I	7UIF_EMD-26544_I	9
7UIF_EMD-26544_J	7UIF_EMD-26544_J	3
7UIF_EMD-26544_K	7UIF_EMD-26544_K	4
7UIF_EMD-26544_L	7UIF_EMD-26544_L	3
7UIF_EMD-26544_M	7UIF_EMD-26544_M	3
7UIF_EMD-26544_N	7UIF_EMD-26544_N	0
7UIF_EMD-26544_O	7UIF_EMD-26544_O	0
7UIF_EMD-26544_P	7UIF_EMD-26544_P	8
7UIF_EMD-26544_Q	7UIF_EMD-26544_Q	6
7UIF_EMD-26544_R	7UIF_EMD-26544_R	0
7UIF_EMD-26544_S	7UIF_EMD-26544_S	4
7UIF_EMD-26544_T	7UIF_EMD-26544_T	0
7UIF_EMD-26544_U	7UIF_EMD-26544_U	0
7UIF_EMD-26544_V	7UIF_EMD-26544_V	0
7UIF_EMD-26544_W	7UIF_EMD-26544_W	0
7UIF_EMD-26544_X	7UIF_EMD-26544_X	0
7UIF_EMD-26544_Y	7UIF_EMD-26544_Y	0
7UIF_EMD-26544_Z	7UIF_EMD-26544_Z	0
7UJJ_EMD-26563_A	7UJJ_EMD-26563_A	15
7UJJ_EMD-26563_B	7UJJ_EMD-26563_B	8
7UJJ_EMD-26563_C	7UJJ_EMD-26563_C	7
7UN1_EMD-26611_A	7UN1_EMD-26611_A	0
7UQR_EMD-26320_A	7UQR_EMD-26320_A	22
7UQR_EMD-26320_E	7UQR_EMD-26320_E	34
7URR_EMD-26717_A	7URR_EMD-26717_A	4
7UTI_EMD-0729_W	7UTI_EMD-0729_W	0
7UTI_EMD-0729_X	7UTI_EMD-0729_X	0
7UUS_EMD-26802_A	7UUS_EMD-26802_A	25
7UUS_EMD-26802_B	7UUS_EMD-26802_B	22
7UUS_EMD-26802_Q	7UUS_EMD-26802_Q	0
7UY8_EMD-26867_A	7UY8_EMD-26867_A	6
7UY8_EMD-26867_B	7UY8_EMD-26867_B	25
7UY8_EMD-26867_C	7UY8_EMD-26867_C	11
7UY8_EMD-26867_D	7UY8_EMD-26867_D	7
7V3J_EMD-31681_A	7V3J_EMD-31681_A	0
7V3J_EMD-31681_F	7V3J_EMD-31681_F	0
7V6O_EMD-31744_A	7V6O_EMD-31744_A	61
7V6O_EMD-31744_D	7V6O_EMD-31744_D	20
7V6O_EMD-31744_E	7V6O_EMD-31744_E	19
7VAK_EMD-31845_A	7VAK_EMD-31845_A	35
7VAK_EMD-31845_D	7VAK_EMD-31845_D	31
7VAK_EMD-31845_G	7VAK_EMD-31845_G	2
7VAK_EMD-31845_H	7VAK_EMD-31845_H	4
7VAK_EMD-31845_I	7VAK_EMD-31845_I	0
7VAK_EMD-31845_J	7VAK_EMD-31845_J	4
7VGA_EMD-31966_A	7VGA_EMD-31966_A	0
7VGA_EMD-31966_B	7VGA_EMD-31966_B	0
7VGA_EMD-31966_C	7VGA_EMD-31966_C	15
7VH2_EMD-31984_A	7VH2_EMD-31984_A	42
7VI9_EMD-32004_A	7VI9_EMD-32004_A	22
7VII_EMD-32010_H	7VII_EMD-32010_H	11
7VM2_EMD-32032_A	7VM2_EMD-32032_A	32
7VON_EMD-32051_A	7VON_EMD-32051_A	100
7VRT_EMD-32103_A	7VRT_EMD-32103_A	0
7VRT_EMD-32103_AG	7VRT_EMD-32103_AG	0
7VSR_EMD-32114_A	7VSR_EMD-32114_A	9
7VSR_EMD-32114_M	7VSR_EMD-32114_M	12
7VWX_EMD-32164_A	7VWX_EMD-32164_A	22
7VWX_EMD-32164_C	7VWX_EMD-32164_C	18
7VWX_EMD-32164_CA	7VWX_EMD-32164_CA	0
7WB4_EMD-32394_A	7WB4_EMD-32394_A	12
7WB4_EMD-32394_K	7WB4_EMD-32394_K	0
7WB4_EMD-32394_M	7WB4_EMD-32394_M	2
7WB4_EMD-32394_P	7WB4_EMD-32394_P	38
7WB4_EMD-32394_R	7WB4_EMD-32394_R	0
7WB4_EMD-32394_S	7WB4_EMD-32394_S	0
7WB4_EMD-32394_Z	7WB4_EMD-32394_Z	0
7WJI_EMD-32544_A	7WJI_EMD-32544_A	15
7WJI_EMD-32544_B	7WJI_EMD-32544_B	2
7WJI_EMD-32544_D	7WJI_EMD-32544_D	4
7WJI_EMD-32544_E	7WJI_EMD-32544_E	2
7WOW_EMD-32661_D	7WOW_EMD-32661_D	15
7WOW_EMD-32661_E	7WOW_EMD-32661_E	21
7WUV_EMD-32843_A	7WUV_EMD-32843_A	0
7WZ8_EMD-32906_A	7WZ8_EMD-32906_A	11
7WZN_EMD-32907_A	7WZN_EMD-32907_A	13
7WZN_EMD-32907_B	7WZN_EMD-32907_B	9
7WZN_EMD-32907_C	7WZN_EMD-32907_C	4
7WZN_EMD-32907_D	7WZN_EMD-32907_D	10
7WZN_EMD-32907_E	7WZN_EMD-32907_E	5
7WZN_EMD-32907_F	7WZN_EMD-32907_F	4
7WZN_EMD-32907_G	7WZN_EMD-32907_G	7
7WZN_EMD-32907_H	7WZN_EMD-32907_H	0
7WZN_EMD-32907_I	7WZN_EMD-32907_I	0
7WZN_EMD-32907_J	7WZN_EMD-32907_J	0
7WZN_EMD-32907_K	7WZN_EMD-32907_K	0
7WZN_EMD-32907_M	7WZN_EMD-32907_M	0
7WZN_EMD-32907_N	7WZN_EMD-32907_N	0
7WZN_EMD-32907_O	7WZN_EMD-32907_O	0
7WZN_EMD-32907_P	7WZN_EMD-32907_P	0
7WZR_EMD-32912_A	7WZR_EMD-32912_A	0
7WZR_EMD-32912_B	7WZR_EMD-32912_B	0
7X3K_EMD-32991_A	7X3K_EMD-32991_A	3
7X3K_EMD-32991_B	7X3K_EMD-32991_B	26
7X59_EMD-33012_A	7X59_EMD-33012_A	15
7X6Q_EMD-33025_A	7X6Q_EMD-33025_A	23
7X6Q_EMD-33025_D	7X6Q_EMD-33025_D	0
7X6Q_EMD-33025_G	7X6Q_EMD-33025_G	25
7X6Q_EMD-33025_H	7X6Q_EMD-33025_H	25
7XLC_EMD-31673_A	7XLC_EMD-31673_A	67
7XW7_EMD-33493_A	7XW7_EMD-33493_A	22
7XW7_EMD-33493_B	7XW7_EMD-33493_B	0
7XXL_EMD-33506_A	7XXL_EMD-33506_A	19
7XXL_EMD-33506_B	7XXL_EMD-33506_B	15
7XXL_EMD-33506_C	7XXL_EMD-33506_C	21
7XY3_EMD-33509_D	7XY3_EMD-33509_D	12
7Y1A_EMD-33558_A	7Y1A_EMD-33558_A	0
7Y1A_EMD-33558_B	7Y1A_EMD-33558_B	0
7Y1Q_EMD-33570_A	7Y1Q_EMD-33570_A	0
7Y1Q_EMD-33570_B	7Y1Q_EMD-33570_B	0
7Y59_EMD-33613_A	7Y59_EMD-33613_A	26
7Y5C_EMD-33616_A	7Y5C_EMD-33616_A	27
7Y5C_EMD-33616_H	7Y5C_EMD-33616_H	10
7Y5C_EMD-33616_I	7Y5C_EMD-33616_I	0
7Y5C_EMD-33616_J	7Y5C_EMD-33616_J	0
7Y5C_EMD-33616_K	7Y5C_EMD-33616_K	0
7Y5D_EMD-33617_P	7Y5D_EMD-33617_P	0
7Y5D_EMD-33617_S	7Y5D_EMD-33617_S	0
7Y5V_EMD-33626_A	7Y5V_EMD-33626_A	3
7Y5V_EMD-33626_E	7Y5V_EMD-33626_E	0
7YAR_EMD-33718_A	7YAR_EMD-33718_A	0
7YAR_EMD-33718_B	7YAR_EMD-33718_B	0
7YAR_EMD-33718_G	7YAR_EMD-33718_G	0
7YFO_EMD-33795_B	7YFO_EMD-33795_B	33
7YJJ_EMD-33872_A	7YJJ_EMD-33872_A	0
7YKK_EMD-32397_A	7YKK_EMD-32397_A	18
7YL9_EMD-33215_A	7YL9_EMD-33215_A	0
7YLM_EMD-33914_A	7YLM_EMD-33914_A	9
7YLU_EMD-33917_B	7YLU_EMD-33917_B	24
7YLU_EMD-33917_C	7YLU_EMD-33917_C	0
7YLU_EMD-33917_D	7YLU_EMD-33917_D	22
7YLU_EMD-33917_E	7YLU_EMD-33917_E	21
7YLU_EMD-33917_F	7YLU_EMD-33917_F	0
7YLU_EMD-33917_G	7YLU_EMD-33917_G	20
7YLU_EMD-33917_H	7YLU_EMD-33917_H	22
7YLU_EMD-33917_Q	7YLU_EMD-33917_Q	22
7YQH_EMD-34025_F	7YQH_EMD-34025_F	15
7YQH_EMD-34025_G	7YQH_EMD-34025_G	6
7YQH_EMD-34025_H	7YQH_EMD-34025_H	3
7YSJ_EMD-34076_A	7YSJ_EMD-34076_A	31
7YU7_EMD-34101_E	7YU7_EMD-34101_E	0
7YU8_EMD-34102_A	7YU8_EMD-34102_A	6
7YUU_EMD-34111_A	7YUU_EMD-34111_A	19
7YV9_EMD-34121_A	7YV9_EMD-34121_A	27
7YV9_EMD-34121_B	7YV9_EMD-34121_B	4
7YZY_EMD-14399_A	7YZY_EMD-14399_A	24
7YZY_EMD-14399_B	7YZY_EMD-14399_B	2
7YZY_EMD-14399_C	7YZY_EMD-14399_C	0
7Z4B_EMD-14492_A	7Z4B_EMD-14492_A	0
7Z4B_EMD-14492_AD	7Z4B_EMD-14492_AD	0
7Z4B_EMD-14492_DD	7Z4B_EMD-14492_DD	0
7Z4B_EMD-14492_RC	7Z4B_EMD-14492_RC	0
7Z4B_EMD-14492_UC	7Z4B_EMD-14492_UC	0
7Z4B_EMD-14492_WC	7Z4B_EMD-14492_WC	0
7Z4B_EMD-14492_XC	7Z4B_EMD-14492_XC	0
7Z4Y_EMD-14510_A	7Z4Y_EMD-14510_A	3
7Z4Y_EMD-14510_B	7Z4Y_EMD-14510_B	31
7ZHS_EMD-14736_A	7ZHS_EMD-14736_A	19
7ZNN_EMD-14812_A	7ZNN_EMD-14812_A	77
7ZNN_EMD-14812_B	7ZNN_EMD-14812_B	4
7ZNN_EMD-14812_C	7ZNN_EMD-14812_C	0
7ZSK_EMD-14945_A	7ZSK_EMD-14945_A	76
8A5Y_EMD-15199_J	8A5Y_EMD-15199_J	2
8A5Y_EMD-15199_K	8A5Y_EMD-15199_K	0
8A5Y_EMD-15199_L	8A5Y_EMD-15199_L	0
8A61_EMD-15201_A	8A61_EMD-15201_A	15
8A61_EMD-15201_B	8A61_EMD-15201_B	0
8A61_EMD-15201_D	8A61_EMD-15201_D	0
8A61_EMD-15201_G	8A61_EMD-15201_G	0
8A61_EMD-15201_H	8A61_EMD-15201_H	2
8A61_EMD-15201_I	8A61_EMD-15201_I	5
8A61_EMD-15201_N	8A61_EMD-15201_N	2
8A61_EMD-15201_O	8A61_EMD-15201_O	6
8A61_EMD-15201_P	8A61_EMD-15201_P	0
8A61_EMD-15201_Q	8A61_EMD-15201_Q	32
8A6J_EMD-15209_A	8A6J_EMD-15209_A	37
8A7E_EMD-15221_A	8A7E_EMD-15221_A	1
8A7E_EMD-15221_B	8A7E_EMD-15221_B	0
8A8N_EMD-15234_A	8A8N_EMD-15234_A	9
8AFX_EMD-15411_A	8AFX_EMD-15411_A	31
8AIX_EMD-15473_A	8AIX_EMD-15473_A	0
8AIX_EMD-15473_C	8AIX_EMD-15473_C	7
8AKU_EMD-15493_A	8AKU_EMD-15493_A	0
8AT2_EMD-15631_A	8AT2_EMD-15631_A	0
8AT2_EMD-15631_B	8AT2_EMD-15631_B	1
8AT2_EMD-15631_C	8AT2_EMD-15631_C	1
8AT2_EMD-15631_D	8AT2_EMD-15631_D	0
8ATX_EMD-15668_A	8ATX_EMD-15668_A	84
8AUK_EMD-15672_C	8AUK_EMD-15672_C	13
8AUW_EMD-15675_C	8AUW_EMD-15675_C	1
8AVE_EMD-15680_A	8AVE_EMD-15680_A	0
8AVE_EMD-15680_B	8AVE_EMD-15680_B	56
8AY4_EMD-15710_D	8AY4_EMD-15710_D	0
8AY5_EMD-15711_A	8AY5_EMD-15711_A	17
8AY5_EMD-15711_B	8AY5_EMD-15711_B	19
8AY5_EMD-15711_C	8AY5_EMD-15711_C	16
8B2X_EMD-15820_A	8B2X_EMD-15820_A	0
8B42_EMD-15837_A	8B42_EMD-15837_A	24
8B42_EMD-15837_E	8B42_EMD-15837_E	22
8B5R_EMD-15861_I	8B5R_EMD-15861_I	1
8B5R_EMD-15861_J	8B5R_EMD-15861_J	0
8B5R_EMD-15861_K	8B5R_EMD-15861_K	0
8B6L_EMD-15870_A	8B6L_EMD-15870_A	8
8B6L_EMD-15870_B	8B6L_EMD-15870_B	0
8B6L_EMD-15870_C	8B6L_EMD-15870_C	0
8B6L_EMD-15870_E	8B6L_EMD-15870_E	8
8B6L_EMD-15870_F	8B6L_EMD-15870_F	11
8B6L_EMD-15870_G	8B6L_EMD-15870_G	0
8B6L_EMD-15870_H	8B6L_EMD-15870_H	8
8B6L_EMD-15870_I	8B6L_EMD-15870_I	16
8B6L_EMD-15870_J	8B6L_EMD-15870_J	2
8B6L_EMD-15870_K	8B6L_EMD-15870_K	0
8B6L_EMD-15870_L	8B6L_EMD-15870_L	1
8B6L_EMD-15870_M	8B6L_EMD-15870_M	0
8B6L_EMD-15870_N	8B6L_EMD-15870_N	30
8B6L_EMD-15870_O	8B6L_EMD-15870_O	36
8B6L_EMD-15870_P	8B6L_EMD-15870_P	28
8BBF_EMD-15955_A	8BBF_EMD-15955_A	60
8BBF_EMD-15955_B	8BBF_EMD-15955_B	65
8BBF_EMD-15955_C	8BBF_EMD-15955_C	15
8BXD_EMD-16315_A	8BXD_EMD-16315_A	18
8C0W_EMD-16373_A	8C0W_EMD-16373_A	42
8C0W_EMD-16373_B	8C0W_EMD-16373_B	26
8C50_EMD-16431_A	8C50_EMD-16431_A	42
8C5C_EMD-16435_A	8C5C_EMD-16435_A	18
8CO6_EMD-16772_BA	8CO6_EMD-16772_BA	0
8COA_EMD-16774_A	8COA_EMD-16774_A	41
8COA_EMD-16774_Q	8COA_EMD-16774_Q	0
8CRB_EMD-16807_A	8CRB_EMD-16807_A	20
8CRB_EMD-16807_B	8CRB_EMD-16807_B	19
8CRB_EMD-16807_C	8CRB_EMD-16807_C	2
8CT1_EMD-26977_A	8CT1_EMD-26977_A	0
8CTJ_EMD-26992_A	8CTJ_EMD-26992_A	12
8CZD_EMD-27095_A	8CZD_EMD-27095_A	0
8DAN_EMD-27271_A	8DAN_EMD-27271_A	33
8DAN_EMD-27271_B	8DAN_EMD-27271_B	36
8DAN_EMD-27271_C	8DAN_EMD-27271_C	23
8DEC_EMD-27389_C	8DEC_EMD-27389_C	0
8DEQ_EMD-27395_G	8DEQ_EMD-27395_G	0
8DEQ_EMD-27395_H	8DEQ_EMD-27395_H	11
8DH8_EMD-27432_A	8DH8_EMD-27432_A	66
8DH8_EMD-27432_C	8DH8_EMD-27432_C	1
8DH9_EMD-27433_A	8DH9_EMD-27433_A	51
8DIT_EMD-27442_A	8DIT_EMD-27442_A	22
8DIT_EMD-27442_B	8DIT_EMD-27442_B	33
8DIT_EMD-27442_C	8DIT_EMD-27442_C	30
8DME_EMD-27534_A	8DME_EMD-27534_A	43
8DS6_EMD-27684_A	8DS6_EMD-27684_A	12
8DTL_EMD-27704_A	8DTL_EMD-27704_A	68
8DUO_EMD-27724_A	8DUO_EMD-27724_A	13
8DWT_EMD-27759_A	8DWT_EMD-27759_A	20
8DYO_EMD-27780_A	8DYO_EMD-27780_A	0
8DYO_EMD-27780_B	8DYO_EMD-27780_B	11
8E05_EMD-27817_A	8E05_EMD-27817_A	95
8E2Y_EMD-27851_B	8E2Y_EMD-27851_B	10
8E2Y_EMD-27851_C	8E2Y_EMD-27851_C	14
8E3A_EMD-27861_A	8E3A_EMD-27861_A	11
8E3A_EMD-27861_D	8E3A_EMD-27861_D	0
8E3C_EMD-27863_A	8E3C_EMD-27863_A	11
8E6S_EMD-27924_A	8E6S_EMD-27924_A	21
8EEQ_EMD-28055_A	8EEQ_EMD-28055_A	4
8EEW_EMD-28063_A	8EEW_EMD-28063_A	12
8EJ1_EMD-28172_A	8EJ1_EMD-28172_A	25
8EJ5_EMD-28176_A	8EJ5_EMD-28176_A	15
8EJ5_EMD-28176_B	8EJ5_EMD-28176_B	0
8EKI_EMD-28204_A	8EKI_EMD-28204_A	3
8EKI_EMD-28204_B	8EKI_EMD-28204_B	0
8EKI_EMD-28204_C	8EKI_EMD-28204_C	3
8EKI_EMD-28204_D	8EKI_EMD-28204_D	0
8EKI_EMD-28204_E	8EKI_EMD-28204_E	8
8EP1_EMD-28498_A	8EP1_EMD-28498_A	30
8EQB_EMD-28536_A	8EQB_EMD-28536_A	11
8EQB_EMD-28536_B	8EQB_EMD-28536_B	10
8EQB_EMD-28536_C	8EQB_EMD-28536_C	7
8ET2_EMD-28584_A	8ET2_EMD-28584_A	14
8EW5_EMD-28208_A	8EW5_EMD-28208_A	0
8EWY_EMD-28649_A	8EWY_EMD-28649_A	56
8EWY_EMD-28649_C	8EWY_EMD-28649_C	2
8EXT_EMD-28662_A	8EXT_EMD-28662_A	13
8EZ9_EMD-28731_B	8EZ9_EMD-28731_B	0
8FB9_EMD-28962_A	8FB9_EMD-28962_A	0
8FB9_EMD-28962_Q	8FB9_EMD-28962_Q	0
8FB9_EMD-28962_R	8FB9_EMD-28962_R	0
8FCK_EMD-28981_E	8FCK_EMD-28981_E	1
8FCK_EMD-28981_F	8FCK_EMD-28981_F	3
8FCK_EMD-28981_G	8FCK_EMD-28981_G	0
8FCK_EMD-28981_H	8FCK_EMD-28981_H	2
8FEL_EMD-29032_A	8FEL_EMD-29032_A	17
8FFJ_EMD-29044_A	8FFJ_EMD-29044_A	0
8FFJ_EMD-29044_B	8FFJ_EMD-29044_B	0
8FFJ_EMD-29044_D	8FFJ_EMD-29044_D	0
8FMB_EMD-29291_A	8FMB_EMD-29291_A	9
8FNW_EMD-29328_A	8FNW_EMD-29328_A	15
8FNW_EMD-29328_M	8FNW_EMD-29328_M	14
8FOE_EMD-29347_A	8FOE_EMD-29347_A	12
8FOE_EMD-29347_B	8FOE_EMD-29347_B	4
8FOE_EMD-29347_C	8FOE_EMD-29347_C	34
8FOE_EMD-29347_D	8FOE_EMD-29347_D	0
8FQ1_EMD-29373_E	8FQ1_EMD-29373_E	5
8FTK_EMD-29439_A	8FTK_EMD-29439_A	29
8FXR_EMD-29541_A	8FXR_EMD-29541_A	0
8FXR_EMD-29541_AC	8FXR_EMD-29541_AC	1
8FXR_EMD-29541_AE	8FXR_EMD-29541_AE	1
8FXR_EMD-29541_AG	8FXR_EMD-29541_AG	0
8FXR_EMD-29541_F	8FXR_EMD-29541_F	0
8FXR_EMD-29541_FG	8FXR_EMD-29541_FG	0
8FXR_EMD-29541_GG	8FXR_EMD-29541_GG	0
8FXR_EMD-29541_R	8FXR_EMD-29541_R	0
8FXR_EMD-29541_X	8FXR_EMD-29541_X	1
8FXR_EMD-29541_Y	8FXR_EMD-29541_Y	1
8FZC_EMD-29607_A	8FZC_EMD-29607_A	0
8G4L_EMD-29722_A	8G4L_EMD-29722_A	0
8G4L_EMD-29722_AA	8G4L_EMD-29722_AA	0
8G4L_EMD-29722_AC	8G4L_EMD-29722_AC	0
8G4L_EMD-29722_BC	8G4L_EMD-29722_BC	0
8G4L_EMD-29722_C	8G4L_EMD-29722_C	0
8G72_EMD-29794_A	8G72_EMD-29794_A	10
8G79_EMD-29803_D	8G79_EMD-29803_D	16
8G79_EMD-29803_E	8G79_EMD-29803_E	0
8GBS_EMD-29921_A	8GBS_EMD-29921_A	1
8GF7_EMD-29980_A	8GF7_EMD-29980_A	14
8GHA_EMD-40029_A	8GHA_EMD-40029_A	0
8GHA_EMD-40029_B	8GHA_EMD-40029_B	35
8GHA_EMD-40029_C	8GHA_EMD-40029_C	0
8GLT_EMD-40208_A	8GLT_EMD-40208_A	0
8GLT_EMD-40208_B	8GLT_EMD-40208_B	0
8GP3_EMD-34188_A	8GP3_EMD-34188_A	24
8GP3_EMD-34188_B	8GP3_EMD-34188_B	25
8GP3_EMD-34188_E	8GP3_EMD-34188_E	0
8GTC_EMD-34249_G	8GTC_EMD-34249_G	18
8GTC_EMD-34249_M	8GTC_EMD-34249_M	98
8GTC_EMD-34249_P	8GTC_EMD-34249_P	17
8GTC_EMD-34249_S	8GTC_EMD-34249_S	24
8GTD_EMD-34250_A	8GTD_EMD-34250_A	13
8GTD_EMD-34250_B	8GTD_EMD-34250_B	13
8GTF_EMD-34252_A	8GTF_EMD-34252_A	0
8GTF_EMD-34252_G	8GTF_EMD-34252_G	0
8GTF_EMD-34252_M	8GTF_EMD-34252_M	7
8H33_EMD-34449_E	8H33_EMD-34449_E	7
8H34_EMD-34450_A	8H34_EMD-34450_A	32
8H37_EMD-34453_J	8H37_EMD-34453_J	0
8H3A_EMD-34462_A	8H3A_EMD-34462_A	3
8H3A_EMD-34462_B	8H3A_EMD-34462_B	5
8H3A_EMD-34462_C	8H3A_EMD-34462_C	5
8H3A_EMD-34462_D	8H3A_EMD-34462_D	3
8H3F_EMD-34467_E	8H3F_EMD-34467_E	8
8H3F_EMD-34467_F	8H3F_EMD-34467_F	11
8H3F_EMD-34467_G	8H3F_EMD-34467_G	3
8H3F_EMD-34467_H	8H3F_EMD-34467_H	3
8H3F_EMD-34467_I	8H3F_EMD-34467_I	32
8H3S_EMD-32829_C	8H3S_EMD-32829_C	17
8H3U_EMD-32828_A	8H3U_EMD-32828_A	45
8H3U_EMD-32828_B	8H3U_EMD-32828_B	24
8HAE_EMD-34586_A	8HAE_EMD-34586_A	17
8HC6_EMD-34653_B	8HC6_EMD-34653_B	24
8HC6_EMD-34653_C	8HC6_EMD-34653_C	24
8HC6_EMD-34653_D	8HC6_EMD-34653_D	0
8HC7_EMD-34654_A	8HC7_EMD-34654_A	12
8HC7_EMD-34654_B	8HC7_EMD-34654_B	0
8HC7_EMD-34654_C	8HC7_EMD-34654_C	38
8HC7_EMD-34654_D	8HC7_EMD-34654_D	0
8HCR_EMD-34664_A	8HCR_EMD-34664_A	19
8HCR_EMD-34664_B	8HCR_EMD-34664_B	16
8HCR_EMD-34664_C	8HCR_EMD-34664_C	5
8HCR_EMD-34664_D	8HCR_EMD-34664_D	0
8HCR_EMD-34664_E	8HCR_EMD-34664_E	15
8HCR_EMD-34664_F	8HCR_EMD-34664_F	5
8HCR_EMD-34664_G	8HCR_EMD-34664_G	0
8HCR_EMD-34664_H	8HCR_EMD-34664_H	1
8HCR_EMD-34664_I	8HCR_EMD-34664_I	2
8HGJ_EMD-34740_A	8HGJ_EMD-34740_A	29
8HGJ_EMD-34740_B	8HGJ_EMD-34740_B	4
8HIA_EMD-34813_A	8HIA_EMD-34813_A	2
8HMD_EMD-34896_B	8HMD_EMD-34896_B	63
8HMD_EMD-34896_C	8HMD_EMD-34896_C	2
8HMD_EMD-34896_D	8HMD_EMD-34896_D	0
8HMF_EMD-34898_A	8HMF_EMD-34898_A	17
8HMF_EMD-34898_B	8HMF_EMD-34898_B	0
8HMF_EMD-34898_C	8HMF_EMD-34898_C	0
8HRE_EMD-34968_A	8HRE_EMD-34968_A	50
8HRG_EMD-34972_A	8HRG_EMD-34972_A	0
8HSL_EMD-35000_A	8HSL_EMD-35000_A	19
8HSL_EMD-35000_C	8HSL_EMD-35000_C	21
8HSL_EMD-35000_D	8HSL_EMD-35000_D	20
8HSL_EMD-35000_E	8HSL_EMD-35000_E	21
8HSL_EMD-35000_F	8HSL_EMD-35000_F	20
8HWL_EMD-35059_A	8HWL_EMD-35059_A	34
8I2H_EMD-35136_A	8I2H_EMD-35136_A	25
8I4V_EMD-35185_B	8I4V_EMD-35185_B	0
8I4V_EMD-35185_D	8I4V_EMD-35185_D	0
8I4W_EMD-35186_C	8I4W_EMD-35186_C	0
8I4W_EMD-35186_D	8I4W_EMD-35186_D	3
8I6U_EMD-35207_A	8I6U_EMD-35207_A	11
8I7O_EMD-35229_A	8I7O_EMD-35229_A	0
8I7O_EMD-35229_DD	8I7O_EMD-35229_DD	0
8I7O_EMD-35229_OE	8I7O_EMD-35229_OE	0
8I7O_EMD-35229_QB	8I7O_EMD-35229_QB	0
8I7R_EMD-35230_AE	8I7R_EMD-35230_AE	0
8I7R_EMD-35230_AQ	8I7R_EMD-35230_AQ	0
8I7R_EMD-35230_CP	8I7R_EMD-35230_CP	0
8I7R_EMD-35230_DH	8I7R_EMD-35230_DH	0
8I7R_EMD-35230_GQ	8I7R_EMD-35230_GQ	0
8I7R_EMD-35230_JB	8I7R_EMD-35230_JB	0
8I7R_EMD-35230_JC	8I7R_EMD-35230_JC	0
8I7R_EMD-35230_KK	8I7R_EMD-35230_KK	0
8I7R_EMD-35230_LC	8I7R_EMD-35230_LC	0
8I7R_EMD-35230_LE	8I7R_EMD-35230_LE	0
8I7R_EMD-35230_MI	8I7R_EMD-35230_MI	0
8I7R_EMD-35230_NG	8I7R_EMD-35230_NG	0
8I7R_EMD-35230_OE	8I7R_EMD-35230_OE	0
8I7R_EMD-35230_OG	8I7R_EMD-35230_OG	0
8I7R_EMD-35230_S	8I7R_EMD-35230_S	0
8I7R_EMD-35230_WF	8I7R_EMD-35230_WF	0
8I7R_EMD-35230_XF	8I7R_EMD-35230_XF	0
8I9J_EMD-35274_A	8I9J_EMD-35274_A	2
8I9J_EMD-35274_C	8I9J_EMD-35274_C	5
8I9M_EMD-35276_A	8I9M_EMD-35276_A	2
8I9M_EMD-35276_B	8I9M_EMD-35276_B	6
8IC2_EMD-35352_A	8IC2_EMD-35352_A	0
8IC2_EMD-35352_AA	8IC2_EMD-35352_AA	0
8IC2_EMD-35352_AB	8IC2_EMD-35352_AB	0
8IC2_EMD-35352_B	8IC2_EMD-35352_B	2
8IC2_EMD-35352_BA	8IC2_EMD-35352_BA	0
8IC2_EMD-35352_BB	8IC2_EMD-35352_BB	0
8IC2_EMD-35352_CA	8IC2_EMD-35352_CA	0
8IC2_EMD-35352_DA	8IC2_EMD-35352_DA	0
8IC2_EMD-35352_DB	8IC2_EMD-35352_DB	0
8IC2_EMD-35352_EA	8IC2_EMD-35352_EA	0
8IC2_EMD-35352_EB	8IC2_EMD-35352_EB	0
8IC2_EMD-35352_FA	8IC2_EMD-35352_FA	0
8IC2_EMD-35352_FB	8IC2_EMD-35352_FB	1
8IC2_EMD-35352_GA	8IC2_EMD-35352_GA	0
8IC2_EMD-35352_GB	8IC2_EMD-35352_GB	0
8IC2_EMD-35352_H	8IC2_EMD-35352_H	0
8IC2_EMD-35352_HA	8IC2_EMD-35352_HA	0
8IC2_EMD-35352_IA	8IC2_EMD-35352_IA	0
8IC2_EMD-35352_J	8IC2_EMD-35352_J	0
8IC2_EMD-35352_JA	8IC2_EMD-35352_JA	0
8IC2_EMD-35352_JB	8IC2_EMD-35352_JB	0
8IC2_EMD-35352_K	8IC2_EMD-35352_K	0
8IC2_EMD-35352_KA	8IC2_EMD-35352_KA	0
8IC2_EMD-35352_KB	8IC2_EMD-35352_KB	0
8IC2_EMD-35352_L	8IC2_EMD-35352_L	0
8IC2_EMD-35352_LA	8IC2_EMD-35352_LA	0
8IC2_EMD-35352_M	8IC2_EMD-35352_M	1
8IC2_EMD-35352_MA	8IC2_EMD-35352_MA	0
8IC2_EMD-35352_N	8IC2_EMD-35352_N	1
8IC2_EMD-35352_NA	8IC2_EMD-35352_NA	0
8IC2_EMD-35352_O	8IC2_EMD-35352_O	1
8IC2_EMD-35352_OA	8IC2_EMD-35352_OA	0
8IC2_EMD-35352_P	8IC2_EMD-35352_P	1
8IC2_EMD-35352_PA	8IC2_EMD-35352_PA	0
8IC2_EMD-35352_Q	8IC2_EMD-35352_Q	1
8IC2_EMD-35352_R	8IC2_EMD-35352_R	0
8IC2_EMD-35352_RA	8IC2_EMD-35352_RA	0
8IC2_EMD-35352_S	8IC2_EMD-35352_S	0
8IC2_EMD-35352_SA	8IC2_EMD-35352_SA	0
8IC2_EMD-35352_T	8IC2_EMD-35352_T	0
8IC2_EMD-35352_V	8IC2_EMD-35352_V	0
8IC2_EMD-35352_X	8IC2_EMD-35352_X	0
8IC2_EMD-35352_Y	8IC2_EMD-35352_Y	0
8IC2_EMD-35352_Z	8IC2_EMD-35352_Z	0
8IEL_EMD-35385_A	8IEL_EMD-35385_A	0
8IF6_EMD-35402_A	8IF6_EMD-35402_A	34
8IF6_EMD-35402_B	8IF6_EMD-35402_B	3
8IF6_EMD-35402_C	8IF6_EMD-35402_C	10
8IGQ_EMD-35437_A	8IGQ_EMD-35437_A	13
8IGQ_EMD-35437_B	8IGQ_EMD-35437_B	11
8IGQ_EMD-35437_D	8IGQ_EMD-35437_D	5
8IQF_EMD-35660_A	8IQF_EMD-35660_A	3
8IQF_EMD-35660_B	8IQF_EMD-35660_B	32
8IQF_EMD-35660_C	8IQF_EMD-35660_C	32
8IQF_EMD-35660_E	8IQF_EMD-35660_E	0
8IZN_EMD-35866_A	8IZN_EMD-35866_A	8
8IZN_EMD-35866_B	8IZN_EMD-35866_B	7
8J5Z_EMD-35996_A	8J5Z_EMD-35996_A	10
8JF7_EMD-36209_A	8JF7_EMD-36209_A	33
8JF7_EMD-36209_B	8JF7_EMD-36209_B	26
8JF7_EMD-36209_D	8JF7_EMD-36209_D	39
8JF7_EMD-36209_E	8JF7_EMD-36209_E	12
8JF7_EMD-36209_F	8JF7_EMD-36209_F	19
8JF7_EMD-36209_I	8JF7_EMD-36209_I	0
8JF7_EMD-36209_J	8JF7_EMD-36209_J	24
8JN3_EMD-36431_A	8JN3_EMD-36431_A	0
8JN3_EMD-36431_B	8JN3_EMD-36431_B	0
8JN3_EMD-36431_G	8JN3_EMD-36431_G	0
8JN3_EMD-36431_H	8JN3_EMD-36431_H	0
8JPG_EMD-36479_A	8JPG_EMD-36479_A	21
8JPG_EMD-36479_E	8JPG_EMD-36479_E	21
8JYS_EMD-36730_A	8JYS_EMD-36730_A	0
8K9B_EMD-36983_B	8K9B_EMD-36983_B	20
8K9B_EMD-36983_C	8K9B_EMD-36983_C	65
8KC3_EMD-37091_A	8KC3_EMD-37091_A	10
8KC3_EMD-37091_D	8KC3_EMD-37091_D	31
8KC3_EMD-37091_E	8KC3_EMD-37091_E	59
8ODV_EMD-16819_A	8ODV_EMD-16819_A	8
8ODV_EMD-16819_C	8ODV_EMD-16819_C	2
8OJJ_EMD-16914_A	8OJJ_EMD-16914_A	3
8OOH_EMD-17015_A	8OOH_EMD-17015_A	8
8OOK_EMD-17017_A	8OOK_EMD-17017_A	0
8OSH_EMD-17153_A	8OSH_EMD-17153_A	8
8P0V_EMD-17339_C	8P0V_EMD-17339_C	0
8P0V_EMD-17339_E	8P0V_EMD-17339_E	0
8P0X_EMD-17341_A	8P0X_EMD-17341_A	0
8P0X_EMD-17341_B	8P0X_EMD-17341_B	0
8P0X_EMD-17341_C	8P0X_EMD-17341_C	0
8P0X_EMD-17341_E	8P0X_EMD-17341_E	0
8P13_EMD-17344_A	8P13_EMD-17344_A	6
8P13_EMD-17344_B	8P13_EMD-17344_B	28
8P15_EMD-17345_F	8P15_EMD-17345_F	0
8P15_EMD-17345_G	8P15_EMD-17345_G	0
8PHU_EMD-17675_A	8PHU_EMD-17675_A	0
8PHU_EMD-17675_C	8PHU_EMD-17675_C	0
8PHU_EMD-17675_D	8PHU_EMD-17675_D	0
8PHU_EMD-17675_E	8PHU_EMD-17675_E	0
8PHU_EMD-17675_J	8PHU_EMD-17675_J	0
8PHU_EMD-17675_LN	8PHU_EMD-17675_LN	0
8PU7_EMD-17930_A	8PU7_EMD-17930_A	0
8PUH_EMD-17943_A	8PUH_EMD-17943_A	0
8Q4G_EMD-18147_G	8Q4G_EMD-18147_G	0
8Q4L_EMD-18149_A	8Q4L_EMD-18149_A	12
8Q4L_EMD-18149_B	8Q4L_EMD-18149_B	0
8Q5H_EMD-18179_A	8Q5H_EMD-18179_A	0
8Q5H_EMD-18179_B	8Q5H_EMD-18179_B	0
8Q5H_EMD-18179_C	8Q5H_EMD-18179_C	0
8Q5H_EMD-18179_D	8Q5H_EMD-18179_D	2
8Q5H_EMD-18179_E	8Q5H_EMD-18179_E	0
8Q5H_EMD-18179_F	8Q5H_EMD-18179_F	0
8Q5H_EMD-18179_G	8Q5H_EMD-18179_G	0
8QFV_EMD-18384_A	8QFV_EMD-18384_A	0
8QHV_EMD-18420_A	8QHV_EMD-18420_A	0
8QPU_EMD-18562_G	8QPU_EMD-18562_G	0
8QPW_EMD-18564_F	8QPW_EMD-18564_F	3
8QPW_EMD-18564_G	8QPW_EMD-18564_G	0
8QQL_EMD-18595_A	8QQL_EMD-18595_A	6
8QQM_EMD-18596_A	8QQM_EMD-18596_A	0
8QQM_EMD-18596_B	8QQM_EMD-18596_B	0
8QQM_EMD-18596_C	8QQM_EMD-18596_C	1
8QQM_EMD-18596_E	8QQM_EMD-18596_E	0
8QV0_EMD-18664_A	8QV0_EMD-18664_A	15
8QV0_EMD-18664_B	8QV0_EMD-18664_B	19
8QX8_EMD-18701_A	8QX8_EMD-18701_A	30
8QX8_EMD-18701_B	8QX8_EMD-18701_B	32
8QX8_EMD-18701_C	8QX8_EMD-18701_C	24
8QX8_EMD-18701_D	8QX8_EMD-18701_D	17
8QX8_EMD-18701_E	8QX8_EMD-18701_E	0
8QX8_EMD-18701_F	8QX8_EMD-18701_F	34
8RBG_EMD-19031_A	8RBG_EMD-19031_A	29
8RHN_EMD-19177_A	8RHN_EMD-19177_A	2
8RHN_EMD-19177_E	8RHN_EMD-19177_E	12
8RHN_EMD-19177_G	8RHN_EMD-19177_G	15
8RHN_EMD-19177_I	8RHN_EMD-19177_I	16
8RJK_EMD-19250_A	8RJK_EMD-19250_A	7
8RK4_EMD-19259_A	8RK4_EMD-19259_A	0
8RK5_EMD-19260_A	8RK5_EMD-19260_A	23
8RK5_EMD-19260_B	8RK5_EMD-19260_B	24
8RQE_EMD-19439_A	8RQE_EMD-19439_A	0
8RQE_EMD-19439_AGA	8RQE_EMD-19439_AGA	0
8RQE_EMD-19439_BGA	8RQE_EMD-19439_BGA	0
8RQE_EMD-19439_DFA	8RQE_EMD-19439_DFA	0
8RQE_EMD-19439_G	8RQE_EMD-19439_G	0
8RQE_EMD-19439_JFA	8RQE_EMD-19439_JFA	0
8RRT_EMD-19464_A	8RRT_EMD-19464_A	8
8RRU_EMD-19465_I	8RRU_EMD-19465_I	8
8RTA_EMD-19484_E	8RTA_EMD-19484_E	9
8RTY_EMD-19499_E	8RTY_EMD-19499_E	6
8RTY_EMD-19499_G	8RTY_EMD-19499_G	0
8RTY_EMD-19499_J	8RTY_EMD-19499_J	1
8RVE_EMD-16844_A	8RVE_EMD-16844_A	1
8S41_EMD-19708_A	8S41_EMD-19708_A	2
8S90_EMD-40233_A	8S90_EMD-40233_A	0
8SAL_EMD-40273_D	8SAL_EMD-40273_D	11
8SAT_EMD-40279_A	8SAT_EMD-40279_A	39
8SAT_EMD-40279_B	8SAT_EMD-40279_B	1
8SAT_EMD-40279_C	8SAT_EMD-40279_C	13
8SIN_EMD-40510_A	8SIN_EMD-40510_A	0
8SL3_EMD-40572_C	8SL3_EMD-40572_C	0
8SL4_EMD-40573_A	8SL4_EMD-40573_A	16
8SLQ_EMD-40580_A	8SLQ_EMD-40580_A	15
8SQZ_EMD-40715_C	8SQZ_EMD-40715_C	0
8SQZ_EMD-40715_E	8SQZ_EMD-40715_E	0
8STA_EMD-40758_A	8STA_EMD-40758_A	31
8SXI_EMD-40853_A	8SXI_EMD-40853_A	43
8SXI_EMD-40853_B	8SXI_EMD-40853_B	1
8SXI_EMD-40853_C	8SXI_EMD-40853_C	11
8SXI_EMD-40853_D	8SXI_EMD-40853_D	11
8T1H_EMD-40967_A	8T1H_EMD-40967_A	9
8T1I_EMD-40968_B	8T1I_EMD-40968_B	0
8T1I_EMD-40968_H	8T1I_EMD-40968_H	0
8T1I_EMD-40968_M	8T1I_EMD-40968_M	13
8T1I_EMD-40968_N	8T1I_EMD-40968_N	0
8T1I_EMD-40968_R	8T1I_EMD-40968_R	0
8T1I_EMD-40968_U	8T1I_EMD-40968_U	0
8T1I_EMD-40968_V	8T1I_EMD-40968_V	4
8T1I_EMD-40968_Y	8T1I_EMD-40968_Y	0
8T1I_EMD-40968_Z	8T1I_EMD-40968_Z	0
8T1L_EMD-40971_A	8T1L_EMD-40971_A	15
8T1L_EMD-40971_B	8T1L_EMD-40971_B	0
8T1L_EMD-40971_D	8T1L_EMD-40971_D	0
8T1L_EMD-40971_E	8T1L_EMD-40971_E	0
8T1L_EMD-40971_F	8T1L_EMD-40971_F	0
8T1L_EMD-40971_G	8T1L_EMD-40971_G	0
8T1L_EMD-40971_K	8T1L_EMD-40971_K	22
8T1L_EMD-40971_L	8T1L_EMD-40971_L	16
8T1L_EMD-40971_N	8T1L_EMD-40971_N	0
8T1L_EMD-40971_O	8T1L_EMD-40971_O	10
8T1L_EMD-40971_P	8T1L_EMD-40971_P	0
8T1L_EMD-40971_R	8T1L_EMD-40971_R	0
8T1L_EMD-40971_S	8T1L_EMD-40971_S	0
8T1L_EMD-40971_U	8T1L_EMD-40971_U	0
8T1L_EMD-40971_V	8T1L_EMD-40971_V	6
8T1L_EMD-40971_Z	8T1L_EMD-40971_Z	0
8T4I_EMD-41032_A	8T4I_EMD-41032_A	21
8T4I_EMD-41032_B	8T4I_EMD-41032_B	14
8T4I_EMD-41032_C	8T4I_EMD-41032_C	0
8T9D_EMD-41107_F	8T9D_EMD-41107_F	0
8T9D_EMD-41107_I	8T9D_EMD-41107_I	28
8T9D_EMD-41107_J	8T9D_EMD-41107_J	2
8T9L_EMD-41117_A	8T9L_EMD-41117_A	0
8T9L_EMD-41117_B	8T9L_EMD-41117_B	0
8TFC_EMD-41229_A	8TFC_EMD-41229_A	24
8TH8_EMD-41251_A	8TH8_EMD-41251_A	0
8TH8_EMD-41251_B	8TH8_EMD-41251_B	0
8TH8_EMD-41251_C	8TH8_EMD-41251_C	6
8TH8_EMD-41251_D	8TH8_EMD-41251_D	0
8TH8_EMD-41251_E	8TH8_EMD-41251_E	0
8TH8_EMD-41251_F	8TH8_EMD-41251_F	11
8TH8_EMD-41251_G	8TH8_EMD-41251_G	14
8TH8_EMD-41251_H	8TH8_EMD-41251_H	30
8TH8_EMD-41251_I	8TH8_EMD-41251_I	4
8TH8_EMD-41251_J	8TH8_EMD-41251_J	0
8TH8_EMD-41251_K	8TH8_EMD-41251_K	0
8TH8_EMD-41251_L	8TH8_EMD-41251_L	10
8TH8_EMD-41251_M	8TH8_EMD-41251_M	0
8TH8_EMD-41251_N	8TH8_EMD-41251_N	0
8TH8_EMD-41251_P	8TH8_EMD-41251_P	15
8TJ5_EMD-41300_AA	8TJ5_EMD-41300_AA	0
8TJ5_EMD-41300_BA	8TJ5_EMD-41300_BA	0
8TJ5_EMD-41300_CA	8TJ5_EMD-41300_CA	0
8TJ5_EMD-41300_U	8TJ5_EMD-41300_U	4
8TJ5_EMD-41300_V	8TJ5_EMD-41300_V	2
8TJ5_EMD-41300_W	8TJ5_EMD-41300_W	4
8TO0_EMD-41431_BA	8TO0_EMD-41431_BA	0
8TO0_EMD-41431_CC	8TO0_EMD-41431_CC	0
8TO0_EMD-41431_CQ	8TO0_EMD-41431_CQ	0
8TO0_EMD-41431_DG	8TO0_EMD-41431_DG	0
8TO0_EMD-41431_DP	8TO0_EMD-41431_DP	0
8TO0_EMD-41431_EE	8TO0_EMD-41431_EE	0
8TO0_EMD-41431_GQ	8TO0_EMD-41431_GQ	0
8TO0_EMD-41431_IN	8TO0_EMD-41431_IN	0
8TO0_EMD-41431_JJ	8TO0_EMD-41431_JJ	0
8TO0_EMD-41431_KD	8TO0_EMD-41431_KD	0
8TO0_EMD-41431_LN	8TO0_EMD-41431_LN	0
8TO0_EMD-41431_LQ	8TO0_EMD-41431_LQ	0
8TO0_EMD-41431_PQ	8TO0_EMD-41431_PQ	0
8TO0_EMD-41431_QQ	8TO0_EMD-41431_QQ	0
8TO0_EMD-41431_RQ	8TO0_EMD-41431_RQ	0
8TO0_EMD-41431_XF	8TO0_EMD-41431_XF	0
8TUW_EMD-41633_A	8TUW_EMD-41633_A	2
8TUW_EMD-41633_B	8TUW_EMD-41633_B	0
8U8H_EMD-42024_A	8U8H_EMD-42024_A	0
8U95_EMD-42024_A	8U95_EMD-42024_A	0
8UBU_EMD-42105_A	8UBU_EMD-42105_A	6
8UBU_EMD-42105_C	8UBU_EMD-42105_C	3
8UBU_EMD-42105_D	8UBU_EMD-42105_D	16
8UBU_EMD-42105_E	8UBU_EMD-42105_E	4
8UCR_EMD-42136_A	8UCR_EMD-42136_A	2
8UCR_EMD-42136_B	8UCR_EMD-42136_B	0
8UDG_EMD-42149_A	8UDG_EMD-42149_A	2
8UDG_EMD-42149_D	8UDG_EMD-42149_D	0
8UF8_EMD-42186_A	8UF8_EMD-42186_A	34
8UGR_EMD-42233_AA	8UGR_EMD-42233_AA	0
8UGR_EMD-42233_AF	8UGR_EMD-42233_AF	0
8UGR_EMD-42233_B	8UGR_EMD-42233_B	0
8UGR_EMD-42233_BA	8UGR_EMD-42233_BA	0
8UGR_EMD-42233_BC	8UGR_EMD-42233_BC	0
8UGR_EMD-42233_CA	8UGR_EMD-42233_CA	0
8UGR_EMD-42233_CC	8UGR_EMD-42233_CC	0
8UGR_EMD-42233_CF	8UGR_EMD-42233_CF	0
8UGR_EMD-42233_D	8UGR_EMD-42233_D	0
8UGR_EMD-42233_DA	8UGR_EMD-42233_DA	0
8UGR_EMD-42233_E	8UGR_EMD-42233_E	1
8UGR_EMD-42233_EA	8UGR_EMD-42233_EA	0
8UGR_EMD-42233_F	8UGR_EMD-42233_F	0
8UGR_EMD-42233_FA	8UGR_EMD-42233_FA	0
8UGR_EMD-42233_H	8UGR_EMD-42233_H	0
8UGR_EMD-42233_HA	8UGR_EMD-42233_HA	0
8UGR_EMD-42233_I	8UGR_EMD-42233_I	0
8UGR_EMD-42233_J	8UGR_EMD-42233_J	0
8UGR_EMD-42233_JA	8UGR_EMD-42233_JA	0
8UGR_EMD-42233_K	8UGR_EMD-42233_K	0
8UGR_EMD-42233_L	8UGR_EMD-42233_L	0
8UGR_EMD-42233_M	8UGR_EMD-42233_M	0
8UGR_EMD-42233_MA	8UGR_EMD-42233_MA	0
8UGR_EMD-42233_N	8UGR_EMD-42233_N	0
8UGR_EMD-42233_O	8UGR_EMD-42233_O	0
8UGR_EMD-42233_P	8UGR_EMD-42233_P	0
8UGR_EMD-42233_Q	8UGR_EMD-42233_Q	0
8UGR_EMD-42233_R	8UGR_EMD-42233_R	0
8UGR_EMD-42233_SA	8UGR_EMD-42233_SA	0
8UGR_EMD-42233_T	8UGR_EMD-42233_T	0
8UK2_EMD-42343_A	8UK2_EMD-42343_A	0
8UK3_EMD-42344_B	8UK3_EMD-42344_B	0
8UOX_EMD-42439_D	8UOX_EMD-42439_D	1
8UP1_EMD-42442_A	8UP1_EMD-42442_A	7
8UPL_EMD-42451_B	8UPL_EMD-42451_B	0
8UQK_EMD-42472_A	8UQK_EMD-42472_A	20
8UYD_EMD-42800_A	8UYD_EMD-42800_A	21
8V0K_EMD-42858_E	8V0K_EMD-42858_E	0
8V2D_EMD-42906_A	8V2D_EMD-42906_A	0
8V3B_EMD-42944_A	8V3B_EMD-42944_A	0
8V3B_EMD-42944_Y	8V3B_EMD-42944_Y	0
8V43_EMD-42964_A	8V43_EMD-42964_A	4
8V43_EMD-42964_B	8V43_EMD-42964_B	18
8V43_EMD-42964_C	8V43_EMD-42964_C	18
8V43_EMD-42964_D	8V43_EMD-42964_D	18
8VAN_EMD-43096_A	8VAN_EMD-43096_A	6
8VAN_EMD-43096_B	8VAN_EMD-43096_B	7
8VAN_EMD-43096_E	8VAN_EMD-43096_E	9
8VAN_EMD-43096_F	8VAN_EMD-43096_F	30
8VDQ_EMD-43155_A	8VDQ_EMD-43155_A	13
8VHI_EMD-43238_A	8VHI_EMD-43238_A	9
8VIB_EMD-43256_A	8VIB_EMD-43256_A	0
8VIB_EMD-43256_C	8VIB_EMD-43256_C	0
8VJ7_EMD-43276_A	8VJ7_EMD-43276_A	38
8VRJ_EMD-43482_AB	8VRJ_EMD-43482_AB	0
8VRJ_EMD-43482_C	8VRJ_EMD-43482_C	6
8VWI_EMD-43588_J	8VWI_EMD-43588_J	6
8VWI_EMD-43588_K	8VWI_EMD-43588_K	5
8VYV_EMD-43679_B	8VYV_EMD-43679_B	0
8VYW_EMD-43680_A	8VYW_EMD-43680_A	0
8VYW_EMD-43680_C	8VYW_EMD-43680_C	0
8W1I_EMD-43726_A	8W1I_EMD-43726_A	40
8W9Q_EMD-37379_A	8W9Q_EMD-37379_A	38
8W9Q_EMD-37379_R	8W9Q_EMD-37379_R	26
8W9Q_EMD-37379_U	8W9Q_EMD-37379_U	0
8W9R_EMD-37380_C	8W9R_EMD-37380_C	11
8W9R_EMD-37380_P	8W9R_EMD-37380_P	8
8WB7_EMD-37417_A	8WB7_EMD-37417_A	0
8WDC_EMD-37461_A	8WDC_EMD-37461_A	0
8WGC_EMD-37508_A	8WGC_EMD-37508_A	33
8WGC_EMD-37508_B	8WGC_EMD-37508_B	0
8WIW_EMD-37570_E	8WIW_EMD-37570_E	0
8WJL_EMD-37584_C	8WJL_EMD-37584_C	3
8WO0_EMD-37676_A	8WO0_EMD-37676_A	0
8WO5_EMD-37679_A	8WO5_EMD-37679_A	0
8WO5_EMD-37679_AC	8WO5_EMD-37679_AC	0
8WO5_EMD-37679_AG	8WO5_EMD-37679_AG	0
8WO5_EMD-37679_AH	8WO5_EMD-37679_AH	0
8WO5_EMD-37679_K	8WO5_EMD-37679_K	0
8WO5_EMD-37679_L	8WO5_EMD-37679_L	0
8WO5_EMD-37679_LB	8WO5_EMD-37679_LB	0
8WO5_EMD-37679_M	8WO5_EMD-37679_M	0
8WO5_EMD-37679_OB	8WO5_EMD-37679_OB	0
8WO5_EMD-37679_PB	8WO5_EMD-37679_PB	0
8WO5_EMD-37679_V	8WO5_EMD-37679_V	0
8X9W_EMD-38186_O	8X9W_EMD-38186_O	18
8X9W_EMD-38186_P	8X9W_EMD-38186_P	0
8X9W_EMD-38186_Q	8X9W_EMD-38186_Q	0
8X9W_EMD-38186_S	8X9W_EMD-38186_S	0
8XA1_EMD-38191_B	8XA1_EMD-38191_B	0
8XA1_EMD-38191_C	8XA1_EMD-38191_C	55
8XA1_EMD-38191_E	8XA1_EMD-38191_E	0
8XKM_EMD-38420_C	8XKM_EMD-38420_C	2
8XOU_EMD-38541_A	8XOU_EMD-38541_A	2
8XVA_EMD-38694_A	8XVA_EMD-38694_A	0
8XVA_EMD-38694_B	8XVA_EMD-38694_B	21
8XVA_EMD-38694_C	8XVA_EMD-38694_C	0
8XVA_EMD-38694_D	8XVA_EMD-38694_D	0
8XVA_EMD-38694_G	8XVA_EMD-38694_G	0
8XVA_EMD-38694_K	8XVA_EMD-38694_K	0
8XWQ_EMD-38741_A	8XWQ_EMD-38741_A	6
8XWQ_EMD-38741_B	8XWQ_EMD-38741_B	28
8Y6Q_EMD-38995_A	8Y6Q_EMD-38995_A	0
8Y6Q_EMD-38995_F	8Y6Q_EMD-38995_F	0
8YB7_EMD-39112_A	8YB7_EMD-39112_A	10
8YB7_EMD-39112_C	8YB7_EMD-39112_C	26
8YBS_EMD-34546_D	8YBS_EMD-34546_D	68
8YBZ_EMD-34603_D	8YBZ_EMD-34603_D	15
8YDX_EMD-39184_A	8YDX_EMD-39184_A	72
8YDZ_EMD-39186_A	8YDZ_EMD-39186_A	73
8YFG_EMD-39223_A	8YFG_EMD-39223_A	21
8YFG_EMD-39223_C	8YFG_EMD-39223_C	0
8YFU_EMD-39230_A	8YFU_EMD-39230_A	0
8YGF_EMD-39246_A	8YGF_EMD-39246_A	14
8YGF_EMD-39246_C	8YGF_EMD-39246_C	10
8YOD_EMD-39444_A	8YOD_EMD-39444_A	15
8YOD_EMD-39444_B	8YOD_EMD-39444_B	17
8YQF_EMD-39498_A	8YQF_EMD-39498_A	16
8YS2_EMD-38376_A	8YS2_EMD-38376_A	38
8YS2_EMD-38376_B	8YS2_EMD-38376_B	31
8YS2_EMD-38376_M	8YS2_EMD-38376_M	4
8YS4_EMD-38377_C	8YS4_EMD-38377_C	15
8YS4_EMD-38377_M	8YS4_EMD-38377_M	2
8YS4_EMD-38377_Q	8YS4_EMD-38377_Q	2
8YTC_EMD-39571_A	8YTC_EMD-39571_A	2
8Z6Q_EMD-39801_C	8Z6Q_EMD-39801_C	70
8Z93_EMD-39853_A	8Z93_EMD-39853_A	0
8Z94_EMD-39854_A	8Z94_EMD-39854_A	1
8Z9V_EMD-39869_A	8Z9V_EMD-39869_A	6
8Z9V_EMD-39869_B	8Z9V_EMD-39869_B	0
8ZC6_EMD-39924_D	8ZC6_EMD-39924_D	70
8ZC6_EMD-39924_E	8ZC6_EMD-39924_E	70
8ZIP_EMD-60125_B	8ZIP_EMD-60125_B	0
8ZJ2_EMD-60136_E	8ZJ2_EMD-60136_E	9
8ZJM_EMD-60150_C	8ZJM_EMD-60150_C	6
8ZKM_EMD-60199_A	8ZKM_EMD-60199_A	2
8ZKM_EMD-60199_B	8ZKM_EMD-60199_B	11
8ZKM_EMD-60199_D	8ZKM_EMD-60199_D	0
8ZKM_EMD-60199_E	8ZKM_EMD-60199_E	50
9AY5_EMD-43960_A	9AY5_EMD-43960_A	2
9AY5_EMD-43960_AB	9AY5_EMD-43960_AB	1
9AY5_EMD-43960_AC	9AY5_EMD-43960_AC	0
9AY5_EMD-43960_G	9AY5_EMD-43960_G	0
9AY5_EMD-43960_KA	9AY5_EMD-43960_KA	0
9AY5_EMD-43960_M	9AY5_EMD-43960_M	0
9AY5_EMD-43960_S	9AY5_EMD-43960_S	0
9AY5_EMD-43960_Y	9AY5_EMD-43960_Y	0
9B8L_EMD-44349_A	9B8L_EMD-44349_A	116
9BD8_EMD-44446_A	9BD8_EMD-44446_A	27
9BD8_EMD-44446_B	9BD8_EMD-44446_B	22
9BQX_EMD-44828_A	9BQX_EMD-44828_A	0
9BRR_EMD-44841_A	9BRR_EMD-44841_A	0
9BRR_EMD-44841_AA	9BRR_EMD-44841_AA	0
9BRR_EMD-44841_B	9BRR_EMD-44841_B	0
9BRR_EMD-44841_CA	9BRR_EMD-44841_CA	0
9BRR_EMD-44841_DA	9BRR_EMD-44841_DA	0
9BRR_EMD-44841_EA	9BRR_EMD-44841_EA	0
9BRR_EMD-44841_FA	9BRR_EMD-44841_FA	0
9BRR_EMD-44841_K	9BRR_EMD-44841_K	0
9BRR_EMD-44841_N	9BRR_EMD-44841_N	0
9BRR_EMD-44841_Q	9BRR_EMD-44841_Q	4
9BRR_EMD-44841_X	9BRR_EMD-44841_X	5
9BRR_EMD-44841_Z	9BRR_EMD-44841_Z	0
9BYW_EMD-45046_A	9BYW_EMD-45046_A	31
9BYW_EMD-45046_C	9BYW_EMD-45046_C	0
9C58_EMD-45207_A	9C58_EMD-45207_A	8
9C58_EMD-45207_C	9C58_EMD-45207_C	0
9C58_EMD-45207_D	9C58_EMD-45207_D	0
9C5B_EMD-45213_A	9C5B_EMD-45213_A	6
9C5B_EMD-45213_F	9C5B_EMD-45213_F	0
9C5B_EMD-45213_G	9C5B_EMD-45213_G	0
9C62_EMD-45240_A	9C62_EMD-45240_A	25
9C62_EMD-45240_B	9C62_EMD-45240_B	23
9C62_EMD-45240_F	9C62_EMD-45240_F	24
9C62_EMD-45240_G	9C62_EMD-45240_G	19
9C62_EMD-45240_H	9C62_EMD-45240_H	5
9C62_EMD-45240_J	9C62_EMD-45240_J	18
9C62_EMD-45240_K	9C62_EMD-45240_K	5
9C62_EMD-45240_M	9C62_EMD-45240_M	17
9C62_EMD-45240_N	9C62_EMD-45240_N	1
9C7P_EMD-45283_A	9C7P_EMD-45283_A	41
9C82_EMD-45297_A	9C82_EMD-45297_A	38
9C82_EMD-45297_B	9C82_EMD-45297_B	19
9C82_EMD-45297_C	9C82_EMD-45297_C	3
9C82_EMD-45297_D	9C82_EMD-45297_D	11
9C82_EMD-45297_E	9C82_EMD-45297_E	0
9C9U_EMD-45371_A	9C9U_EMD-45371_A	0
9C9U_EMD-45371_B	9C9U_EMD-45371_B	0
9C9U_EMD-45371_C	9C9U_EMD-45371_C	0
9CBC_EMD-45422_A	9CBC_EMD-45422_A	19
9CBC_EMD-45422_B	9CBC_EMD-45422_B	43
9CBC_EMD-45422_C	9CBC_EMD-45422_C	33
9CBC_EMD-45422_P	9CBC_EMD-45422_P	108
9CBC_EMD-45422_Q	9CBC_EMD-45422_Q	56
9CHO_EMD-45591_A	9CHO_EMD-45591_A	86
9CJL_EMD-45635_A	9CJL_EMD-45635_A	0
9CM2_EMD-45737_A	9CM2_EMD-45737_A	0
9CM2_EMD-45737_D	9CM2_EMD-45737_D	0
9CM5_EMD-45739_A	9CM5_EMD-45739_A	90
9CN0_EMD-45755_B	9CN0_EMD-45755_B	0
9CN0_EMD-45755_C	9CN0_EMD-45755_C	0
9CN1_EMD-45756_A	9CN1_EMD-45756_A	48
9COD_EMD-45776_A	9COD_EMD-45776_A	6
9CR2_EMD-45830_I	9CR2_EMD-45830_I	0
9CS4_EMD-45887_A	9CS4_EMD-45887_A	23
9CTH_EMD-42405_A	9CTH_EMD-42405_A	59
9CTH_EMD-42405_B	9CTH_EMD-42405_B	8
9CTH_EMD-42405_C	9CTH_EMD-42405_C	20
9CTH_EMD-42405_D	9CTH_EMD-42405_D	28
9CTH_EMD-42405_E	9CTH_EMD-42405_E	48
9D2F_EMD-46494_A	9D2F_EMD-46494_A	50
9D2F_EMD-46494_AA	9D2F_EMD-46494_AA	0
9D2F_EMD-46494_B	9D2F_EMD-46494_B	17
9D2F_EMD-46494_BA	9D2F_EMD-46494_BA	0
9D2F_EMD-46494_D	9D2F_EMD-46494_D	23
9D2F_EMD-46494_E	9D2F_EMD-46494_E	14
9D2F_EMD-46494_G	9D2F_EMD-46494_G	21
9D2F_EMD-46494_K	9D2F_EMD-46494_K	68
9D2F_EMD-46494_L	9D2F_EMD-46494_L	2
9D2F_EMD-46494_N	9D2F_EMD-46494_N	0
9D2F_EMD-46494_O	9D2F_EMD-46494_O	17
9D2F_EMD-46494_P	9D2F_EMD-46494_P	3
9D2F_EMD-46494_Q	9D2F_EMD-46494_Q	5
9D2F_EMD-46494_R	9D2F_EMD-46494_R	17
9D2F_EMD-46494_S	9D2F_EMD-46494_S	4
9D2F_EMD-46494_T	9D2F_EMD-46494_T	12
9D2F_EMD-46494_U	9D2F_EMD-46494_U	18
9D2F_EMD-46494_V	9D2F_EMD-46494_V	7
9D2F_EMD-46494_W	9D2F_EMD-46494_W	0
9D2F_EMD-46494_X	9D2F_EMD-46494_X	0
9D2F_EMD-46494_Y	9D2F_EMD-46494_Y	0
9D2F_EMD-46494_Z	9D2F_EMD-46494_Z	0
9DGT_EMD-46847_BA	9DGT_EMD-46847_BA	0
9DGT_EMD-46847_J	9DGT_EMD-46847_J	19
9DGT_EMD-46847_K	9DGT_EMD-46847_K	11
9DGT_EMD-46847_L	9DGT_EMD-46847_L	11
9DGT_EMD-46847_M	9DGT_EMD-46847_M	3
9DGT_EMD-46847_S	9DGT_EMD-46847_S	0
9DGU_EMD-46848_X	9DGU_EMD-46848_X	0
9DHQ_EMD-46873_E	9DHQ_EMD-46873_E	6
9DLG_EMD-46977_A	9DLG_EMD-46977_A	8
9DNN_EMD-47043_C	9DNN_EMD-47043_C	0
9DNN_EMD-47043_E	9DNN_EMD-47043_E	0
9DOG_EMD-47083_A	9DOG_EMD-47083_A	0
9DOG_EMD-47083_C	9DOG_EMD-47083_C	0
9DRL_EMD-47128_A	9DRL_EMD-47128_A	4
9DRL_EMD-47128_B	9DRL_EMD-47128_B	4
9DRY_EMD-47134_A	9DRY_EMD-47134_A	7
9DRY_EMD-47134_B	9DRY_EMD-47134_B	7
9DRY_EMD-47134_C	9DRY_EMD-47134_C	0
9DSM_EMD-47147_A	9DSM_EMD-47147_A	0
9DVC_EMD-47200_A	9DVC_EMD-47200_A	0
9DVC_EMD-47200_B	9DVC_EMD-47200_B	0
9DVC_EMD-47200_C	9DVC_EMD-47200_C	0
9DVC_EMD-47200_D	9DVC_EMD-47200_D	0
9DWU_EMD-47265_A	9DWU_EMD-47265_A	36
9DWU_EMD-47265_B	9DWU_EMD-47265_B	0
9DWU_EMD-47265_C	9DWU_EMD-47265_C	6
9E0H_EMD-47356_A	9E0H_EMD-47356_A	0
9E13_EMD-47382_E	9E13_EMD-47382_E	9
9E14_EMD-47383_G	9E14_EMD-47383_G	5
9E14_EMD-47383_I	9E14_EMD-47383_I	4
9E14_EMD-47383_M	9E14_EMD-47383_M	0
9E23_EMD-47430_L	9E23_EMD-47430_L	0
9EAD_EMD-47830_A	9EAD_EMD-47830_A	19
9EAD_EMD-47830_B	9EAD_EMD-47830_B	16
9EAD_EMD-47830_C	9EAD_EMD-47830_C	12
9EDD_EMD-47945_B	9EDD_EMD-47945_B	16
9ELD_EMD-48145_A	9ELD_EMD-48145_A	10
9EOF_EMD-19853_A	9EOF_EMD-19853_A	0
9EOF_EMD-19853_B	9EOF_EMD-19853_B	0
9EOF_EMD-19853_C	9EOF_EMD-19853_C	4
9EOF_EMD-19853_D	9EOF_EMD-19853_D	7
9EPR_EMD-19884_C	9EPR_EMD-19884_C	0
9EPR_EMD-19884_D	9EPR_EMD-19884_D	0
9EUF_EMD-19968_A	9EUF_EMD-19968_A	2
9EUF_EMD-19968_EB	9EUF_EMD-19968_EB	0
9EUF_EMD-19968_F	9EUF_EMD-19968_F	0
9EUF_EMD-19968_I	9EUF_EMD-19968_I	0
9EUG_EMD-19969_A	9EUG_EMD-19969_A	9
9EUG_EMD-19969_B	9EUG_EMD-19969_B	27
9EUG_EMD-19969_C	9EUG_EMD-19969_C	18
9EUG_EMD-19969_E	9EUG_EMD-19969_E	26
9EUG_EMD-19969_F	9EUG_EMD-19969_F	2
9EUG_EMD-19969_H	9EUG_EMD-19969_H	1
9EUG_EMD-19969_L	9EUG_EMD-19969_L	15
9EUG_EMD-19969_M	9EUG_EMD-19969_M	16
9EUG_EMD-19969_P	9EUG_EMD-19969_P	37
9EUG_EMD-19969_R	9EUG_EMD-19969_R	13
9EVD_EMD-19999_A	9EVD_EMD-19999_A	0
9EVD_EMD-19999_B	9EVD_EMD-19999_B	0
9EVD_EMD-19999_C	9EVD_EMD-19999_C	0
9EVD_EMD-19999_D	9EVD_EMD-19999_D	0
9EVD_EMD-19999_E	9EVD_EMD-19999_E	0
9EVD_EMD-19999_F	9EVD_EMD-19999_F	0
9EVD_EMD-19999_G	9EVD_EMD-19999_G	0
9EVD_EMD-19999_H	9EVD_EMD-19999_H	0
9EVD_EMD-19999_I	9EVD_EMD-19999_I	0
9F5W_EMD-50201_A	9F5W_EMD-50201_A	16
9F5W_EMD-50201_B	9F5W_EMD-50201_B	18
9F5W_EMD-50201_C	9F5W_EMD-50201_C	0
9F5W_EMD-50201_D	9F5W_EMD-50201_D	2
9F5W_EMD-50201_E	9F5W_EMD-50201_E	0
9F5W_EMD-50201_F	9F5W_EMD-50201_F	0
9F62_EMD-50210_A	9F62_EMD-50210_A	1
9F62_EMD-50210_AA	9F62_EMD-50210_AA	0
9F62_EMD-50210_AB	9F62_EMD-50210_AB	0
9F62_EMD-50210_AC	9F62_EMD-50210_AC	0
9F62_EMD-50210_AD	9F62_EMD-50210_AD	1
9F62_EMD-50210_AG	9F62_EMD-50210_AG	0
9F62_EMD-50210_AH	9F62_EMD-50210_AH	0
9F62_EMD-50210_BA	9F62_EMD-50210_BA	0
9F62_EMD-50210_BB	9F62_EMD-50210_BB	0
9F62_EMD-50210_BC	9F62_EMD-50210_BC	0
9F62_EMD-50210_BD	9F62_EMD-50210_BD	0
9F62_EMD-50210_BG	9F62_EMD-50210_BG	0
9F62_EMD-50210_BH	9F62_EMD-50210_BH	1
9F62_EMD-50210_C	9F62_EMD-50210_C	1
9F62_EMD-50210_CB	9F62_EMD-50210_CB	0
9F62_EMD-50210_CC	9F62_EMD-50210_CC	0
9F62_EMD-50210_CD	9F62_EMD-50210_CD	0
9F62_EMD-50210_CG	9F62_EMD-50210_CG	1
9F62_EMD-50210_CH	9F62_EMD-50210_CH	0
9F62_EMD-50210_DB	9F62_EMD-50210_DB	0
9F62_EMD-50210_DC	9F62_EMD-50210_DC	0
9F62_EMD-50210_E	9F62_EMD-50210_E	0
9F62_EMD-50210_EB	9F62_EMD-50210_EB	0
9F62_EMD-50210_EC	9F62_EMD-50210_EC	0
9F62_EMD-50210_FB	9F62_EMD-50210_FB	1
9F62_EMD-50210_FC	9F62_EMD-50210_FC	1
9F62_EMD-50210_G	9F62_EMD-50210_G	0
9F62_EMD-50210_GB	9F62_EMD-50210_GB	0
9F62_EMD-50210_GC	9F62_EMD-50210_GC	0
9F62_EMD-50210_HB	9F62_EMD-50210_HB	0
9F62_EMD-50210_HC	9F62_EMD-50210_HC	0
9F62_EMD-50210_I	9F62_EMD-50210_I	0
9F62_EMD-50210_IB	9F62_EMD-50210_IB	0
9F62_EMD-50210_IC	9F62_EMD-50210_IC	0
9F62_EMD-50210_JB	9F62_EMD-50210_JB	0
9F62_EMD-50210_JC	9F62_EMD-50210_JC	0
9F62_EMD-50210_K	9F62_EMD-50210_K	0
9F62_EMD-50210_KB	9F62_EMD-50210_KB	0
9F62_EMD-50210_KC	9F62_EMD-50210_KC	0
9F62_EMD-50210_LB	9F62_EMD-50210_LB	0
9F62_EMD-50210_LC	9F62_EMD-50210_LC	0
9F62_EMD-50210_M	9F62_EMD-50210_M	0
9F62_EMD-50210_MB	9F62_EMD-50210_MB	0
9F62_EMD-50210_MC	9F62_EMD-50210_MC	0
9F62_EMD-50210_NB	9F62_EMD-50210_NB	0
9F62_EMD-50210_NC	9F62_EMD-50210_NC	0
9F62_EMD-50210_O	9F62_EMD-50210_O	0
9F62_EMD-50210_OB	9F62_EMD-50210_OB	0
9F62_EMD-50210_OC	9F62_EMD-50210_OC	0
9F62_EMD-50210_PB	9F62_EMD-50210_PB	0
9F62_EMD-50210_PC	9F62_EMD-50210_PC	0
9F62_EMD-50210_Q	9F62_EMD-50210_Q	0
9F62_EMD-50210_QB	9F62_EMD-50210_QB	0
9F62_EMD-50210_QC	9F62_EMD-50210_QC	0
9F62_EMD-50210_R	9F62_EMD-50210_R	0
9F62_EMD-50210_RB	9F62_EMD-50210_RB	0
9F62_EMD-50210_RC	9F62_EMD-50210_RC	0
9F62_EMD-50210_SB	9F62_EMD-50210_SB	0
9F62_EMD-50210_SC	9F62_EMD-50210_SC	0
9F62_EMD-50210_TB	9F62_EMD-50210_TB	0
9F62_EMD-50210_TC	9F62_EMD-50210_TC	0
9F62_EMD-50210_U	9F62_EMD-50210_U	0
9F62_EMD-50210_UB	9F62_EMD-50210_UB	0
9F62_EMD-50210_UC	9F62_EMD-50210_UC	0
9F62_EMD-50210_V	9F62_EMD-50210_V	0
9F62_EMD-50210_VB	9F62_EMD-50210_VB	0
9F62_EMD-50210_W	9F62_EMD-50210_W	0
9F62_EMD-50210_WB	9F62_EMD-50210_WB	0
9F62_EMD-50210_WC	9F62_EMD-50210_WC	0
9F62_EMD-50210_X	9F62_EMD-50210_X	0
9F62_EMD-50210_Y	9F62_EMD-50210_Y	0
9F62_EMD-50210_Z	9F62_EMD-50210_Z	0
9F6Z_EMD-17349_A	9F6Z_EMD-17349_A	29
9F9Q_EMD-16917_A	9F9Q_EMD-16917_A	13
9FCH_EMD-50314_A	9FCH_EMD-50314_A	9
9FNO_EMD-50600_C	9FNO_EMD-50600_C	0
9FNO_EMD-50600_D	9FNO_EMD-50600_D	18
9FNO_EMD-50600_E	9FNO_EMD-50600_E	70
9FO3_EMD-50615_A	9FO3_EMD-50615_A	9
9FQR_EMD-50664_A	9FQR_EMD-50664_A	0
9FQR_EMD-50664_AA	9FQR_EMD-50664_AA	0
9FQR_EMD-50664_AC	9FQR_EMD-50664_AC	0
9FQR_EMD-50664_AF	9FQR_EMD-50664_AF	0
9FQR_EMD-50664_AFB	9FQR_EMD-50664_AFB	0
9FQR_EMD-50664_AG	9FQR_EMD-50664_AG	0
9FQR_EMD-50664_AH	9FQR_EMD-50664_AH	0
9FQR_EMD-50664_AJ	9FQR_EMD-50664_AJ	0
9FQR_EMD-50664_AK	9FQR_EMD-50664_AK	0
9FQR_EMD-50664_AL	9FQR_EMD-50664_AL	0
9FQR_EMD-50664_AO	9FQR_EMD-50664_AO	0
9FQR_EMD-50664_AQ	9FQR_EMD-50664_AQ	0
9FQR_EMD-50664_AR	9FQR_EMD-50664_AR	0
9FQR_EMD-50664_AS	9FQR_EMD-50664_AS	0
9FQR_EMD-50664_AT	9FQR_EMD-50664_AT	0
9FQR_EMD-50664_AX	9FQR_EMD-50664_AX	0
9FQR_EMD-50664_B	9FQR_EMD-50664_B	0
9FQR_EMD-50664_BA	9FQR_EMD-50664_BA	0
9FQR_EMD-50664_BF	9FQR_EMD-50664_BF	0
9FQR_EMD-50664_BHA	9FQR_EMD-50664_BHA	0
9FQR_EMD-50664_BM	9FQR_EMD-50664_BM	0
9FQR_EMD-50664_BO	9FQR_EMD-50664_BO	0
9FQR_EMD-50664_BQ	9FQR_EMD-50664_BQ	0
9FQR_EMD-50664_BR	9FQR_EMD-50664_BR	0
9FQR_EMD-50664_BT	9FQR_EMD-50664_BT	0
9FQR_EMD-50664_BX	9FQR_EMD-50664_BX	0
9FQR_EMD-50664_BY	9FQR_EMD-50664_BY	0
9FQR_EMD-50664_CDA	9FQR_EMD-50664_CDA	0
9FQR_EMD-50664_CF	9FQR_EMD-50664_CF	0
9FQR_EMD-50664_CFB	9FQR_EMD-50664_CFB	0
9FQR_EMD-50664_CO	9FQR_EMD-50664_CO	0
9FQR_EMD-50664_CS	9FQR_EMD-50664_CS	0
9FQR_EMD-50664_CT	9FQR_EMD-50664_CT	0
9FQR_EMD-50664_CX	9FQR_EMD-50664_CX	0
9FQR_EMD-50664_CY	9FQR_EMD-50664_CY	0
9FQR_EMD-50664_DA	9FQR_EMD-50664_DA	0
9FQR_EMD-50664_DB	9FQR_EMD-50664_DB	0
9FQR_EMD-50664_DC	9FQR_EMD-50664_DC	0
9FQR_EMD-50664_DFB	9FQR_EMD-50664_DFB	0
9FQR_EMD-50664_DJ	9FQR_EMD-50664_DJ	0
9FQR_EMD-50664_DM	9FQR_EMD-50664_DM	0
9FQR_EMD-50664_DS	9FQR_EMD-50664_DS	0
9FQR_EMD-50664_DT	9FQR_EMD-50664_DT	0
9FQR_EMD-50664_DX	9FQR_EMD-50664_DX	0
9FQR_EMD-50664_DZ	9FQR_EMD-50664_DZ	0
9FQR_EMD-50664_EFB	9FQR_EMD-50664_EFB	0
9FQR_EMD-50664_EJ	9FQR_EMD-50664_EJ	0
9FQR_EMD-50664_EQ	9FQR_EMD-50664_EQ	0
9FQR_EMD-50664_ER	9FQR_EMD-50664_ER	0
9FQR_EMD-50664_FDB	9FQR_EMD-50664_FDB	0
9FQR_EMD-50664_FE	9FQR_EMD-50664_FE	0
9FQR_EMD-50664_FLA	9FQR_EMD-50664_FLA	0
9FQR_EMD-50664_FQ	9FQR_EMD-50664_FQ	0
9FQR_EMD-50664_FR	9FQR_EMD-50664_FR	0
9FQR_EMD-50664_FS	9FQR_EMD-50664_FS	0
9FQR_EMD-50664_FT	9FQR_EMD-50664_FT	0
9FQR_EMD-50664_GE	9FQR_EMD-50664_GE	0
9FQR_EMD-50664_GFB	9FQR_EMD-50664_GFB	0
9FQR_EMD-50664_GG	9FQR_EMD-50664_GG	0
9FQR_EMD-50664_GQ	9FQR_EMD-50664_GQ	0
9FQR_EMD-50664_GR	9FQR_EMD-50664_GR	0
9FQR_EMD-50664_GS	9FQR_EMD-50664_GS	0
9FQR_EMD-50664_HH	9FQR_EMD-50664_HH	0
9FQR_EMD-50664_HJ	9FQR_EMD-50664_HJ	0
9FQR_EMD-50664_HJA	9FQR_EMD-50664_HJA	0
9FQR_EMD-50664_HQ	9FQR_EMD-50664_HQ	0
9FQR_EMD-50664_HR	9FQR_EMD-50664_HR	0
9FQR_EMD-50664_HS	9FQR_EMD-50664_HS	0
9FQR_EMD-50664_HV	9FQR_EMD-50664_HV	0
9FQR_EMD-50664_IB	9FQR_EMD-50664_IB	0
9FQR_EMD-50664_IFB	9FQR_EMD-50664_IFB	0
9FQR_EMD-50664_IJA	9FQR_EMD-50664_IJA	0
9FQR_EMD-50664_IL	9FQR_EMD-50664_IL	0
9FQR_EMD-50664_IMA	9FQR_EMD-50664_IMA	0
9FQR_EMD-50664_IQ	9FQR_EMD-50664_IQ	0
9FQR_EMD-50664_JAA	9FQR_EMD-50664_JAA	0
9FQR_EMD-50664_JB	9FQR_EMD-50664_JB	0
9FQR_EMD-50664_JE	9FQR_EMD-50664_JE	0
9FQR_EMD-50664_JFB	9FQR_EMD-50664_JFB	0
9FQR_EMD-50664_JJA	9FQR_EMD-50664_JJA	0
9FQR_EMD-50664_JL	9FQR_EMD-50664_JL	0
9FQR_EMD-50664_JO	9FQR_EMD-50664_JO	0
9FQR_EMD-50664_JOA	9FQR_EMD-50664_JOA	0
9FQR_EMD-50664_JT	9FQR_EMD-50664_JT	0
9FQR_EMD-50664_JV	9FQR_EMD-50664_JV	0
9FQR_EMD-50664_KH	9FQR_EMD-50664_KH	0
9FQR_EMD-50664_KJA	9FQR_EMD-50664_KJA	0
9FQR_EMD-50664_KQ	9FQR_EMD-50664_KQ	0
9FQR_EMD-50664_KT	9FQR_EMD-50664_KT	0
9FQR_EMD-50664_KV	9FQR_EMD-50664_KV	0
9FQR_EMD-50664_LD	9FQR_EMD-50664_LD	0
9FQR_EMD-50664_LFB	9FQR_EMD-50664_LFB	0
9FQR_EMD-50664_LH	9FQR_EMD-50664_LH	0
9FQR_EMD-50664_LS	9FQR_EMD-50664_LS	0
9FQR_EMD-50664_LU	9FQR_EMD-50664_LU	0
9FQR_EMD-50664_LV	9FQR_EMD-50664_LV	0
9FQR_EMD-50664_LX	9FQR_EMD-50664_LX	0
9FQR_EMD-50664_MC	9FQR_EMD-50664_MC	0
9FQR_EMD-50664_MOA	9FQR_EMD-50664_MOA	0
9FQR_EMD-50664_NO	9FQR_EMD-50664_NO	0
9FQR_EMD-50664_NOA	9FQR_EMD-50664_NOA	0
9FQR_EMD-50664_OB	9FQR_EMD-50664_OB	0
9FQR_EMD-50664_OEB	9FQR_EMD-50664_OEB	0
9FQR_EMD-50664_OO	9FQR_EMD-50664_OO	0
9FQR_EMD-50664_OOA	9FQR_EMD-50664_OOA	0
9FQR_EMD-50664_OV	9FQR_EMD-50664_OV	0
9FQR_EMD-50664_OX	9FQR_EMD-50664_OX	0
9FQR_EMD-50664_PE	9FQR_EMD-50664_PE	0
9FQR_EMD-50664_PU	9FQR_EMD-50664_PU	0
9FQR_EMD-50664_QEB	9FQR_EMD-50664_QEB	0
9FQR_EMD-50664_QOA	9FQR_EMD-50664_QOA	0
9FQR_EMD-50664_QU	9FQR_EMD-50664_QU	0
9FQR_EMD-50664_RD	9FQR_EMD-50664_RD	0
9FQR_EMD-50664_REB	9FQR_EMD-50664_REB	0
9FQR_EMD-50664_RJ	9FQR_EMD-50664_RJ	0
9FQR_EMD-50664_ROA	9FQR_EMD-50664_ROA	0
9FQR_EMD-50664_RS	9FQR_EMD-50664_RS	0
9FQR_EMD-50664_SEB	9FQR_EMD-50664_SEB	0
9FQR_EMD-50664_SGB	9FQR_EMD-50664_SGB	0
9FQR_EMD-50664_SLA	9FQR_EMD-50664_SLA	0
9FQR_EMD-50664_SOA	9FQR_EMD-50664_SOA	0
9FQR_EMD-50664_SS	9FQR_EMD-50664_SS	0
9FQR_EMD-50664_TEB	9FQR_EMD-50664_TEB	0
9FQR_EMD-50664_TS	9FQR_EMD-50664_TS	0
9FQR_EMD-50664_TZ	9FQR_EMD-50664_TZ	0
9FQR_EMD-50664_UDA	9FQR_EMD-50664_UDA	0
9FQR_EMD-50664_UEB	9FQR_EMD-50664_UEB	0
9FQR_EMD-50664_V	9FQR_EMD-50664_V	0
9FQR_EMD-50664_VEB	9FQR_EMD-50664_VEB	0
9FQR_EMD-50664_VL	9FQR_EMD-50664_VL	0
9FQR_EMD-50664_VN	9FQR_EMD-50664_VN	0
9FQR_EMD-50664_W	9FQR_EMD-50664_W	0
9FQR_EMD-50664_WGB	9FQR_EMD-50664_WGB	0
9FQR_EMD-50664_WO	9FQR_EMD-50664_WO	0
9FQR_EMD-50664_X	9FQR_EMD-50664_X	0
9FQR_EMD-50664_XEB	9FQR_EMD-50664_XEB	0
9FQR_EMD-50664_XQ	9FQR_EMD-50664_XQ	0
9FQR_EMD-50664_XU	9FQR_EMD-50664_XU	0
9FQR_EMD-50664_YEB	9FQR_EMD-50664_YEB	0
9FQR_EMD-50664_YZ	9FQR_EMD-50664_YZ	0
9FQR_EMD-50664_ZI	9FQR_EMD-50664_ZI	0
9FQR_EMD-50664_ZU	9FQR_EMD-50664_ZU	0
9FQR_EMD-50664_ZX	9FQR_EMD-50664_ZX	0
9FQR_EMD-50664_ZZ	9FQR_EMD-50664_ZZ	0
9FTM_EMD-50749_A	9FTM_EMD-50749_A	0
9G3Y_EMD-51018_A	9G3Y_EMD-51018_A	4
9G3Y_EMD-51018_L	9G3Y_EMD-51018_L	8
9G3Y_EMD-51018_Q	9G3Y_EMD-51018_Q	0
9G69_EMD-51096_A	9G69_EMD-51096_A	16
9G69_EMD-51096_C	9G69_EMD-51096_C	7
9G93_EMD-45459_A	9G93_EMD-45459_A	60
9GA2_EMD-51169_A	9GA2_EMD-51169_A	32
9GE8_EMD-51293_A	9GE8_EMD-51293_A	22
9GE8_EMD-51293_B	9GE8_EMD-51293_B	12
9GE8_EMD-51293_D	9GE8_EMD-51293_D	0
9GKO_EMD-51431_A	9GKO_EMD-51431_A	12
9GNH_EMD-51470_A	9GNH_EMD-51470_A	34
9GSX_EMD-51557_A	9GSX_EMD-51557_A	48
9GSX_EMD-51557_L	9GSX_EMD-51557_L	22
9GSX_EMD-51557_W	9GSX_EMD-51557_W	40
9GVG_EMD-51635_A	9GVG_EMD-51635_A	0
9GVG_EMD-51635_B	9GVG_EMD-51635_B	0
9GVG_EMD-51635_C	9GVG_EMD-51635_C	0
9H2A_EMD-51791_E	9H2A_EMD-51791_E	16
9H2A_EMD-51791_F	9H2A_EMD-51791_F	31
9H2A_EMD-51791_G	9H2A_EMD-51791_G	13
9H2A_EMD-51791_I	9H2A_EMD-51791_I	2
9H2A_EMD-51791_L	9H2A_EMD-51791_L	18
9H2J_EMD-51808_N	9H2J_EMD-51808_N	0
9H2J_EMD-51808_O	9H2J_EMD-51808_O	5
9H4I_EMD-51852_A	9H4I_EMD-51852_A	40
9H9P_EMD-21985_A	9H9P_EMD-21985_A	0
9HGE_EMD-52134_A	9HGE_EMD-52134_A	6
9HHL_EMD-52171_B	9HHL_EMD-52171_B	22
9HHL_EMD-52171_MA	9HHL_EMD-52171_MA	0
9HHL_EMD-52171_Q	9HHL_EMD-52171_Q	3
9HHL_EMD-52171_W	9HHL_EMD-52171_W	25
9HHL_EMD-52171_X	9HHL_EMD-52171_X	0
9HMF_EMD-16724_A	9HMF_EMD-16724_A	0
9HMF_EMD-16724_E	9HMF_EMD-16724_E	0
9HMF_EMD-16724_F	9HMF_EMD-16724_F	0
9HMF_EMD-16724_G	9HMF_EMD-16724_G	0
9HMF_EMD-16724_N	9HMF_EMD-16724_N	0
9HMF_EMD-16724_Q	9HMF_EMD-16724_Q	0
9HQ7_EMD-52340_A	9HQ7_EMD-52340_A	1
9I1I_EMD-52570_A	9I1I_EMD-52570_A	90
9I3O_EMD-52602_A	9I3O_EMD-52602_A	2
9I8N_EMD-52730_A	9I8N_EMD-52730_A	6
9I8N_EMD-52730_B	9I8N_EMD-52730_B	2
9I8N_EMD-52730_J	9I8N_EMD-52730_J	6
9I8N_EMD-52730_L	9I8N_EMD-52730_L	4
9I8N_EMD-52730_MA	9I8N_EMD-52730_MA	0
9I8N_EMD-52730_U	9I8N_EMD-52730_U	0
9IJJ_EMD-60633_A	9IJJ_EMD-60633_A	0
9IJJ_EMD-60633_AL	9IJJ_EMD-60633_AL	0
9IJJ_EMD-60633_AM	9IJJ_EMD-60633_AM	0
9IJJ_EMD-60633_AO	9IJJ_EMD-60633_AO	0
9IJJ_EMD-60633_AP	9IJJ_EMD-60633_AP	0
9IJJ_EMD-60633_B	9IJJ_EMD-60633_B	0
9IJJ_EMD-60633_BA	9IJJ_EMD-60633_BA	0
9IJJ_EMD-60633_BP	9IJJ_EMD-60633_BP	0
9IJJ_EMD-60633_CO	9IJJ_EMD-60633_CO	0
9IJJ_EMD-60633_CP	9IJJ_EMD-60633_CP	0
9IJJ_EMD-60633_DA	9IJJ_EMD-60633_DA	0
9IJJ_EMD-60633_FA	9IJJ_EMD-60633_FA	0
9IJJ_EMD-60633_FN	9IJJ_EMD-60633_FN	0
9IJJ_EMD-60633_G	9IJJ_EMD-60633_G	0
9IJJ_EMD-60633_GA	9IJJ_EMD-60633_GA	0
9IJJ_EMD-60633_HA	9IJJ_EMD-60633_HA	0
9IJJ_EMD-60633_IP	9IJJ_EMD-60633_IP	0
9IJJ_EMD-60633_IQ	9IJJ_EMD-60633_IQ	0
9IJJ_EMD-60633_J	9IJJ_EMD-60633_J	0
9IJJ_EMD-60633_JA	9IJJ_EMD-60633_JA	0
9IJJ_EMD-60633_KP	9IJJ_EMD-60633_KP	0
9IJJ_EMD-60633_LO	9IJJ_EMD-60633_LO	0
9IJJ_EMD-60633_LP	9IJJ_EMD-60633_LP	0
9IJJ_EMD-60633_MN	9IJJ_EMD-60633_MN	0
9IJJ_EMD-60633_NO	9IJJ_EMD-60633_NO	0
9IJJ_EMD-60633_O	9IJJ_EMD-60633_O	0
9IJJ_EMD-60633_R	9IJJ_EMD-60633_R	0
9IJJ_EMD-60633_RQ	9IJJ_EMD-60633_RQ	0
9IJJ_EMD-60633_SO	9IJJ_EMD-60633_SO	0
9IJJ_EMD-60633_T	9IJJ_EMD-60633_T	0
9IJJ_EMD-60633_TA	9IJJ_EMD-60633_TA	0
9IJJ_EMD-60633_UQ	9IJJ_EMD-60633_UQ	0
9IJJ_EMD-60633_VQ	9IJJ_EMD-60633_VQ	0
9IJJ_EMD-60633_W	9IJJ_EMD-60633_W	0
9IJJ_EMD-60633_Y	9IJJ_EMD-60633_Y	0
9ILV_EMD-60675_A	9ILV_EMD-60675_A	8
9ITR_EMD-60876_A	9ITR_EMD-60876_A	0
9ITR_EMD-60876_K	9ITR_EMD-60876_K	0
9ITR_EMD-60876_M	9ITR_EMD-60876_M	0
9JCT_EMD-61374_A	9JCT_EMD-61374_A	5
9JS6_EMD-61767_B	9JS6_EMD-61767_B	0
9JS6_EMD-61767_G	9JS6_EMD-61767_G	0
9JS6_EMD-61767_H	9JS6_EMD-61767_H	0
9K6V_EMD-62137_A	9K6V_EMD-62137_A	22
9KHT_EMD-62354_I	9KHT_EMD-62354_I	0
9KHT_EMD-62354_J	9KHT_EMD-62354_J	0
9KYV_EMD-61452_A	9KYV_EMD-61452_A	0
9KYW_EMD-61461_B	9KYW_EMD-61461_B	18
9L4F_EMD-62812_A	9L4F_EMD-62812_A	5
9L4F_EMD-62812_C	9L4F_EMD-62812_C	0
9L8P_EMD-62702_A	9L8P_EMD-62702_A	23
9L8P_EMD-62702_O	9L8P_EMD-62702_O	13
9LHX_EMD-63107_A	9LHX_EMD-63107_A	0
9LWO_EMD-63452_A	9LWO_EMD-63452_A	4
9LWO_EMD-63452_B	9LWO_EMD-63452_B	0
9LWO_EMD-63452_C	9LWO_EMD-63452_C	0
9LX0_EMD-63464_B	9LX0_EMD-63464_B	47
9LX0_EMD-63464_C	9LX0_EMD-63464_C	8
9M7Z_EMD-63698_C	9M7Z_EMD-63698_C	17
9M7Z_EMD-63698_E	9M7Z_EMD-63698_E	0
9M7Z_EMD-63698_F	9M7Z_EMD-63698_F	0
9MDJ_EMD-48172_A	9MDJ_EMD-48172_A	37
9MDN_EMD-48174_D	9MDN_EMD-48174_D	0
9MET_EMD-48219_A	9MET_EMD-48219_A	17
9MET_EMD-48219_E	9MET_EMD-48219_E	0
9MET_EMD-48219_F	9MET_EMD-48219_F	0
9MHH_EMD-48278_E	9MHH_EMD-48278_E	10
9MOI_EMD-48467_I	9MOI_EMD-48467_I	0
9MRM_EMD-48559_A	9MRM_EMD-48559_A	16
9MRM_EMD-48559_E	9MRM_EMD-48559_E	5
9N1I_EMD-48813_A	9N1I_EMD-48813_A	24
9N5K_EMD-48924_A	9N5K_EMD-48924_A	73
9N5K_EMD-48924_B	9N5K_EMD-48924_B	0
9NA9_EMD-49183_A	9NA9_EMD-49183_A	0
9NA9_EMD-49183_B	9NA9_EMD-49183_B	0
9NA9_EMD-49183_C	9NA9_EMD-49183_C	0
9NBB_EMD-49225_A	9NBB_EMD-49225_A	0
9NBB_EMD-49225_C	9NBB_EMD-49225_C	0
9NBB_EMD-49225_E	9NBB_EMD-49225_E	0
9NBB_EMD-49225_F	9NBB_EMD-49225_F	0
9NG2_EMD-49380_G	9NG2_EMD-49380_G	0
9NG2_EMD-49380_J	9NG2_EMD-49380_J	0
9NG2_EMD-49380_K	9NG2_EMD-49380_K	1
9NG2_EMD-49380_L	9NG2_EMD-49380_L	0
9NH0_EMD-49398_A	9NH0_EMD-49398_A	0
9NH0_EMD-49398_AE	9NH0_EMD-49398_AE	0
9NH0_EMD-49398_B	9NH0_EMD-49398_B	0
9NH0_EMD-49398_BE	9NH0_EMD-49398_BE	0
9NH0_EMD-49398_C	9NH0_EMD-49398_C	0
9NH0_EMD-49398_D	9NH0_EMD-49398_D	0
9NJT_EMD-49490_A	9NJT_EMD-49490_A	13
9NRX_EMD-49740_A	9NRX_EMD-49740_A	0
9NRX_EMD-49740_G	9NRX_EMD-49740_G	34
9NRY_EMD-49741_C	9NRY_EMD-49741_C	0
9NRY_EMD-49741_G	9NRY_EMD-49741_G	36
9NTM_EMD-49760_A	9NTM_EMD-49760_A	0
9NTT_EMD-49762_A	9NTT_EMD-49762_A	4
9NTT_EMD-49762_B	9NTT_EMD-49762_B	12
9NV0_EMD-49825_A	9NV0_EMD-49825_A	15
9NVD_EMD-49833_A	9NVD_EMD-49833_A	14
9NVJ_EMD-49837_A	9NVJ_EMD-49837_A	0
9NXP_EMD-49910_A	9NXP_EMD-49910_A	18
9O13_EMD-49996_A	9O13_EMD-49996_A	0
9OT2_EMD-70819_A	9OT2_EMD-70819_A	17
9PD1_EMD-71523_G	9PD1_EMD-71523_G	0
9PD1_EMD-71523_H	9PD1_EMD-71523_H	0
9PD1_EMD-71523_K	9PD1_EMD-71523_K	0
9PZM_EMD-72072_A	9PZM_EMD-72072_A	0
9PZM_EMD-72072_B	9PZM_EMD-72072_B	0
9PZM_EMD-72072_D	9PZM_EMD-72072_D	0
9PZM_EMD-72072_F	9PZM_EMD-72072_F	0
9PZM_EMD-72072_G	9PZM_EMD-72072_G	0
9Q6D_EMD-72267_A	9Q6D_EMD-72267_A	4
9QE0_EMD-53035_A	9QE0_EMD-53035_A	38
9QE0_EMD-53035_C	9QE0_EMD-53035_C	0
9QE0_EMD-53035_D	9QE0_EMD-53035_D	15
9QEJ_EMD-0366_B	9QEJ_EMD-0366_B	0
9QF0_EMD-0367_A	9QF0_EMD-0367_A	0
9QF0_EMD-0367_B	9QF0_EMD-0367_B	0
9QF9_EMD-53102_A	9QF9_EMD-53102_A	24
9QGO_EMD-53140_A	9QGO_EMD-53140_A	0
9QGO_EMD-53140_D	9QGO_EMD-53140_D	0
9QPQ_EMD-53278_A	9QPQ_EMD-53278_A	1
9QPQ_EMD-53278_C	9QPQ_EMD-53278_C	0
9QPQ_EMD-53278_E	9QPQ_EMD-53278_E	2
9QPQ_EMD-53278_G	9QPQ_EMD-53278_G	2
9QPQ_EMD-53278_K	9QPQ_EMD-53278_K	0
9QPQ_EMD-53278_L	9QPQ_EMD-53278_L	9
9QPQ_EMD-53278_O	9QPQ_EMD-53278_O	0
9QQ6_EMD-53294_A	9QQ6_EMD-53294_A	21
9QQ6_EMD-53294_C	9QQ6_EMD-53294_C	12
9QQR_EMD-53312_A	9QQR_EMD-53312_A	7
9QTU_EMD-53362_A	9QTU_EMD-53362_A	16
9QTU_EMD-53362_C	9QTU_EMD-53362_C	35
9QVM_EMD-53399_UA	9QVM_EMD-53399_UA	0
9QVN_EMD-53400_I	9QVN_EMD-53400_I	6
9QWZ_EMD-53431_A	9QWZ_EMD-53431_A	0
9QWZ_EMD-53431_B	9QWZ_EMD-53431_B	45
9QX2_EMD-53434_A	9QX2_EMD-53434_A	0
9R3E_EMD-53555_A	9R3E_EMD-53555_A	0
9R7E_EMD-53305_A	9R7E_EMD-53305_A	1
9RMX_EMD-54071_A	9RMX_EMD-54071_A	10
9RMX_EMD-54071_M	9RMX_EMD-54071_M	0
9RPD_EMD-54161_A	9RPD_EMD-54161_A	16
9RPD_EMD-54161_B	9RPD_EMD-54161_B	18
9RPD_EMD-54161_C	9RPD_EMD-54161_C	16
9SZR_EMD-55382_A	9SZR_EMD-55382_A	31
9T32_EMD-55480_A	9T32_EMD-55480_A	0
9T32_EMD-55480_B	9T32_EMD-55480_B	0
9T32_EMD-55480_C	9T32_EMD-55480_C	12
9T32_EMD-55480_D	9T32_EMD-55480_D	10
9T32_EMD-55480_I	9T32_EMD-55480_I	9
9U6M_EMD-63913_A	9U6M_EMD-63913_A	0
9U6M_EMD-63913_B	9U6M_EMD-63913_B	0
9VKS_EMD-65141_A	9VKS_EMD-65141_A	0
9Y5Q_EMD-72519_A	9Y5Q_EMD-72519_A	0
rep_fasta_id	rep_fasta_id	-1
